config,residual,setup_time,solve_time
AMG_CLASSICAL_AGGRESSIVE_CHEB_L1_TRUNC,4.7993319772075776e-11,2.375817138671875,4.06462548828125
AMG_CLASSICAL_AGGRESSIVE_L1_TRUNC__MOD_PCG,4.1757769006837486e-11,2.3728544921875,3.209092529296875
AMG_CLASSICAL_AGGRESSIVE_L1__MOD_PCG,3.612748873556326e-11,2.45286669921875,2.792076171875
AMG_CLASSICAL_L1_TRUNC__MOD_PCG,3.948689683979711e-11,4.327482421875,4.1285263671875
AMG_CLASSICAL_PMIS__MOD_PCG,4.1757769006837486e-11,2.375387451171875,3.210779541015625
FGMRES_CLASSICAL_AGGRESSIVE_PMIS__MOD_PCG,4.1757769006837486e-11,2.375020751953125,3.21126708984375
GMRES_AMG_D2__MOD_PCG,3.350606304064725e-11,2.207325927734375,5.271732421875
