config,residual,setup_time,solve_time
AMG_CLASSICAL_AGGRESSIVE_CHEB_L1_TRUNC,3.314621027336889e-11,0.7863298950195312,1.2922630615234374
AMG_CLASSICAL_AGGRESSIVE_L1_TRUNC__MOD_PCG,5.2368860608732323e-11,0.7852615966796875,0.967131591796875
AMG_CLASSICAL_AGGRESSIVE_L1__MOD_PCG,4.1638741900112424e-11,0.7754324340820312,0.8530235595703125
AMG_CLASSICAL_L1_TRUNC__MOD_PCG,3.817748198649312e-11,1.1264471435546874,0.8575531616210937
AMG_CLASSICAL_PMIS__MOD_PCG,4.4044899739082234e-11,0.7855853881835938,0.9683562622070313
FGMRES_CLASSICAL_AGGRESSIVE_PMIS__MOD_PCG,5.2368860608732323e-11,0.785218505859375,0.96917236328125
GMRES_AMG_D2__MOD_PCG,2.2277603880635087e-11,0.5302772216796875,1.0652716064453125
