datetime,test case,p,mesh family,fine m,solvers m,coarse m,solver,random rhs,solution warmup steps,solution measurement steps,solution repetitions,DoFs,matrix nnz,metadata,residual norm,setup metadata,solve times,matrix and DOF map copy times,matrix permute times,solver setup times,rhs copy and permute times,solution permute and copy times,exception
2026-10-05T09:02:15.013745+00:00,continuous coefficient 2D,1,"uniform(2D,10)",S10,S8,S8,"CG(AdditiveSchwarz(torch.float64, Inv(), CUDSS, const_dofs_per_coarse=False), bsr_matmul=True)",False,0,1,10,6291456,75460608,"{'iterations': 75, 'residual norms': [0.108308620567285, 8.14931047356424, 7.195734198156685, 9.681899406212292, 4.784541086369584, 2.425537953471738, 2.278062826287285, 0.9731234758786883, 0.528312974707938, 0.2837187151421426, 0.17098676358349965, 0.10482608537238554, 0.05590510897400763, 0.044595816342772376, 0.046404752383577136, 0.03395664795098442, 0.019086900185095918, 0.01095062695549945, 0.009213664032727237, 0.007705816245655673, 0.008362611191406367, 0.00935528276961559, 0.0047518298869850826, 0.0022705277963958113, 0.0011886312296597904, 0.0006912962839848709, 0.0004145576648884917, 0.00034180129340179004, 0.00027860169341080394, 0.0001759814820096357, 0.00013929289249323487, 0.00012066335669953816, 0.0001360444173752118, 0.00010182455100923042, 7.97750751207019e-05, 4.82725375277707e-05, 2.4566539400236985e-05, 1.8569674454843057e-05, 1.2894420096672164e-05, 8.187059451132903e-06, 6.805824936298739e-06, 5.2242110157836644e-06, 4.22504559801543e-06, 2.6978366028383325e-06, 1.3012959823586725e-06, 1.2893163405434801e-06, 1.0859221536142243e-06, 8.959231068907076e-07, 7.965164090347054e-07, 6.303357963087487e-07, 4.616729951072315e-07, 4.712292969982681e-07, 2.562783676927341e-07, 1.206282116253218e-07, 7.08488428618878e-08, 4.6659843350698006e-08, 3.3538349933603004e-08, 2.5478857307199368e-08, 2.046803554449562e-08, 1.502659962759998e-08, 1.3392231667203028e-08, 1.1066052990960315e-08, 8.935676118082372e-09, 6.912480217870181e-09, 4.521218062768073e-09, 4.2025119830672965e-09, 2.8223789971141323e-09, 2.760841591869017e-09, 2.074957616538792e-09, 1.1278061591932693e-09, 5.494121247091579e-10, 4.979319938248594e-10, 2.785005312237382e-10, 1.6814216737182083e-10, 1.255387883784314e-10, 1.0103220482764522e-10], 'preconditioner metadata': [{}, {}, {}, {}, {}, {}, {}, {}, {}, {}, {}, {}, {}, {}, {}, {}, {}, {}, {}, {}, {}, {}, {}, {}, {}, {}, {}, {}, {}, {}, {}, {}, {}, {}, {}, {}, {}, {}, {}, {}, {}, {}, {}, {}, {}, {}, {}, {}, {}, {}, {}, {}, {}, {}, {}, {}, {}, {}, {}, {}, {}, {}, {}, {}, {}, {}, {}, {}, {}, {}, {}, {}, {}, {}, {}]}",1.010584079862834e-10,,"[3503.956787109375, 291.8312683105469, 291.5843505859375, 291.94476318359375, 291.4272766113281, 294.5252990722656, 291.4936828613281, 291.2334899902344, 291.1265869140625, 296.28509521484375]",[53.828670501708984],[854.8494873046875],[1401.7620849609375],[15.543007850646973],[3.4438719749450684],
2026-10-05T09:02:20.671962+00:00,continuous coefficient 2D,1,"uniform(2D,10)",S10,S8,S8,"CG(HybridSchwarz(torch.float64, Inv(), CUDSS), bsr_matmul=True)",False,0,1,10,6291456,75460608,"{'iterations': 61, 'residual norms': [8.147288316937153, 7.300074285317337, 7.04749907200976, 2.2986403840204224, 2.0211611872745134, 0.8229509164243748, 0.3488871650703087, 0.16931618277318372, 0.08365507397470091, 0.05134845083865586, 0.04487120099010197, 0.040974649004644766, 0.02108072484822383, 0.01445369594836609, 0.008069573272597693, 0.008544055252975772, 0.006725343868195117, 0.0026349259272306163, 0.0017775416344293154, 0.001151367124367832, 0.000714208010854993, 0.00041485499806143215, 0.00030597993723421743, 0.0003520614325785851, 0.00023488951511724422, 0.00012195389031512963, 5.8235405017432645e-05, 3.7949562857860206e-05, 3.2662355378827847e-05, 2.4669736463691233e-05, 1.1588459656205617e-05, 8.452901477688585e-06, 6.758381531083384e-06, 4.810161537143504e-06, 3.916237057030018e-06, 2.5633574504863794e-06, 1.7358474218224594e-06, 8.972287720399753e-07, 5.550822617563389e-07, 3.7428315655534895e-07, 2.46222873622318e-07, 1.931579634914323e-07, 1.7137696744492227e-07, 1.0025123982251064e-07, 6.327513906080359e-08, 4.8179610695453814e-08, 4.048432857339602e-08, 2.4976572510816217e-08, 1.3670848374814827e-08, 1.0293248392436361e-08, 5.166169072864998e-09, 3.624103146612324e-09, 2.900066984125217e-09, 2.228092313206096e-09, 1.7804250862441602e-09, 1.3541181582657016e-09, 5.908667081490182e-10, 4.324152737220435e-10, 3.3904514205387917e-10, 2.4552718139691654e-10, 1.3475374541584185e-10, 8.8782777522025e-11], 'preconditioner metadata': [{}, {}, {}, {}, {}, {}, {}, {}, {}, {}, {}, {}, {}, {}, {}, {}, {}, {}, {}, {}, {}, {}, {}, {}, {}, {}, {}, {}, {}, {}, {}, {}, {}, {}, {}, {}, {}, {}, {}, {}, {}, {}, {}, {}, {}, {}, {}, {}, {}, {}, {}, {}, {}, {}, {}, {}, {}, {}, {}, {}, {}]}",8.880792602336459e-11,,"[701.6551513671875, 250.5048370361328, 251.17324829101562, 250.6231689453125, 250.8583984375, 250.63623046875, 250.50738525390625, 250.65679931640625, 250.5908203125, 250.59237670898438]",[307.1745300292969],[734.0416870117188],[1259.009033203125],[3.6176960468292236],[3.4000959396362305],
2026-10-05T09:02:25.647245+00:00,continuous coefficient 2D,1,"uniform(2D,10)",S10,S8,S8,"CG(AdditiveSchwarz(torch.float64, Inv(torch.float32), CUDSS, const_dofs_per_coarse=False), bsr_matmul=True)",False,0,1,10,6291456,75460608,"{'iterations': 75, 'residual norms': [0.108308620567285, 8.14931047356845, 7.195734198949441, 9.681899407252857, 4.784541089153012, 2.4255379537587163, 2.2780628256037496, 0.9731234769238876, 0.5283129742477408, 0.28371871514608815, 0.17098676355354006, 0.10482608529411076, 0.055905108966772095, 0.04459581594049451, 0.04640475224489305, 0.033956647452333344, 0.019086900046703992, 0.010950627069481652, 0.009213664406525003, 0.007705816117996508, 0.008362611137236305, 0.009355283576731202, 0.004751830744828131, 0.0022705281300265186, 0.0011886313814106467, 0.0006912963479011985, 0.00041455771765779443, 0.00034180130100372545, 0.00027860171662697473, 0.00017598150076614537, 0.0001392929010896148, 0.00012066335994865264, 0.0001360444301757354, 0.00010182455847877383, 7.977508560840786e-05, 4.8272545330744254e-05, 2.4566541363410526e-05, 1.8569677862540562e-05, 1.2894421415371444e-05, 8.187060268612097e-06, 6.80582508484607e-06, 5.2242113447436275e-06, 4.225046109722284e-06, 2.6978370323308425e-06, 1.301296151300668e-06, 1.2893162367628293e-06, 1.0859222015790777e-06, 8.959231417393406e-07, 7.96516420247247e-07, 6.30335875518688e-07, 4.616729650008763e-07, 4.7122929165083453e-07, 2.562784001010689e-07, 1.2062823049912533e-07, 7.084884268254981e-08, 4.6659843201130013e-08, 3.3538352092086125e-08, 2.5478857447100005e-08, 2.046803515057042e-08, 1.502660032630502e-08, 1.3392232121904801e-08, 1.1066052445643493e-08, 8.935676354224549e-09, 6.912480201734839e-09, 4.521218053017551e-09, 4.202511697312799e-09, 2.822378794702618e-09, 2.760841330652628e-09, 2.07495771860985e-09, 1.1278061693659213e-09, 5.49412124949446e-10, 4.979319587988332e-10, 2.78500573174224e-10, 1.6814217121405598e-10, 1.2553878862705397e-10, 1.0103219903194218e-10], 'preconditioner metadata': [{}, {}, {}, {}, {}, {}, {}, {}, {}, {}, {}, {}, {}, {}, {}, {}, {}, {}, {}, {}, {}, {}, {}, {}, {}, {}, {}, {}, {}, {}, {}, {}, {}, {}, {}, {}, {}, {}, {}, {}, {}, {}, {}, {}, {}, {}, {}, {}, {}, {}, {}, {}, {}, {}, {}, {}, {}, {}, {}, {}, {}, {}, {}, {}, {}, {}, {}, {}, {}, {}, {}, {}, {}, {}, {}]}",1.0105845038595528e-10,,"[384.5625, 242.580322265625, 242.53021240234375, 242.50559997558594, 242.66770935058594, 242.3206329345703, 242.27308654785156, 242.37338256835938, 242.37379455566406, 242.4040985107422]",[294.26556396484375],[739.0082397460938],[1056.15869140625],[2.864000082015991],[2.989759922027588],
2026-10-05T09:02:30.390066+00:00,continuous coefficient 2D,1,"uniform(2D,10)",S10,S8,S8,"CG(HybridSchwarz(torch.float64, Inv(torch.float32), CUDSS), bsr_matmul=True)",False,0,1,10,6291456,75460608,"{'iterations': 61, 'residual norms': [8.147288316937155, 7.3000742859400605, 7.047499075225402, 2.2986403860839815, 2.0211611872234148, 0.8229509173765328, 0.34888716532338965, 0.16931618301150334, 0.08365507411570394, 0.05134845106784106, 0.044871201190967054, 0.04097464925860183, 0.021080725006858987, 0.014453695675171062, 0.008069573165390682, 0.00854405509585965, 0.006725343461753648, 0.002634925399658459, 0.0017775414851476342, 0.0011513670548243815, 0.0007142079925130941, 0.0004148549893992481, 0.0003059799129167971, 0.000352061433950518, 0.0002348894922934927, 0.00012195387942518582, 5.8235399866118455e-05, 3.794956162234472e-05, 3.266235462341416e-05, 2.4669736220885915e-05, 1.158845963292416e-05, 8.452901187920701e-06, 6.758381243475243e-06, 4.810161506305097e-06, 3.916237220542568e-06, 2.563357560364242e-06, 1.735847353028379e-06, 8.972287674191117e-07, 5.550822526475981e-07, 3.74283152277678e-07, 2.46222866112969e-07, 1.931579443266761e-07, 1.7137694983311896e-07, 1.002512225183046e-07, 6.327513570448645e-08, 4.817960859361851e-08, 4.0484325848356365e-08, 2.4976568213700858e-08, 1.3670846165660283e-08, 1.0293246550493028e-08, 5.1661686330529e-09, 3.6241028743120728e-09, 2.900066882205029e-09, 2.2280923275240356e-09, 1.7804251290375506e-09, 1.3541182294532426e-09, 5.908667319283587e-10, 4.324152431659135e-10, 3.390451399443243e-10, 2.455271822593409e-10, 1.34753742401051e-10, 8.878277251816244e-11], 'preconditioner metadata': [{}, {}, {}, {}, {}, {}, {}, {}, {}, {}, {}, {}, {}, {}, {}, {}, {}, {}, {}, {}, {}, {}, {}, {}, {}, {}, {}, {}, {}, {}, {}, {}, {}, {}, {}, {}, {}, {}, {}, {}, {}, {}, {}, {}, {}, {}, {}, {}, {}, {}, {}, {}, {}, {}, {}, {}, {}, {}, {}, {}, {}]}",8.880947946232093e-11,,"[263.937255859375, 210.25753784179688, 210.2406005859375, 210.10060119628906, 210.12313842773438, 216.2222442626953, 209.85113525390625, 210.07049560546875, 209.9812774658203, 210.06153869628906]",[306.0387878417969],[753.0306396484375],[1165.318115234375],[16.799327850341797],[3.453632116317749],
2026-10-05T09:02:35.188047+00:00,continuous coefficient 2D,1,"uniform(2D,10)",S10,S8,S8,"CG(AdditiveSchwarz(torch.float64, Inv(torch.float16), CUDSS, const_dofs_per_coarse=False), bsr_matmul=True)",False,0,1,10,6291456,75460608,"{'iterations': 75, 'residual norms': [0.108308620567285, 8.149310494268603, 7.19573691322331, 9.68190502392365, 4.784540870442434, 2.4255415265876747, 2.278067539965898, 0.97315355793795, 0.5283356339223071, 0.2837353150278288, 0.171026544340652, 0.10486081693464158, 0.055943282476329875, 0.04476715099465172, 0.04615758740123681, 0.034330325509555, 0.019372527902967895, 0.010974076485871377, 0.009343270673098418, 0.007618918524775324, 0.008312369067456868, 0.009456684713661305, 0.004869282823453385, 0.002307499391166443, 0.001204324618061452, 0.0006970807741038691, 0.0004197392874981499, 0.00034122943665662294, 0.00028047818116080204, 0.0001776057321516603, 0.00013962404590229667, 0.00012021186986848718, 0.0001363552011196632, 0.00010212847158654036, 8.070796664783817e-05, 4.8991653948842315e-05, 2.4753858197601686e-05, 1.884141186298753e-05, 1.2992830520816111e-05, 8.254205575247327e-06, 6.813669921353497e-06, 5.253444346042263e-06, 4.267207877273331e-06, 2.732036123182725e-06, 1.317391138301445e-06, 1.2788061621734754e-06, 1.090051498118965e-06, 8.986387556642882e-07, 7.975237399512929e-07, 6.39733460511043e-07, 4.597838692671331e-07, 4.7310145714059107e-07, 2.6203047620348273e-07, 1.244475428988271e-07, 7.133561551473977e-08, 4.730331448930913e-08, 3.3915392060829845e-08, 2.55876639099829e-08, 2.0686434923659697e-08, 1.5068796593736776e-08, 1.3482555968480144e-08, 1.1052224311155345e-08, 9.013238447766108e-09, 6.950787916640481e-09, 4.5858421535366295e-09, 4.1833549031939776e-09, 2.860044232592281e-09, 2.7443526599728372e-09, 2.1122500662169086e-09, 1.1632787860117957e-09, 5.564580771065162e-10, 4.996355153984782e-10, 2.8846750177356107e-10, 1.6977905416331985e-10, 1.2692363371790735e-10, 1.0094603721233339e-10], 'preconditioner metadata': [{}, {}, {}, {}, {}, {}, {}, {}, {}, {}, {}, {}, {}, {}, {}, {}, {}, {}, {}, {}, {}, {}, {}, {}, {}, {}, {}, {}, {}, {}, {}, {}, {}, {}, {}, {}, {}, {}, {}, {}, {}, {}, {}, {}, {}, {}, {}, {}, {}, {}, {}, {}, {}, {}, {}, {}, {}, {}, {}, {}, {}, {}, {}, {}, {}, {}, {}, {}, {}, {}, {}, {}, {}, {}, {}]}",1.009706156520928e-10,,"[376.155029296875, 215.7151336669922, 215.79420471191406, 216.1306915283203, 216.22869873046875, 216.25721740722656, 218.0035858154297, 215.86012268066406, 216.07708740234375, 215.8988800048828]",[315.3661804199219],[757.6634521484375],[1055.611572265625],[3.5435519218444824],[9.592639923095703],
2026-10-05T09:02:39.783923+00:00,continuous coefficient 2D,1,"uniform(2D,10)",S10,S8,S8,"CG(HybridSchwarz(torch.float64, Inv(torch.float16), CUDSS), bsr_matmul=True)",False,0,1,10,6291456,75460608,"{'iterations': 61, 'residual norms': [8.147288316937152, 7.300077213867151, 7.047486595504865, 2.2986429193655766, 2.0211634078557434, 0.8229597397291838, 0.34889764731158773, 0.16933272804457242, 0.08367368588092383, 0.05137834252017931, 0.044895224880356265, 0.041066331776579014, 0.021171300023980683, 0.014446597913695937, 0.0080666621560035, 0.008523528330459823, 0.00674732923386834, 0.002673307433892906, 0.0017775949195825936, 0.0011496799918173264, 0.0007124495873488439, 0.0004151247990968956, 0.00030751625130399376, 0.0003506062654459762, 0.0002356174526864941, 0.000122223338011041, 5.830661883305964e-05, 3.794115485644537e-05, 3.266363676354154e-05, 2.4690338022335392e-05, 1.1710189145260604e-05, 8.446362624020851e-06, 6.7204929244250865e-06, 4.807739041894079e-06, 3.9516990144163775e-06, 2.5871082398477556e-06, 1.7268356552422357e-06, 8.986576745076361e-07, 5.577267544538999e-07, 3.7413124845424503e-07, 2.4708688074443225e-07, 1.9523248158867803e-07, 1.7123372863239687e-07, 1.0071698907599388e-07, 6.284134985227579e-08, 4.828537234872136e-08, 4.087383799172654e-08, 2.5588118776993088e-08, 1.3810717127750137e-08, 1.0241467571929989e-08, 5.158654257791827e-09, 3.643156899134909e-09, 2.910262411620483e-09, 2.2479742427481e-09, 1.8030521198707886e-09, 1.36465299201037e-09, 5.905911183323533e-10, 4.299657325691222e-10, 3.434947815604976e-10, 2.531412690376278e-10, 1.379227089688915e-10, 8.958996897460106e-11], 'preconditioner metadata': [{}, {}, {}, {}, {}, {}, {}, {}, {}, {}, {}, {}, {}, {}, {}, {}, {}, {}, {}, {}, {}, {}, {}, {}, {}, {}, {}, {}, {}, {}, {}, {}, {}, {}, {}, {}, {}, {}, {}, {}, {}, {}, {}, {}, {}, {}, {}, {}, {}, {}, {}, {}, {}, {}, {}, {}, {}, {}, {}, {}, {}]}",8.961275858030942e-11,,"[239.34439086914062, 186.66131591796875, 186.7373046875, 186.7042236328125, 186.7644500732422, 186.7228546142578, 186.76608276367188, 186.9844207763672, 189.32476806640625, 186.9740753173828]",[310.08966064453125],[749.7048950195312],[1194.919921875],[3.508255958557129],[3.5077760219573975],
2026-10-05T09:02:44.640405+00:00,continuous coefficient 2D,1,"uniform(2D,10)",S10,S8,S8,"CG(AdditiveSchwarz(torch.float64, Inv(torch.bfloat16), CUDSS, const_dofs_per_coarse=False), bsr_matmul=True)",False,0,1,10,6291456,75460608,"{'iterations': 75, 'residual norms': [0.108308620567285, 8.149310661747812, 7.195894215625937, 9.682314364813843, 4.786178280473628, 2.4258591740646014, 2.2779220844121486, 0.9748498341307694, 0.5299300105965151, 0.28490239251456745, 0.17339661509565962, 0.10660700041971478, 0.05758968035134839, 0.04765576480459839, 0.04321924460872727, 0.0363500565939715, 0.020569247311380014, 0.011207632087570522, 0.009831616065683514, 0.007430106341204335, 0.00821951058425042, 0.00996372932954533, 0.005327683788635985, 0.0024418370043907756, 0.0012761678619108681, 0.0007412210432227795, 0.00045204167564512647, 0.00034401531776055027, 0.0002912216369354864, 0.0001871645076353684, 0.00014198106742487626, 0.00012151143364295807, 0.0001369179195376609, 0.00010490302397287765, 8.463717192755213e-05, 5.201389776638923e-05, 2.6685745502958336e-05, 2.037631178742106e-05, 1.3662167626814526e-05, 8.965640412182252e-06, 6.979116220390284e-06, 5.613902304044302e-06, 4.46866477579396e-06, 2.947231364505468e-06, 1.5201609230692956e-06, 1.2436034204840837e-06, 1.181667325721708e-06, 8.977829532965059e-07, 8.123527009690144e-07, 6.975753306328503e-07, 4.786848222669756e-07, 4.9422582734429e-07, 3.120259662596508e-07, 1.4703072056527422e-07, 7.97899196792894e-08, 5.6343437257889075e-08, 3.868799715161656e-08, 2.7619676987954624e-08, 2.2225254524178505e-08, 1.61524339316663e-08, 1.430523256391085e-08, 1.1905993838681719e-08, 9.666606951260108e-09, 7.4063882836283735e-09, 5.358242923197241e-09, 4.208614132386244e-09, 3.4033198143016034e-09, 2.722808111187141e-09, 2.427900824615055e-09, 1.3897615993232935e-09, 7.625531658530954e-10, 5.753587717272219e-10, 4.106667100906089e-10, 1.9713406346676398e-10, 1.4206105567995577e-10, 1.0682647146220757e-10], 'preconditioner metadata': [{}, {}, {}, {}, {}, {}, {}, {}, {}, {}, {}, {}, {}, {}, {}, {}, {}, {}, {}, {}, {}, {}, {}, {}, {}, {}, {}, {}, {}, {}, {}, {}, {}, {}, {}, {}, {}, {}, {}, {}, {}, {}, {}, {}, {}, {}, {}, {}, {}, {}, {}, {}, {}, {}, {}, {}, {}, {}, {}, {}, {}, {}, {}, {}, {}, {}, {}, {}, {}, {}, {}, {}, {}, {}, {}]}",1.068527403690756e-10,,"[368.0841064453125, 215.7676544189453, 215.97955322265625, 215.91941833496094, 215.9844512939453, 215.95030212402344, 215.8756103515625, 215.8849639892578, 215.984130859375, 215.83981323242188]",[309.35711669921875],[757.0794067382812],[1058.1566162109375],[3.6322879791259766],[3.2939200401306152],
2026-10-05T09:02:49.219570+00:00,continuous coefficient 2D,1,"uniform(2D,10)",S10,S8,S8,"CG(HybridSchwarz(torch.float64, Inv(torch.bfloat16), CUDSS), bsr_matmul=True)",False,0,1,10,6291456,75460608,"{'iterations': 62, 'residual norms': [8.147288316937148, 7.300206281790085, 7.0502232374989795, 2.2997222397365, 2.0214416542030524, 0.8242865208625498, 0.35031949642120924, 0.17131567624090474, 0.0858216607937835, 0.05423230070941696, 0.04613859999454404, 0.044239297664963394, 0.02335798518967068, 0.01415595437941839, 0.00830125441949022, 0.008376776514260158, 0.0074300238727136375, 0.003317262692488769, 0.001722390252102161, 0.0011603378414111818, 0.0007416926198304909, 0.0004449775795436797, 0.0003414656076001959, 0.00030891791380652966, 0.00025268593752816794, 0.0001299241860806779, 6.385137522898357e-05, 3.924402887758683e-05, 3.3455760347063696e-05, 2.521735587832381e-05, 1.4391185165376282e-05, 8.291121136241657e-06, 6.580639943852091e-06, 5.075781807714834e-06, 4.652009133506207e-06, 2.7686105849694833e-06, 1.7044608105959382e-06, 1.0142651818608171e-06, 6.302323230178194e-07, 3.834931393145508e-07, 2.6772542748683204e-07, 2.1465699219243677e-07, 1.6451172800791444e-07, 1.1748267176287237e-07, 6.450828208488897e-08, 5.2715608147274023e-08, 4.237079544566074e-08, 2.9083994050821916e-08, 1.555993955611381e-08, 1.0936603986210557e-08, 5.97429162986639e-09, 3.940497825595537e-09, 2.9507116637960422e-09, 2.356032661349626e-09, 1.8898811806351812e-09, 1.443436005416058e-09, 7.483659515630889e-10, 4.545443054333884e-10, 3.7678241048423944e-10, 2.62709686628458e-10, 1.6406030697414443e-10, 1.0888990486802993e-10, 7.11853288867168e-11], 'preconditioner metadata': [{}, {}, {}, {}, {}, {}, {}, {}, {}, {}, {}, {}, {}, {}, {}, {}, {}, {}, {}, {}, {}, {}, {}, {}, {}, {}, {}, {}, {}, {}, {}, {}, {}, {}, {}, {}, {}, {}, {}, {}, {}, {}, {}, {}, {}, {}, {}, {}, {}, {}, {}, {}, {}, {}, {}, {}, {}, {}, {}, {}, {}, {}]}",7.121686299327662e-11,,"[243.93740844726562, 191.13760375976562, 190.91065979003906, 191.14512634277344, 191.100830078125, 191.80064392089844, 191.3021697998047, 191.0877685546875, 191.0614776611328, 195.76535034179688]",[297.17669677734375],[778.7471923828125],[1181.7137451171875],[2.84550404548645],[3.552639961242676],
2026-10-05T09:02:55.530369+00:00,continuous coefficient 2D,1,"uniform(2D,10)",S10,S8,S8,"CG(AdditiveSchwarz(torch.float32, Inv(), CUDSS, const_dofs_per_coarse=False), bsr_matmul=True)",False,0,1,10,6291456,75460608,"{'iterations': 75, 'residual norms': [0.108308620567285, 8.149263900090537, 7.195692901409333, 9.681867560391517, 4.784524234132311, 2.425528423176737, 2.278064824014398, 0.9730641568223439, 0.528315389657777, 0.2837161410336422, 0.17098886086559079, 0.1048253651942169, 0.05590618130593857, 0.044596819012452715, 0.04640350771657768, 0.03396015862073422, 0.019088331844845575, 0.01095142666645471, 0.009215920863621812, 0.0077050832078091065, 0.008362727749835921, 0.009355956074930337, 0.004753686474447929, 0.0022711499652814954, 0.0011888573977395704, 0.0006913824871716347, 0.0004146339371786918, 0.0003417584103535801, 0.00027863483314970335, 0.00017597224983884055, 0.00013930480521631133, 0.00012064165124653904, 0.00013606961617240745, 0.00010183005307277377, 7.980167505554879e-05, 4.828478733331315e-05, 2.4570413557628555e-05, 1.8574511398863715e-05, 1.2896998623455192e-05, 8.188378777131749e-06, 6.806039454930583e-06, 5.224938696184347e-06, 4.2265882285526945e-06, 2.698675816453869e-06, 1.3017094568596319e-06, 1.2888574387140518e-06, 1.0859691729164645e-06, 8.95946017453254e-07, 7.964634812707604e-07, 6.306719222133619e-07, 4.6153732962578777e-07, 4.712739594899242e-07, 2.5648177766549094e-07, 1.2077066849386762e-07, 7.086700191186538e-08, 4.667634141771375e-08, 3.355660830521691e-08, 2.5482381006173932e-08, 2.0473235537504767e-08, 1.5028397118505847e-08, 1.3395394879461442e-08, 1.1064720596210363e-08, 8.938581181483642e-09, 6.914846086048929e-09, 4.523860865626599e-09, 4.201875639319263e-09, 2.8233841051911124e-09, 2.760586450011953e-09, 2.0769606957630246e-09, 1.1292430869956585e-09, 5.49636759886748e-10, 4.981208976403846e-10, 2.789284659414465e-10, 1.6824059521244171e-10, 1.2560460970408185e-10, 1.0105871862210348e-10], 'preconditioner metadata': [{}, {}, {}, {}, {}, {}, {}, {}, {}, {}, {}, {}, {}, {}, {}, {}, {}, {}, {}, {}, {}, {}, {}, {}, {}, {}, {}, {}, {}, {}, {}, {}, {}, {}, {}, {}, {}, {}, {}, {}, {}, {}, {}, {}, {}, {}, {}, {}, {}, {}, {}, {}, {}, {}, {}, {}, {}, {}, {}, {}, {}, {}, {}, {}, {}, {}, {}, {}, {}, {}, {}, {}, {}, {}, {}]}",1.0108533867670424e-10,,"[1477.433349609375, 227.617919921875, 227.28201293945312, 227.3805389404297, 227.05516052246094, 226.9081573486328, 227.20150756835938, 226.95472717285156, 226.9727325439453, 226.8921356201172]",[294.0624084472656],[790.173583984375],[1365.1749267578125],[3.5718400478363037],[3.443455934524536],
2026-10-05T09:03:00.642645+00:00,continuous coefficient 2D,1,"uniform(2D,10)",S10,S8,S8,"CG(HybridSchwarz(torch.float32, Inv(), CUDSS), bsr_matmul=True)",False,0,1,10,6291456,75460608,"{'iterations': 61, 'residual norms': [8.14701676167628, 7.300034255233119, 7.04738945178579, 2.2985928299810343, 2.021229446152362, 0.822918894434569, 0.3489226710434192, 0.1693112733119488, 0.08366110237116946, 0.05134814443685307, 0.04487361168967501, 0.04097305440740273, 0.021083204934258425, 0.014454326823771879, 0.008069343100370963, 0.00854471510019978, 0.0067194516075123655, 0.0026350746746329717, 0.001777157812238117, 0.0011517639442795932, 0.0007141732230478644, 0.0004151651264968181, 0.0003060118416561222, 0.00035219246896340016, 0.00023487099650600597, 0.0001219542182082308, 5.823469086676535e-05, 3.795128267390617e-05, 3.2665048218320206e-05, 2.4672851916470653e-05, 1.1588237960736171e-05, 8.454051421044947e-06, 6.75785658702153e-06, 4.8111953520383704e-06, 3.91576697304738e-06, 2.563727949910432e-06, 1.7358606759723942e-06, 8.973685195060632e-07, 5.551127385289569e-07, 3.7428259467710557e-07, 2.4619129606152434e-07, 1.9316957409373096e-07, 1.7135475335408226e-07, 1.0025414932633652e-07, 6.32831883191771e-08, 4.81776984301742e-08, 4.0498192586600887e-08, 2.497270908441236e-08, 1.3678798557595678e-08, 1.0290502337536587e-08, 5.1702957181542074e-09, 3.6237519892352095e-09, 2.9009854728771734e-09, 2.2289002586933735e-09, 1.780654648953893e-09, 1.3547759439327283e-09, 5.909041571137312e-10, 4.325296263895927e-10, 3.3907890963148037e-10, 2.4563861050665175e-10, 1.3475813503089452e-10, 8.881019618345939e-11], 'preconditioner metadata': [{}, {}, {}, {}, {}, {}, {}, {}, {}, {}, {}, {}, {}, {}, {}, {}, {}, {}, {}, {}, {}, {}, {}, {}, {}, {}, {}, {}, {}, {}, {}, {}, {}, {}, {}, {}, {}, {}, {}, {}, {}, {}, {}, {}, {}, {}, {}, {}, {}, {}, {}, {}, {}, {}, {}, {}, {}, {}, {}, {}, {}]}",8.883553801525375e-11,,"[666.3633422851562, 197.640869140625, 197.82435607910156, 197.8377227783203, 197.8553009033203, 197.8974151611328, 197.76956176757812, 197.79965209960938, 197.82147216796875, 197.6769561767578]",[189.50665283203125],[820.7969360351562],[1329.4881591796875],[3.568959951400757],[3.3702399730682373],
2026-10-05T09:03:05.297206+00:00,continuous coefficient 2D,1,"uniform(2D,10)",S10,S8,S8,"CG(AdditiveSchwarz(torch.float32, Inv(torch.float16), CUDSS, const_dofs_per_coarse=False), bsr_matmul=True)",False,0,1,10,6291456,75460608,"{'iterations': 75, 'residual norms': [0.108308620567285, 8.14926366827966, 7.195695480347096, 9.681872410062807, 4.784524358470096, 2.4255320347247458, 2.2780692678208356, 0.9730935285008193, 0.5283376827673386, 0.28373273433040147, 0.17102855663933203, 0.10486004360921249, 0.05594430984836476, 0.04476805297744952, 0.04615766572984646, 0.034332703626190175, 0.01937266437982357, 0.010974829126910543, 0.009344619637115595, 0.0076192064675320815, 0.008313115986243536, 0.009456670915114308, 0.0048700418701955695, 0.0023077274182546344, 0.0012043708063738483, 0.0006971121828106008, 0.0004197631193298425, 0.0003412109557378026, 0.00028049199689538624, 0.00017757581728155736, 0.00013963427175343047, 0.00012019938711105948, 0.00013637766371920698, 0.00010213103701630342, 8.071864775472602e-05, 4.8989915877979416e-05, 2.4754695424658872e-05, 1.8840782123112446e-05, 1.2993177302943307e-05, 8.254029728612227e-06, 6.8137390760385505e-06, 5.253588895400745e-06, 4.267616319128094e-06, 2.731967955657398e-06, 1.3174276430378318e-06, 1.2786308330777075e-06, 1.0900268449394378e-06, 8.985749692094709e-07, 7.974530173267561e-07, 6.397826668818257e-07, 4.597261186048728e-07, 4.730942905603202e-07, 2.6206204716924816e-07, 1.244631948006359e-07, 7.133889097431099e-08, 4.7302563444090354e-08, 3.391757574151261e-08, 2.5587548743161613e-08, 2.0685141394641847e-08, 1.5067817439209242e-08, 1.3481932548243342e-08, 1.1051009741784667e-08, 9.012651944993107e-09, 6.951172858339519e-09, 4.586176313862e-09, 4.182981244599488e-09, 2.8600231591704514e-09, 2.7441228360383645e-09, 2.11248321097667e-09, 1.1633329612650207e-09, 5.564876540939223e-10, 4.99629828828014e-10, 2.885148630431523e-10, 1.6981447373850457e-10, 1.2693193424119856e-10, 1.0096264905019306e-10], 'preconditioner metadata': [{}, {}, {}, {}, {}, {}, {}, {}, {}, {}, {}, {}, {}, {}, {}, {}, {}, {}, {}, {}, {}, {}, {}, {}, {}, {}, {}, {}, {}, {}, {}, {}, {}, {}, {}, {}, {}, {}, {}, {}, {}, {}, {}, {}, {}, {}, {}, {}, {}, {}, {}, {}, {}, {}, {}, {}, {}, {}, {}, {}, {}, {}, {}, {}, {}, {}, {}, {}, {}, {}, {}, {}, {}, {}, {}]}",1.0098924699173215e-10,,"[357.86279296875, 202.3659210205078, 202.56690979003906, 202.26048278808594, 202.6095428466797, 202.1961669921875, 202.5214385986328, 202.55628967285156, 202.69631958007812, 202.65676879882812]",[226.75167846679688],[820.0731811523438],[1078.8184814453125],[3.9789440631866455],[3.44815993309021],
2026-10-05T09:03:09.842145+00:00,continuous coefficient 2D,1,"uniform(2D,10)",S10,S8,S8,"CG(HybridSchwarz(torch.float32, Inv(torch.float16), CUDSS), bsr_matmul=True)",False,0,1,10,6291456,75460608,"{'iterations': 61, 'residual norms': [8.1470172541768, 7.30003759311408, 7.047378412436437, 2.29859611748491, 2.0212318106822207, 0.8229279279094647, 0.34893313193731035, 0.16932795766435044, 0.08367978499499759, 0.05137817630965745, 0.04489777994611664, 0.04106514827197772, 0.021174140990189036, 0.01444732648978048, 0.00806649933433307, 0.00852416562815531, 0.006741627340926498, 0.0026736994462193873, 0.0017772045755795353, 0.0011500777759959955, 0.0007124019303984475, 0.0004154344968786707, 0.0003075515892146851, 0.000350735284445504, 0.00023560431562251157, 0.00012222658510029422, 5.8306730122774706e-05, 3.7943021626459195e-05, 3.266634308393938e-05, 2.4693550583312255e-05, 1.1710543526838383e-05, 8.447598060963048e-06, 6.71990675517592e-06, 4.808770476793496e-06, 3.951316247251412e-06, 2.587538465238238e-06, 1.7268679406315877e-06, 8.98807751528818e-07, 5.577735847997369e-07, 3.741314679325302e-07, 2.4705502641984935e-07, 1.95244492169614e-07, 1.7120866226753385e-07, 1.0071987155096969e-07, 6.284871452189024e-08, 4.828292544769871e-08, 4.088691209897565e-08, 2.5583692216946205e-08, 1.3818402476355262e-08, 1.0239065669656864e-08, 5.162714130360323e-09, 3.642856922602079e-09, 2.9110311420390454e-09, 2.2488093611232586e-09, 1.8031792914126106e-09, 1.3653602230482272e-09, 5.906446940960729e-10, 4.3007462543512225e-10, 3.4351802750269105e-10, 2.5324851144038005e-10, 1.3792557605813708e-10, 8.961623398590618e-11], 'preconditioner metadata': [{}, {}, {}, {}, {}, {}, {}, {}, {}, {}, {}, {}, {}, {}, {}, {}, {}, {}, {}, {}, {}, {}, {}, {}, {}, {}, {}, {}, {}, {}, {}, {}, {}, {}, {}, {}, {}, {}, {}, {}, {}, {}, {}, {}, {}, {}, {}, {}, {}, {}, {}, {}, {}, {}, {}, {}, {}, {}, {}, {}, {}]}",8.964061373478486e-11,,"[283.8560791015625, 176.9830780029297, 176.94432067871094, 177.0557098388672, 179.0641632080078, 176.98243713378906, 176.99853515625, 177.3231964111328, 177.43341064453125, 177.23321533203125]",[189.45872497558594],[849.995849609375],[1264.777587890625],[2.884768009185791],[3.7325439453125],
2026-10-05T09:03:14.653107+00:00,continuous coefficient 2D,1,"uniform(2D,10)",S10,S8,S8,"CG(AdditiveSchwarz(torch.float32, Inv(torch.bfloat16), CUDSS, const_dofs_per_coarse=False), bsr_matmul=True)",False,0,1,10,6291456,75460608,"{'iterations': 75, 'residual norms': [0.108308620567285, 8.149265186620354, 7.195853735054636, 9.68228328570528, 4.7861596544413745, 2.4258498231133134, 2.277924458870953, 0.9747923742554032, 0.5299324830535861, 0.28489972918486334, 0.17339831492672553, 0.10660618754995231, 0.05759055020486221, 0.04765589282346195, 0.0432198282971248, 0.0363500126488559, 0.020568398832170126, 0.011208064553760647, 0.009832450246643162, 0.007430559144905826, 0.008220425535278604, 0.009963613164728652, 0.0053277837940137445, 0.002441962267144276, 0.0012761688904629974, 0.0007412480201978913, 0.0004520354104489427, 0.0003440042083113188, 0.00029122621587898, 0.00018713080708011382, 0.00014198588883323592, 0.00012149602564899888, 0.00013693986231217814, 0.00010490377103584198, 8.464490549908087e-05, 5.2010913214174946e-05, 2.668561870716514e-05, 2.037493496241007e-05, 1.366184840952962e-05, 8.965378031779575e-06, 6.979073927530706e-06, 5.613860552628478e-06, 4.468743858669997e-06, 2.94696554112267e-06, 1.520085355417781e-06, 1.243464653431913e-06, 1.1815813917149998e-06, 8.977348791233136e-07, 8.122839532288253e-07, 6.975484853206831e-07, 4.786497431680481e-07, 4.94217549287112e-07, 3.120147519153178e-07, 1.4702722490005554e-07, 7.979005438534031e-08, 5.634077985240988e-08, 3.868701375798185e-08, 2.7618248240779927e-08, 2.2223098946875743e-08, 1.615100883615227e-08, 1.430468510446892e-08, 1.190555757946294e-08, 9.665998461814434e-09, 7.406475138993008e-09, 5.3581215626823875e-09, 4.208521829018209e-09, 3.4033998663194e-09, 2.7226829495688115e-09, 2.4278576169124115e-09, 1.3896851511505928e-09, 7.625674713798434e-10, 5.753492823253227e-10, 4.106705330854258e-10, 1.9715605990109261e-10, 1.4206414451660496e-10, 1.068430361806229e-10], 'preconditioner metadata': [{}, {}, {}, {}, {}, {}, {}, {}, {}, {}, {}, {}, {}, {}, {}, {}, {}, {}, {}, {}, {}, {}, {}, {}, {}, {}, {}, {}, {}, {}, {}, {}, {}, {}, {}, {}, {}, {}, {}, {}, {}, {}, {}, {}, {}, {}, {}, {}, {}, {}, {}, {}, {}, {}, {}, {}, {}, {}, {}, {}, {}, {}, {}, {}, {}, {}, {}, {}, {}, {}, {}, {}, {}, {}, {}]}",1.0686867758883905e-10,,"[377.3903503417969, 202.21328735351562, 201.89141845703125, 201.91673278808594, 202.10922241210938, 202.2995147705078, 202.36146545410156, 202.44432067871094, 202.09878540039062, 202.0729217529297]",[226.27212524414062],[839.6568603515625],[1154.7869873046875],[3.205280065536499],[3.4602560997009277],
2026-10-05T09:03:19.245308+00:00,continuous coefficient 2D,1,"uniform(2D,10)",S10,S8,S8,"CG(HybridSchwarz(torch.float32, Inv(torch.bfloat16), CUDSS), bsr_matmul=True)",False,0,1,10,6291456,75460608,"{'iterations': 62, 'residual norms': [8.147018419287724, 7.300166425611118, 7.050110479736024, 2.299674484143332, 2.0215082149985832, 0.8242550830129249, 0.35035409542614443, 0.17131049433734938, 0.08582778667228153, 0.054231971928091725, 0.04614087780921272, 0.04423808629860347, 0.023359772046896685, 0.014156496370311978, 0.008301382729911592, 0.008377470909791485, 0.007425274246787361, 0.0033167203715996642, 0.0017218585128209775, 0.001160749115024814, 0.0007416245640202675, 0.0004452801387282377, 0.0003414881539431455, 0.0003090959048214171, 0.0002526589667515541, 0.0001299243450280247, 6.384250201184059e-05, 3.924690891723233e-05, 3.3456724231806924e-05, 2.522046919509945e-05, 1.4391092747304069e-05, 8.29186577142483e-06, 6.580172954429885e-06, 5.076510409242872e-06, 4.651839960175975e-06, 2.7688618932119632e-06, 1.7045481879857102e-06, 1.0142922969064902e-06, 6.303402139530394e-07, 3.8347006687970254e-07, 2.677119500169555e-07, 2.1467924137347076e-07, 1.6448679638381875e-07, 1.1747984775274253e-07, 6.451813003652313e-08, 5.271216705220642e-08, 4.238348919581504e-08, 2.9081896697518707e-08, 1.5565448312825382e-08, 1.093705561352497e-08, 5.975880756051586e-09, 3.942436994127122e-09, 2.950679051806548e-09, 2.357668167344219e-09, 1.8897737700220558e-09, 1.4442877591594175e-09, 7.483858974260497e-10, 4.546306104093018e-10, 3.7678402250075304e-10, 2.628030014430112e-10, 1.6407721949271302e-10, 1.0890905080754032e-10, 7.121096223091166e-11], 'preconditioner metadata': [{}, {}, {}, {}, {}, {}, {}, {}, {}, {}, {}, {}, {}, {}, {}, {}, {}, {}, {}, {}, {}, {}, {}, {}, {}, {}, {}, {}, {}, {}, {}, {}, {}, {}, {}, {}, {}, {}, {}, {}, {}, {}, {}, {}, {}, {}, {}, {}, {}, {}, {}, {}, {}, {}, {}, {}, {}, {}, {}, {}, {}, {}]}",7.124276663802043e-11,,"[310.5962829589844, 181.2177276611328, 181.30015563964844, 180.44642639160156, 180.0127716064453, 180.12486267089844, 180.25762939453125, 180.02662658691406, 180.0927734375, 180.07443237304688]",[175.0332489013672],[866.21923828125],[1278.027099609375],[3.987776041030884],[3.225248098373413],
2026-10-05T09:03:27.418130+00:00,continuous coefficient 2D,1,"uniform(2D,10)",S10,S9,S9,"CG(AdditiveSchwarz(torch.float64, Inv(), CUDSS, const_dofs_per_coarse=False), bsr_matmul=True)",False,0,1,10,6291456,75460608,"{'iterations': 55, 'residual norms': [0.108308620567285, 9.69865079023776, 8.741391544249925, 9.900182927240213, 2.665906414678672, 0.4071617616118984, 0.17337137662801452, 0.08120681541625534, 0.049861148667520845, 0.024427276796931536, 0.021620439851209098, 0.011450466271067675, 0.007919383800868882, 0.00622206426548657, 0.004850221813037144, 0.0035752998534502975, 0.0028292836957966513, 0.0013696719288108948, 0.0007399796799072692, 0.00034006885001162766, 0.0001883914396898432, 0.00017020272570616153, 0.00017805845826382604, 0.0001116519872553762, 4.829946591140761e-05, 3.216070506496521e-05, 1.4644111350672753e-05, 8.45052250460289e-06, 5.777742177896547e-06, 4.479662999498143e-06, 4.351323429517838e-06, 2.9181624178395534e-06, 1.8558847669438178e-06, 1.0992840665613167e-06, 6.924996183563986e-07, 2.8350569164935797e-07, 1.7334767850631738e-07, 1.355818445001672e-07, 1.1546216839800545e-07, 8.922105134335943e-08, 5.321558951936624e-08, 3.641805216544753e-08, 2.8704055396118198e-08, 2.0951912880280247e-08, 1.090189976420786e-08, 6.370119233897189e-09, 4.026195959310877e-09, 2.3196734397171933e-09, 1.4396929484123961e-09, 1.2608125251134721e-09, 1.0486428363340603e-09, 8.212256307443216e-10, 5.018252544823538e-10, 2.519272004471574e-10, 1.4805760341959832e-10, 8.897798699689783e-11], 'preconditioner metadata': [{}, {}, {}, {}, {}, {}, {}, {}, {}, {}, {}, {}, {}, {}, {}, {}, {}, {}, {}, {}, {}, {}, {}, {}, {}, {}, {}, {}, {}, {}, {}, {}, {}, {}, {}, {}, {}, {}, {}, {}, {}, {}, {}, {}, {}, {}, {}, {}, {}, {}, {}, {}, {}, {}, {}]}",8.900072986756443e-11,,"[2910.763427734375, 256.8806457519531, 256.9604187011719, 256.77337646484375, 256.8437194824219, 256.8267822265625, 256.75836181640625, 256.7461853027344, 256.81817626953125, 257.3649597167969]",[228.77244567871094],[877.9356079101562],[1472.998291015625],[2.878175973892212],[3.4328958988189697],
2026-10-05T09:03:32.947401+00:00,continuous coefficient 2D,1,"uniform(2D,10)",S10,S9,S9,"CG(HybridSchwarz(torch.float64, Inv(), CUDSS), bsr_matmul=True)",False,0,1,10,6291456,75460608,"{'iterations': 39, 'residual norms': [9.698347325413913, 9.186338671904672, 4.273315325918384, 0.7095663321850694, 0.29762599344560964, 0.0811093125231701, 0.03242439086427341, 0.023918250759156566, 0.01878653086997029, 0.005805773652338466, 0.004563707790110701, 0.0028924635992248196, 0.0014094797622970082, 0.0006027345327427885, 0.00019148592039156776, 0.00011155639468142222, 9.641922606920708e-05, 5.688500536032971e-05, 2.4738045733693023e-05, 1.3253305977436313e-05, 4.82799161689042e-06, 2.4177816067975793e-06, 1.782912075704104e-06, 8.841474651838708e-07, 7.715804231937371e-07, 3.8690746272606687e-07, 2.2507211207150943e-07, 1.7044982275905982e-07, 7.0063325525921e-08, 2.8723761548068274e-08, 1.0574138362902315e-08, 7.807843235492915e-09, 5.315134219153101e-09, 3.306182804158153e-09, 1.911444219045016e-09, 1.176635726708153e-09, 5.072802817045988e-10, 3.428327635359798e-10, 1.6051920791412957e-10, 7.053487173389082e-11], 'preconditioner metadata': [{}, {}, {}, {}, {}, {}, {}, {}, {}, {}, {}, {}, {}, {}, {}, {}, {}, {}, {}, {}, {}, {}, {}, {}, {}, {}, {}, {}, {}, {}, {}, {}, {}, {}, {}, {}, {}, {}, {}]}",7.05555303095703e-11,,"[806.2269287109375, 194.8567657470703, 195.03082275390625, 195.00653076171875, 194.82424926757812, 195.17120361328125, 195.2806396484375, 195.1222686767578, 195.30828857421875, 195.13043212890625]",[118.43276977539062],[935.717041015625],[1552.6151123046875],[16.820608139038086],[3.5245440006256104],
2026-10-05T09:03:38.372207+00:00,continuous coefficient 2D,1,"uniform(2D,10)",S10,S9,S9,"CG(AdditiveSchwarz(torch.float64, Inv(torch.float32), CUDSS, const_dofs_per_coarse=False), bsr_matmul=True)",False,0,1,10,6291456,75460608,"{'iterations': 55, 'residual norms': [0.108308620567285, 9.698650790238911, 8.741391544321138, 9.900182928006586, 2.665906416345498, 0.407161761681338, 0.1733713767187818, 0.08120681549073744, 0.04986114879486063, 0.024427276896479225, 0.021620439964251385, 0.011450466410860125, 0.007919383944338325, 0.006222064371072886, 0.004850222569661232, 0.0035752997244820725, 0.002829283842713523, 0.0013696720635118541, 0.0007399797625228625, 0.0003400688746294842, 0.0001883914519177069, 0.00017020270558697518, 0.00017805844782943316, 0.0001116520025143645, 4.8299463399234613e-05, 3.216070230910315e-05, 1.464411067367305e-05, 8.450520961340392e-06, 5.777741240377403e-06, 4.479661923154416e-06, 4.351322230361857e-06, 2.9181623224080333e-06, 1.8558841993359346e-06, 1.0992839527895019e-06, 6.924994803079205e-07, 2.835056767954053e-07, 1.733476647469756e-07, 1.35581824320798e-07, 1.1546213974177842e-07, 8.92210497028235e-08, 5.3215587278927244e-08, 3.641804772992392e-08, 2.870405649511865e-08, 2.0951912485270975e-08, 1.0901900598620442e-08, 6.370120211150958e-09, 4.026196455303507e-09, 2.319673617386292e-09, 1.4396932242856506e-09, 1.2608123635973074e-09, 1.0486428305815272e-09, 8.212256434589136e-10, 5.018253116029736e-10, 2.51927200755406e-10, 1.4805759845278078e-10, 8.897797612096372e-11], 'preconditioner metadata': [{}, {}, {}, {}, {}, {}, {}, {}, {}, {}, {}, {}, {}, {}, {}, {}, {}, {}, {}, {}, {}, {}, {}, {}, {}, {}, {}, {}, {}, {}, {}, {}, {}, {}, {}, {}, {}, {}, {}, {}, {}, {}, {}, {}, {}, {}, {}, {}, {}, {}, {}, {}, {}, {}, {}]}",8.900180942447037e-11,,"[252.48294067382812, 250.609375, 250.5121612548828, 250.5931854248047, 250.7093505859375, 250.60389709472656, 250.59017944335938, 250.89878845214844, 250.56723022460938, 250.51638793945312]",[158.48585510253906],[906.7015991210938],[1510.2498779296875],[2.9507200717926025],[3.775167942047119],
2026-10-05T09:03:43.259048+00:00,continuous coefficient 2D,1,"uniform(2D,10)",S10,S9,S9,"CG(HybridSchwarz(torch.float64, Inv(torch.float32), CUDSS), bsr_matmul=True)",False,0,1,10,6291456,75460608,"{'iterations': 39, 'residual norms': [9.698347325413915, 9.186338672084283, 4.273315328287994, 0.7095663322846671, 0.2976259934852496, 0.08110931249406074, 0.03242439094934259, 0.02391825087667135, 0.018786530882923924, 0.005805772922157223, 0.004563706627107001, 0.0028924609908149127, 0.0014094788342119053, 0.0006027342051843738, 0.00019148574019984453, 0.00011155640789596363, 9.641923020987125e-05, 5.688500893894029e-05, 2.4738050392806396e-05, 1.3253314250571682e-05, 4.827993729907364e-06, 2.417782456590839e-06, 1.7829126569617903e-06, 8.841478508614871e-07, 7.715811400768605e-07, 3.86907711744761e-07, 2.2507254454941768e-07, 1.7045012007733046e-07, 7.006339602909168e-08, 2.8723771736053955e-08, 1.0574146572986172e-08, 7.807855543170672e-09, 5.315137915626636e-09, 3.3061877524454303e-09, 1.9114475867041694e-09, 1.176638086074101e-09, 5.07280879843831e-10, 3.42833117644658e-10, 1.6051926308854467e-10, 7.05348550045982e-11], 'preconditioner metadata': [{}, {}, {}, {}, {}, {}, {}, {}, {}, {}, {}, {}, {}, {}, {}, {}, {}, {}, {}, {}, {}, {}, {}, {}, {}, {}, {}, {}, {}, {}, {}, {}, {}, {}, {}, {}, {}, {}, {}]}",7.055614533035608e-11,,"[189.6091766357422, 188.12255859375, 188.26133728027344, 188.0747528076172, 188.09336853027344, 188.20950317382812, 188.1119384765625, 188.087646484375, 188.04486083984375, 188.1030731201172]",[112.77279663085938],[950.7946166992188],[1602.5677490234375],[2.854207992553711],[3.734015941619873],
2026-10-05T09:03:48.651096+00:00,continuous coefficient 2D,1,"uniform(2D,10)",S10,S9,S9,"CG(AdditiveSchwarz(torch.float64, Inv(torch.float16), CUDSS, const_dofs_per_coarse=False), bsr_matmul=True)",False,0,1,10,6291456,75460608,"{'iterations': 55, 'residual norms': [0.108308620567285, 9.698650775997377, 8.741389224042788, 9.900186533978124, 2.6659228682751768, 0.4071697852374719, 0.1733898305050578, 0.08122566922781867, 0.04989141612286207, 0.024456196891858004, 0.021743840810722097, 0.011900262017723533, 0.008020942259075554, 0.00619997611147411, 0.005382827487641187, 0.003480383560674952, 0.0029026918752176564, 0.001459120526866366, 0.000791371120220896, 0.0003531751618524238, 0.0001946568761489922, 0.00016574675227278368, 0.00017856235464924625, 0.0001228414077396058, 4.953014570445263e-05, 3.350504201764348e-05, 1.57007494961607e-05, 8.664056115363846e-06, 5.918517454382598e-06, 4.495164715268652e-06, 4.308212787253583e-06, 3.1465220165013555e-06, 1.849889157207742e-06, 1.15920477738881e-06, 7.308833790946946e-07, 2.9751979024135443e-07, 1.7991356107819268e-07, 1.3837455670061838e-07, 1.1445641081935607e-07, 9.275206430505527e-08, 5.582490756984779e-08, 3.656280379762908e-08, 3.0157666614978164e-08, 2.1617653312195335e-08, 1.1523372385013153e-08, 6.732410863000119e-09, 4.207738379179108e-09, 2.385228336512728e-09, 1.5139906276318706e-09, 1.2370025435558293e-09, 1.0643692853636904e-09, 8.392241775430157e-10, 5.319515775437182e-10, 2.6474282389641386e-10, 1.6125344021486035e-10, 9.535461521081466e-11], 'preconditioner metadata': [{}, {}, {}, {}, {}, {}, {}, {}, {}, {}, {}, {}, {}, {}, {}, {}, {}, {}, {}, {}, {}, {}, {}, {}, {}, {}, {}, {}, {}, {}, {}, {}, {}, {}, {}, {}, {}, {}, {}, {}, {}, {}, {}, {}, {}, {}, {}, {}, {}, {}, {}, {}, {}, {}, {}]}",9.53762012822056e-11,,"[246.20591735839844, 245.78883361816406, 245.61590576171875, 245.5854034423828, 245.71900939941406, 245.7375030517578, 245.85049438476562, 245.79049682617188, 245.73590087890625, 245.82054138183594]",[158.6553955078125],[927.3037719726562],[1488.53564453125],[2.8533120155334473],[3.832832098007202],
2026-10-05T09:03:53.570975+00:00,continuous coefficient 2D,1,"uniform(2D,10)",S10,S9,S9,"CG(HybridSchwarz(torch.float64, Inv(torch.float16), CUDSS), bsr_matmul=True)",False,0,1,10,6291456,75460608,"{'iterations': 39, 'residual norms': [9.698347325413916, 9.186333261793765, 4.273341274750974, 0.7095744945461555, 0.29764775589764897, 0.08116230741158523, 0.03244850318489636, 0.02394069163266649, 0.018852800395055686, 0.006329303613292416, 0.0047212666218151835, 0.003187390678165865, 0.0014206517878253043, 0.0006313740840529721, 0.0002229338186109361, 0.00010823200861870543, 9.732511414365303e-05, 5.99316028784477e-05, 2.9729390103921273e-05, 1.5512881121056766e-05, 5.189723730084601e-06, 2.5472380694796763e-06, 2.004340842412093e-06, 9.7064130868687e-07, 7.538514915419544e-07, 4.647842150365512e-07, 2.366015516379343e-07, 1.7969922717453172e-07, 7.992208195397445e-08, 3.795473344917245e-08, 1.17853724516087e-08, 7.64166671026544e-09, 5.860270344803247e-09, 3.91095656944615e-09, 1.9971477137545933e-09, 1.2727617401392448e-09, 5.754812151633569e-10, 3.7439726412165675e-10, 1.8591672153522828e-10, 7.94193198068301e-11], 'preconditioner metadata': [{}, {}, {}, {}, {}, {}, {}, {}, {}, {}, {}, {}, {}, {}, {}, {}, {}, {}, {}, {}, {}, {}, {}, {}, {}, {}, {}, {}, {}, {}, {}, {}, {}, {}, {}, {}, {}, {}, {}]}",7.94376982071709e-11,,"[184.68521118164062, 184.18943786621094, 184.16876220703125, 184.4838409423828, 184.45516967773438, 184.07498168945312, 184.25372314453125, 184.2310791015625, 184.25514221191406, 184.46339416503906]",[121.65446472167969],[938.439208984375],[1632.6468505859375],[3.721407890319824],[4.1414079666137695],
2026-10-05T09:03:59.135048+00:00,continuous coefficient 2D,1,"uniform(2D,10)",S10,S9,S9,"CG(AdditiveSchwarz(torch.float64, Inv(torch.bfloat16), CUDSS, const_dofs_per_coarse=False), bsr_matmul=True)",False,0,1,10,6291456,75460608,"{'iterations': 57, 'residual norms': [0.108308620567285, 9.698650837940658, 8.741481151744452, 9.900079695518327, 2.666830110835638, 0.4078089002845804, 0.17481889690805916, 0.08243104688852833, 0.05139640644003492, 0.02556210369741443, 0.023291153059754214, 0.014541906422422854, 0.00829758750698551, 0.006445393675234048, 0.005998403322873286, 0.0034953920296661644, 0.0032728418697971396, 0.0017423838199602765, 0.000874014883144217, 0.0004127508755948664, 0.00022719564823337572, 0.0001685491730325092, 0.00018703228397879491, 0.0001435204349599529, 5.9541406438592395e-05, 4.0211164817856356e-05, 1.9532123040526317e-05, 1.0177517848842918e-05, 6.773468965189512e-06, 4.879219721245639e-06, 4.3763615047587326e-06, 3.7160368839998497e-06, 2.079406263834281e-06, 1.5038120606888455e-06, 9.248388496586038e-07, 4.651230418103132e-07, 3.144088779673103e-07, 2.4823781440241706e-07, 1.6439948688677815e-07, 1.0519645212608775e-07, 5.837558975859254e-08, 4.2746202165107615e-08, 4.40076034745716e-08, 3.2809128602306634e-08, 1.927702597934862e-08, 1.0129198862683457e-08, 5.906759575388562e-09, 3.4773931838411267e-09, 1.980586919275959e-09, 1.4082393053656819e-09, 1.1650442264108765e-09, 9.224798722552999e-10, 6.805675407412912e-10, 4.0331237440421113e-10, 2.810148328905753e-10, 1.8825038559865504e-10, 1.3474303170469744e-10, 7.944838744269168e-11], 'preconditioner metadata': [{}, {}, {}, {}, {}, {}, {}, {}, {}, {}, {}, {}, {}, {}, {}, {}, {}, {}, {}, {}, {}, {}, {}, {}, {}, {}, {}, {}, {}, {}, {}, {}, {}, {}, {}, {}, {}, {}, {}, {}, {}, {}, {}, {}, {}, {}, {}, {}, {}, {}, {}, {}, {}, {}, {}, {}, {}]}",7.947332732533913e-11,,"[255.0050506591797, 254.75503540039062, 255.2189178466797, 254.9027557373047, 254.82150268554688, 254.64691162109375, 254.6941375732422, 254.73146057128906, 254.69692993164062, 255.04981994628906]",[141.56675720214844],[953.1453247070312],[1548.2818603515625],[2.8399040699005127],[3.7231359481811523],
2026-10-05T09:04:04.083810+00:00,continuous coefficient 2D,1,"uniform(2D,10)",S10,S9,S9,"CG(HybridSchwarz(torch.float64, Inv(torch.bfloat16), CUDSS), bsr_matmul=True)",False,0,1,10,6291456,75460608,"{'iterations': 40, 'residual norms': [9.698347325413927, 9.18641812307418, 4.274906666756524, 0.7101871794858066, 0.2998169806767399, 0.085818384596649, 0.03402063449984934, 0.024850155652632145, 0.020632411207697238, 0.010775403551844583, 0.004398035104652, 0.0038952083020460018, 0.0017685770382545043, 0.0008288535048132602, 0.0003017028590847616, 0.00011684538208319783, 0.00011682970701367582, 6.924484592937965e-05, 3.868340064917018e-05, 1.8617472457894084e-05, 8.402839457368632e-06, 3.3900477106054577e-06, 2.308869317531797e-06, 1.278974585400279e-06, 8.358560071044475e-07, 6.054561597161964e-07, 2.7990121232347126e-07, 2.294120822301224e-07, 1.250623127316596e-07, 4.997050470156879e-08, 1.8647696107846182e-08, 9.859270082604505e-09, 7.622959317115058e-09, 4.673118105845782e-09, 2.8338738798257054e-09, 1.8231974023909768e-09, 9.330200296801492e-10, 5.355488665640762e-10, 3.0569124328628083e-10, 1.3170656888361887e-10, 6.21467310345585e-11], 'preconditioner metadata': [{}, {}, {}, {}, {}, {}, {}, {}, {}, {}, {}, {}, {}, {}, {}, {}, {}, {}, {}, {}, {}, {}, {}, {}, {}, {}, {}, {}, {}, {}, {}, {}, {}, {}, {}, {}, {}, {}, {}, {}]}",6.217035294231239e-11,,"[189.80796813964844, 189.0250244140625, 189.09683227539062, 188.88067626953125, 189.0025634765625, 189.2591094970703, 188.78860473632812, 188.9759979248047, 188.8546600341797, 188.7222137451172]",[121.44338989257812],[955.6690673828125],[1633.650146484375],[3.755232095718384],[3.7173759937286377],
2026-10-05T09:04:09.432136+00:00,continuous coefficient 2D,1,"uniform(2D,10)",S10,S9,S9,"CG(AdditiveSchwarz(torch.float32, Inv(), CUDSS, const_dofs_per_coarse=False), bsr_matmul=True)",False,0,1,10,6291456,75460608,"{'iterations': 55, 'residual norms': [0.108308620567285, 9.69868666228244, 8.741423936603377, 9.900202647685516, 2.6659201548954594, 0.40715897317324207, 0.17337582922667455, 0.0812080426135069, 0.04986167848062171, 0.024427473153372112, 0.02162217772042048, 0.011461391528537259, 0.007923621325103145, 0.006220367707691424, 0.004890426254097973, 0.003565099796602352, 0.0028355489094902217, 0.0013773926600599057, 0.000746255638906339, 0.0003419275876445587, 0.0001893422552280826, 0.00016953279348902285, 0.00017799744730270738, 0.0001134257843272783, 4.848775176362888e-05, 3.243372404753639e-05, 1.4827951987352793e-05, 8.489583965742944e-06, 5.801974297869937e-06, 4.480001809093283e-06, 4.342769711508831e-06, 2.9670869607443345e-06, 1.8554653761965335e-06, 1.1113313609255841e-06, 7.018974050530884e-07, 2.8639920796643003e-07, 1.746548139199105e-07, 1.3629704225801856e-07, 1.1514238681078807e-07, 9.005830346274515e-08, 5.39268525942096e-08, 3.643159488473146e-08, 2.899582351916219e-08, 2.108765709382804e-08, 1.1017766487367878e-08, 6.444234290350998e-09, 4.070463387485188e-09, 2.331646341447372e-09, 1.4555769092052039e-09, 1.2577837520137263e-09, 1.0532117851756155e-09, 8.260057952529423e-10, 5.088768048513127e-10, 2.5405159685473724e-10, 1.50033547735762e-10, 8.951529844414861e-11], 'preconditioner metadata': [{}, {}, {}, {}, {}, {}, {}, {}, {}, {}, {}, {}, {}, {}, {}, {}, {}, {}, {}, {}, {}, {}, {}, {}, {}, {}, {}, {}, {}, {}, {}, {}, {}, {}, {}, {}, {}, {}, {}, {}, {}, {}, {}, {}, {}, {}, {}, {}, {}, {}, {}, {}, {}, {}, {}]}",8.953773398065137e-11,,"[233.62281799316406, 233.3593292236328, 233.14198303222656, 233.36793518066406, 233.08303833007812, 233.25613403320312, 233.0692138671875, 233.06285095214844, 233.66470336914062, 233.20498657226562]",[149.9649658203125],[972.55859375],[1527.524169921875],[2.800960063934326],[3.5500800609588623],
2026-10-05T09:04:14.249123+00:00,continuous coefficient 2D,1,"uniform(2D,10)",S10,S9,S9,"CG(HybridSchwarz(torch.float32, Inv(), CUDSS), bsr_matmul=True)",False,0,1,10,6291456,75460608,"{'iterations': 39, 'residual norms': [9.696214965170883, 9.186385827725246, 4.273403374049314, 0.7093246062142256, 0.29743835265838864, 0.08116761631838548, 0.032429690939392866, 0.02390206611631221, 0.018772197467441486, 0.00579909458359132, 0.004562678746492532, 0.002886169026539443, 0.0014113257887380791, 0.0006009647401263778, 0.00019163898840971952, 0.00011149924461286716, 9.622384468748187e-05, 5.674938258118595e-05, 2.466253246925091e-05, 1.3252661125073055e-05, 4.8360798838762625e-06, 2.418528676951114e-06, 1.787144818436735e-06, 8.839402765049043e-07, 7.723252139074999e-07, 3.878715993072554e-07, 2.2525445017021956e-07, 1.707391709762959e-07, 7.017023873575544e-08, 2.879556911082238e-08, 1.0582841873211045e-08, 7.81660679535256e-09, 5.310653549911076e-09, 3.3094095882066746e-09, 1.911553444893206e-09, 1.177762796200556e-09, 5.074084966405208e-10, 3.4304036725864185e-10, 1.6085199067725438e-10, 7.061891036785187e-11], 'preconditioner metadata': [{}, {}, {}, {}, {}, {}, {}, {}, {}, {}, {}, {}, {}, {}, {}, {}, {}, {}, {}, {}, {}, {}, {}, {}, {}, {}, {}, {}, {}, {}, {}, {}, {}, {}, {}, {}, {}, {}, {}]}",7.064129249685757e-11,,"[172.72134399414062, 172.7941436767578, 172.66748046875, 172.70016479492188, 172.46517944335938, 172.72067260742188, 172.55357360839844, 172.57571411132812, 172.9799346923828, 172.5463409423828]",[115.1707534790039],[981.3504638671875],[1612.9569091796875],[2.8658559322357178],[3.6434879302978516],
2026-10-05T09:04:19.558595+00:00,continuous coefficient 2D,1,"uniform(2D,10)",S10,S9,S9,"CG(AdditiveSchwarz(torch.float32, Inv(torch.float16), CUDSS, const_dofs_per_coarse=False), bsr_matmul=True)",False,0,1,10,6291456,75460608,"{'iterations': 55, 'residual norms': [0.108308620567285, 9.698687463966245, 8.741422501356503, 9.90020690457518, 2.6659370767643593, 0.4071669525999779, 0.17339417211970787, 0.0812269205655255, 0.049891990152881247, 0.02445639220721397, 0.021745341427876853, 0.011908435021191183, 0.008021916640333181, 0.0061994903258673845, 0.005387390854753242, 0.0034798513562845613, 0.0029038120754780405, 0.001460236965761295, 0.0007918790164806525, 0.0003532935760100203, 0.00019473701424159095, 0.00016569934506339203, 0.00017856736206662522, 0.00012296380918984273, 4.954710780388617e-05, 3.352566524133043e-05, 1.5716481198986267e-05, 8.668498714677632e-06, 5.921171833393857e-06, 4.496408100146448e-06, 4.308618840332673e-06, 3.1507495893892743e-06, 1.8502572901276656e-06, 1.160454922848566e-06, 7.315274609004013e-07, 2.978998138654531e-07, 1.8002013191444125e-07, 1.3846130058113638e-07, 1.1450138702531023e-07, 9.28467812867463e-08, 5.588446479802687e-08, 3.657621757841304e-08, 3.019032330823321e-08, 2.1630239443518732e-08, 1.1537126584357336e-08, 6.739441321208797e-09, 4.212558847112362e-09, 2.3869169743453615e-09, 1.5160586457377147e-09, 1.2378261728165828e-09, 1.0655093216083541e-09, 8.400429877873039e-10, 5.326944185443606e-10, 2.650351500642026e-10, 1.614888970546932e-10, 9.543869059262399e-11], 'preconditioner metadata': [{}, {}, {}, {}, {}, {}, {}, {}, {}, {}, {}, {}, {}, {}, {}, {}, {}, {}, {}, {}, {}, {}, {}, {}, {}, {}, {}, {}, {}, {}, {}, {}, {}, {}, {}, {}, {}, {}, {}, {}, {}, {}, {}, {}, {}, {}, {}, {}, {}, {}, {}, {}, {}, {}, {}]}",9.546040585774117e-11,,"[227.8488311767578, 227.39801025390625, 227.6821746826172, 227.49417114257812, 227.80377197265625, 227.64463806152344, 227.5885772705078, 228.01910400390625, 227.78614807128906, 227.5845489501953]",[139.5241241455078],[980.4677734375],[1561.3795166015625],[2.8289918899536133],[3.7191359996795654],
2026-10-05T09:04:24.436831+00:00,continuous coefficient 2D,1,"uniform(2D,10)",S10,S9,S9,"CG(HybridSchwarz(torch.float32, Inv(torch.float16), CUDSS), bsr_matmul=True)",False,0,1,10,6291456,75460608,"{'iterations': 39, 'residual norms': [9.696218858715092, 9.186380683088643, 4.273429165439817, 0.7093332787218486, 0.2974605596857539, 0.08122046166538191, 0.03245389363989085, 0.023924714192530457, 0.018838545171758515, 0.006323556641215971, 0.004720690153450779, 0.0031792632443208156, 0.0014228596927503263, 0.0006295077209727986, 0.00022311725638948424, 0.00010815675536777725, 9.71652381301449e-05, 5.977636341478931e-05, 2.9683555533332718e-05, 1.5476543919913662e-05, 5.198437505986567e-06, 2.5471942519455424e-06, 2.008369718513487e-06, 9.701289601440746e-07, 7.543528350348772e-07, 4.655480311944797e-07, 2.3665867474901446e-07, 1.8001376857793245e-07, 7.99819927186157e-08, 3.8011844214972105e-08, 1.178801851001937e-08, 7.653998093225129e-09, 5.858299383609509e-09, 3.912205210602562e-09, 1.9954429090114375e-09, 1.2737675643334563e-09, 5.753425220670808e-10, 3.7453858943159473e-10, 1.8614966344908795e-10, 7.941835166928486e-11], 'preconditioner metadata': [{}, {}, {}, {}, {}, {}, {}, {}, {}, {}, {}, {}, {}, {}, {}, {}, {}, {}, {}, {}, {}, {}, {}, {}, {}, {}, {}, {}, {}, {}, {}, {}, {}, {}, {}, {}, {}, {}, {}]}",7.94379672143182e-11,,"[169.24700927734375, 169.308349609375, 168.97640991210938, 169.0579833984375, 169.12716674804688, 169.19850158691406, 169.08998107910156, 169.33917236328125, 169.23741149902344, 169.12112426757812]",[113.53024291992188],[994.3515014648438],[1690.6153564453125],[2.8823039531707764],[3.381119966506958],
2026-10-05T09:04:29.858335+00:00,continuous coefficient 2D,1,"uniform(2D,10)",S10,S9,S9,"CG(AdditiveSchwarz(torch.float32, Inv(torch.bfloat16), CUDSS, const_dofs_per_coarse=False), bsr_matmul=True)",False,0,1,10,6291456,75460608,"{'iterations': 57, 'residual norms': [0.108308620567285, 9.698687132997035, 8.741514020852465, 9.90009985808483, 2.6668443617293853, 0.40780611494457203, 0.17482286853668397, 0.0824319094571998, 0.05139685353804022, 0.025561747200859453, 0.02329042963398822, 0.014540992153032601, 0.00829644697680682, 0.00644439037379985, 0.005997559282570198, 0.0034951314765158813, 0.0032726171265035366, 0.0017424704820315326, 0.0008739776679127277, 0.00041273937133449334, 0.00022719583819596736, 0.00016852950978645152, 0.00018700729981167586, 0.000143519920899138, 5.9543680823429475e-05, 4.020945521380093e-05, 1.953528571660959e-05, 1.0178011848792479e-05, 6.774368407845468e-06, 4.879317758914872e-06, 4.376611162115574e-06, 3.7167660709957377e-06, 2.079526586084509e-06, 1.5039612856734303e-06, 9.248875106553314e-07, 4.65256180182155e-07, 3.144173966258827e-07, 2.4828065173896015e-07, 1.644288093752422e-07, 1.052206003528246e-07, 5.838363949693782e-08, 4.275947169250323e-08, 4.402525198866508e-08, 3.281706773196289e-08, 1.928121667932576e-08, 1.0130881905943156e-08, 5.908117345729636e-09, 3.478008165408123e-09, 1.981102347867699e-09, 1.409171005064761e-09, 1.16563574722345e-09, 9.229512712403569e-10, 6.809303970480856e-10, 4.035230101690556e-10, 2.8108112418606257e-10, 1.8830754834280774e-10, 1.3480795293255084e-10, 7.94685324874999e-11], 'preconditioner metadata': [{}, {}, {}, {}, {}, {}, {}, {}, {}, {}, {}, {}, {}, {}, {}, {}, {}, {}, {}, {}, {}, {}, {}, {}, {}, {}, {}, {}, {}, {}, {}, {}, {}, {}, {}, {}, {}, {}, {}, {}, {}, {}, {}, {}, {}, {}, {}, {}, {}, {}, {}, {}, {}, {}, {}, {}, {}]}",7.94951538035925e-11,,"[236.131103515625, 235.68911743164062, 235.85903930664062, 235.89894104003906, 236.01231384277344, 236.01715087890625, 236.2164764404297, 236.35621643066406, 235.85491943359375, 235.878173828125]",[137.31654357910156],[990.4442138671875],[1564.2081298828125],[2.82476806640625],[3.9495038986206055],
2026-10-05T09:04:34.753431+00:00,continuous coefficient 2D,1,"uniform(2D,10)",S10,S9,S9,"CG(HybridSchwarz(torch.float32, Inv(torch.bfloat16), CUDSS), bsr_matmul=True)",False,0,1,10,6291456,75460608,"{'iterations': 40, 'residual norms': [9.696212922316422, 9.18646409629345, 4.274994588040935, 0.7099455793283405, 0.29963465083212965, 0.08586804242497154, 0.03402926107355537, 0.02483901724749548, 0.020616509936647823, 0.010771345885631039, 0.00439568157150693, 0.0038901666722346725, 0.0017669381746180835, 0.0008285654328619938, 0.0003013928475423301, 0.00011681194095192581, 0.00011684710213090328, 6.895767064379055e-05, 3.8669676246209284e-05, 1.8543553559719373e-05, 8.406846775744592e-06, 3.390300949670903e-06, 2.31363819036601e-06, 1.2796638223253365e-06, 8.360941908668516e-07, 6.062555135869173e-07, 2.80016984289632e-07, 2.2961473073217838e-07, 1.2511135790043844e-07, 5.007102759835679e-08, 1.8653903216709758e-08, 9.869436005740583e-09, 7.627756472205253e-09, 4.672054915641551e-09, 2.8328603139774728e-09, 1.8235916304047593e-09, 9.324123410759504e-10, 5.355912701550504e-10, 3.055292195413481e-10, 1.3171095900250537e-10, 6.217117467336344e-11], 'preconditioner metadata': [{}, {}, {}, {}, {}, {}, {}, {}, {}, {}, {}, {}, {}, {}, {}, {}, {}, {}, {}, {}, {}, {}, {}, {}, {}, {}, {}, {}, {}, {}, {}, {}, {}, {}, {}, {}, {}, {}, {}, {}]}",6.21958667882125e-11,,"[173.6411590576172, 173.22589111328125, 173.05906677246094, 173.28233337402344, 173.38546752929688, 173.0807647705078, 173.5774383544922, 173.1558074951172, 173.1802520751953, 173.1346893310547]",[113.35968017578125],[1000.2528686523438],[1669.4373779296875],[2.9809279441833496],[3.405503988265991],
2026-10-05T09:04:44.679278+00:00,continuous coefficient 2D,1,"uniform(2D,10)",S10,S10,S10,"CG(AdditiveSchwarz(torch.float64, Inv(), CUDSS, const_dofs_per_coarse=False), bsr_matmul=True)",False,0,1,10,6291456,75460608,"{'iterations': 45, 'residual norms': [0.108308620567285, 5.773781548126799, 10.090176769601841, 2.629763319007671, 0.1049214479517601, 0.02535802024806707, 0.008060252789883829, 0.0028047742462594875, 0.0021166224802513702, 0.001778610895716886, 0.001071750418817956, 0.000538177305578553, 0.00032729583163394554, 0.00019378902487850533, 0.00018181111615958218, 8.79964526158969e-05, 5.8421089707172804e-05, 2.5473165483606898e-05, 2.362921137950118e-05, 1.183955022966688e-05, 8.09965426153648e-06, 5.302753780283424e-06, 2.9288329867270857e-06, 2.214578186107202e-06, 1.1137868652486013e-06, 7.630433351526813e-07, 4.660850129080854e-07, 3.389936122526225e-07, 2.1354658233133715e-07, 1.1433631598191888e-07, 7.519394610865667e-08, 4.265079996127209e-08, 3.264100895498816e-08, 2.0734668040317068e-08, 1.171851860621167e-08, 7.621889221960245e-09, 4.284767413194052e-09, 3.1716980317954677e-09, 1.8033984384564306e-09, 1.2306484543268643e-09, 7.505844157766227e-10, 4.358241918777862e-10, 3.0937250407468695e-10, 1.6533293102897213e-10, 1.1969187035253816e-10, 7.284329237966264e-11], 'preconditioner metadata': [{}, {}, {}, {}, {}, {}, {}, {}, {}, {}, {}, {}, {}, {}, {}, {}, {}, {}, {}, {}, {}, {}, {}, {}, {}, {}, {}, {}, {}, {}, {}, {}, {}, {}, {}, {}, {}, {}, {}, {}, {}, {}, {}, {}, {}]}",7.286697359265256e-11,,"[526.5062255859375, 517.9535522460938, 517.9086303710938, 517.7886352539062, 518.0844116210938, 517.63818359375, 517.881591796875, 518.0264282226562, 517.7914428710938, 518.0350341796875]",[139.59193420410156],[1007.9364624023438],[3235.89697265625],[3.1684160232543945],[3.0463359355926514],
2026-10-05T09:04:52.984593+00:00,continuous coefficient 2D,1,"uniform(2D,10)",S10,S10,S10,"CG(HybridSchwarz(torch.float64, Inv(), CUDSS), bsr_matmul=True)",False,0,1,10,6291456,75460608,"{'iterations': 30, 'residual norms': [5.773770775764526, 4.599256381767163, 0.14018150190998246, 0.026604620795139037, 0.005211991532679707, 0.0019594343188168157, 0.001587470918642075, 0.0006466746699579706, 0.0002553466112599853, 0.00014563077573315065, 9.392592141358223e-05, 4.093124103967128e-05, 1.8025502703886613e-05, 9.217817410582574e-06, 4.61310583125269e-06, 2.606933510663467e-06, 1.4268390908865754e-06, 6.419311960440989e-07, 2.6945664094931135e-07, 1.5107544899461304e-07, 8.628197664485133e-08, 4.164156629410887e-08, 1.957334974081843e-08, 9.873522299832368e-09, 5.060300796828311e-09, 2.67534426559152e-09, 1.4276853583951985e-09, 6.561920897116184e-10, 3.177901020063242e-10, 1.7482590250530598e-10, 9.254064354157243e-11], 'preconditioner metadata': [{}, {}, {}, {}, {}, {}, {}, {}, {}, {}, {}, {}, {}, {}, {}, {}, {}, {}, {}, {}, {}, {}, {}, {}, {}, {}, {}, {}, {}, {}]}",9.255400312059373e-11,,"[372.6618347167969, 366.8722839355469, 366.9920959472656, 367.1566467285156, 366.97039794921875, 366.8609619140625, 367.0247497558594, 367.0336608886719, 367.0316467285156, 366.6700439453125]",[111.88662719726562],[1021.807861328125],[3120.48828125],[2.8188159465789795],[3.5786240100860596],
2026-10-05T09:05:02.795898+00:00,continuous coefficient 2D,1,"uniform(2D,10)",S10,S10,S10,"CG(AdditiveSchwarz(torch.float64, Inv(torch.float32), CUDSS, const_dofs_per_coarse=False), bsr_matmul=True)",False,0,1,10,6291456,75460608,"{'iterations': 45, 'residual norms': [0.108308620567285, 5.773781548127286, 10.090176769845016, 2.629763319424277, 0.10492144787456668, 0.025358020193593, 0.00806025277050948, 0.002804774257732889, 0.0021166225387327857, 0.001778611028672866, 0.0010717506270389503, 0.0005381776241921267, 0.0003272958748874202, 0.00019378908185633672, 0.00018181118051734877, 8.799650567425139e-05, 5.842110922836351e-05, 2.54731626182316e-05, 2.3629213398495635e-05, 1.1839545059474543e-05, 8.099654887015239e-06, 5.302751320894474e-06, 2.928833404162478e-06, 2.2145768338490625e-06, 1.1137866842851005e-06, 7.630433900610695e-07, 4.6608482486958634e-07, 3.389937159200874e-07, 2.1354653285677028e-07, 1.1433642890068878e-07, 7.519396781774274e-08, 4.2650808570805995e-08, 3.264104356322428e-08, 2.0734679073465563e-08, 1.1718535092410912e-08, 7.621894953114764e-09, 4.2847717380338175e-09, 3.1717013938398108e-09, 1.8033985658615325e-09, 1.2306497492256245e-09, 7.505837209665806e-10, 4.358241770102592e-10, 3.093720546591233e-10, 1.6533278640488757e-10, 1.196917927380169e-10, 7.284319122641564e-11], 'preconditioner metadata': [{}, {}, {}, {}, {}, {}, {}, {}, {}, {}, {}, {}, {}, {}, {}, {}, {}, {}, {}, {}, {}, {}, {}, {}, {}, {}, {}, {}, {}, {}, {}, {}, {}, {}, {}, {}, {}, {}, {}, {}, {}, {}, {}, {}, {}]}",7.286699749490872e-11,,"[519.9415893554688, 519.9429931640625, 519.6616821289062, 519.59228515625, 519.6028442382812, 519.3453369140625, 519.7748413085938, 519.7108764648438, 519.455322265625, 520.3191528320312]",[170.4160919189453],[1032.5855712890625],[3035.055908203125],[2.784640073776245],[2.887360095977783],
2026-10-05T09:05:11.064555+00:00,continuous coefficient 2D,1,"uniform(2D,10)",S10,S10,S10,"CG(HybridSchwarz(torch.float64, Inv(torch.float32), CUDSS), bsr_matmul=True)",False,0,1,10,6291456,75460608,"{'iterations': 30, 'residual norms': [5.773770775764522, 4.599256382351272, 0.1401815023864008, 0.026604620772064644, 0.005211991493765735, 0.0019594342596871255, 0.0015874708786966965, 0.000646674642065413, 0.000255346588419817, 0.00014563076711946105, 9.39259196727469e-05, 4.0931239204575694e-05, 1.802550115247402e-05, 9.217817043890676e-06, 4.613105699506878e-06, 2.6069333130847757e-06, 1.4268389766426134e-06, 6.419311762075849e-07, 2.694566403102533e-07, 1.5107544764370073e-07, 8.628197243217913e-08, 4.164156232300298e-08, 1.9573348362519372e-08, 9.873522400916153e-09, 5.060300890322689e-09, 2.675344089130049e-09, 1.4276852168887651e-09, 6.561920765964914e-10, 3.177901293463843e-10, 1.7482591761611247e-10, 9.254063853606714e-11], 'preconditioner metadata': [{}, {}, {}, {}, {}, {}, {}, {}, {}, {}, {}, {}, {}, {}, {}, {}, {}, {}, {}, {}, {}, {}, {}, {}, {}, {}, {}, {}, {}, {}]}",9.25539949959558e-11,,"[365.7120666503906, 365.3182678222656, 365.3934326171875, 365.39404296875, 365.56298828125, 365.4741516113281, 365.2754821777344, 365.6871337890625, 365.3678283691406, 365.57586669921875]",[100.47273254394531],[1041.441650390625],[3097.24267578125],[2.8241279125213623],[2.9423038959503174],
2026-10-05T09:05:20.784869+00:00,continuous coefficient 2D,1,"uniform(2D,10)",S10,S10,S10,"CG(AdditiveSchwarz(torch.float64, Inv(torch.float16), CUDSS, const_dofs_per_coarse=False), bsr_matmul=True)",False,0,1,10,6291456,75460608,"{'iterations': 45, 'residual norms': [0.108308620567285, 5.773781556975913, 10.090178895482754, 2.6297663121259496, 0.10500394011314085, 0.02539679233906221, 0.008158988237074226, 0.0030373804955462487, 0.0022762329265118707, 0.001964405930060512, 0.0012679355996618384, 0.0006817149232041441, 0.000320603809516504, 0.00025174648807406826, 0.00017034172251719404, 0.00010852809050490457, 6.227778097638197e-05, 3.181811852708097e-05, 2.509143902824925e-05, 1.2399098389630456e-05, 1.0595544565278287e-05, 5.16266007129659e-06, 3.951790246348962e-06, 2.145046565344451e-06, 1.3608782233441214e-06, 8.600697013917063e-07, 5.015458921087687e-07, 3.86085245683558e-07, 2.2666101308790128e-07, 1.4738514355194947e-07, 7.896647450160107e-08, 5.004582212007496e-08, 3.6259048842181344e-08, 2.2196007705854195e-08, 1.4318270136332123e-08, 8.354079453376682e-09, 5.252402243463908e-09, 3.376050523661873e-09, 2.05549458985767e-09, 1.4601220128178875e-09, 8.1050457303896e-10, 5.652557558480857e-10, 3.1931609483274037e-10, 2.1060057460675694e-10, 1.3060211426689408e-10, 8.442048031842555e-11], 'preconditioner metadata': [{}, {}, {}, {}, {}, {}, {}, {}, {}, {}, {}, {}, {}, {}, {}, {}, {}, {}, {}, {}, {}, {}, {}, {}, {}, {}, {}, {}, {}, {}, {}, {}, {}, {}, {}, {}, {}, {}, {}, {}, {}, {}, {}, {}, {}]}",8.44401053769661e-11,,"[519.1666259765625, 518.9420166015625, 519.1478881835938, 518.8572998046875, 519.0979614257812, 518.7608032226562, 519.037109375, 518.8678588867188, 518.7529907226562, 519.0205688476562]",[162.9738311767578],[1036.3692626953125],[2977.02099609375],[3.047935962677002],[3.5307199954986572],
2026-10-05T09:05:29.085090+00:00,continuous coefficient 2D,1,"uniform(2D,10)",S10,S10,S10,"CG(HybridSchwarz(torch.float64, Inv(torch.float16), CUDSS), bsr_matmul=True)",False,0,1,10,6291456,75460608,"{'iterations': 30, 'residual norms': [5.77377077576452, 4.599259445862168, 0.14020272311236126, 0.026611106741099767, 0.005221837454825417, 0.0019737675521615023, 0.0015944148866041132, 0.0006487603026025229, 0.0002595146826589979, 0.0001486659043604884, 9.468180225987394e-05, 4.138319861939804e-05, 1.8539624088524135e-05, 9.405949936012686e-06, 4.681829421674107e-06, 2.66309445349095e-06, 1.452260716446915e-06, 6.53542601708257e-07, 2.781874233410729e-07, 1.551457450167631e-07, 8.723209470606491e-08, 4.2882240783590944e-08, 2.0485086929817926e-08, 1.021708237288247e-08, 5.179886210183478e-09, 2.742300996209587e-09, 1.460575612731204e-09, 6.822837963817688e-10, 3.354229133735446e-10, 1.8013759412666397e-10, 9.384582918697417e-11], 'preconditioner metadata': [{}, {}, {}, {}, {}, {}, {}, {}, {}, {}, {}, {}, {}, {}, {}, {}, {}, {}, {}, {}, {}, {}, {}, {}, {}, {}, {}, {}, {}, {}]}",9.385929487737169e-11,,"[364.9122314453125, 364.7340087890625, 364.8279724121094, 364.52496337890625, 364.8155212402344, 364.6038818359375, 364.66143798828125, 364.4029846191406, 364.6407470703125, 364.7720947265625]",[110.12601470947266],[1038.293701171875],[3120.790771484375],[2.900831937789917],[3.426464080810547],
2026-10-05T09:05:39.049837+00:00,continuous coefficient 2D,1,"uniform(2D,10)",S10,S10,S10,"CG(AdditiveSchwarz(torch.float64, Inv(torch.bfloat16), CUDSS, const_dofs_per_coarse=False), bsr_matmul=True)",False,0,1,10,6291456,75460608,"{'iterations': 46, 'residual norms': [0.108308620567285, 5.773781514199706, 10.090159832810775, 2.629936558794214, 0.11689617190504613, 0.028369867818850102, 0.011918947078175632, 0.005972107701797931, 0.004195085866700643, 0.00328697395796975, 0.0018515232909783307, 0.0011468914891983918, 0.0007786275197147229, 0.0005558870751522445, 0.0002514102875190751, 0.0001779742904518751, 8.814411634782124e-05, 7.109153600841799e-05, 4.1652538886280136e-05, 2.566465477861389e-05, 1.5425565347997524e-05, 9.169239412717426e-06, 6.189287090389169e-06, 3.3675275121837793e-06, 2.9739378405527962e-06, 1.679039429285163e-06, 1.1056763185989767e-06, 6.182241961576678e-07, 3.8875695760110796e-07, 2.5633615789929325e-07, 1.6581696637085415e-07, 1.1386473032156569e-07, 6.203944399231533e-08, 3.968203717866902e-08, 2.300913288951146e-08, 1.5143963450200312e-08, 1.0054945637300026e-08, 6.201337671886772e-09, 4.1605956075629265e-09, 2.3619788135584425e-09, 1.5669324882741784e-09, 9.336523231314793e-10, 6.483997919108004e-10, 4.0741360229350797e-10, 2.628632528110009e-10, 1.630271671501734e-10, 9.994004030411107e-11], 'preconditioner metadata': [{}, {}, {}, {}, {}, {}, {}, {}, {}, {}, {}, {}, {}, {}, {}, {}, {}, {}, {}, {}, {}, {}, {}, {}, {}, {}, {}, {}, {}, {}, {}, {}, {}, {}, {}, {}, {}, {}, {}, {}, {}, {}, {}, {}, {}, {}]}",9.995877147779697e-11,,"[531.1790771484375, 530.5450439453125, 530.5436401367188, 530.8699951171875, 530.6995239257812, 530.869873046875, 530.7605590820312, 530.9505615234375, 530.6517944335938, 530.7808227539062]",[161.21942138671875],[1063.96044921875],[3034.28955078125],[2.821376085281372],[3.4129281044006348],
2026-10-05T09:05:47.487788+00:00,continuous coefficient 2D,1,"uniform(2D,10)",S10,S10,S10,"CG(HybridSchwarz(torch.float64, Inv(torch.bfloat16), CUDSS), bsr_matmul=True)",False,0,1,10,6291456,75460608,"{'iterations': 31, 'residual norms': [5.773770775764527, 4.599286210774058, 0.1411009177861874, 0.027355634752158204, 0.006850109218385666, 0.004031937538570126, 0.002189626381701609, 0.0009735321685189843, 0.0005880685588345943, 0.00027380295977577575, 0.0001229476558779612, 6.343395564130792e-05, 3.516036799436522e-05, 1.7284297786436866e-05, 8.832868609806079e-06, 4.37769400377383e-06, 2.2457429289045327e-06, 1.3130293560521158e-06, 6.432965825976223e-07, 2.983653082255519e-07, 1.4191037181488598e-07, 7.606742187442068e-08, 3.946791619315978e-08, 2.051947408080934e-08, 9.531755258605123e-09, 4.5221904860675184e-09, 2.326996615023478e-09, 1.266645525264679e-09, 6.761081382785398e-10, 3.356324625593904e-10, 1.6369878036798402e-10, 8.082788937547244e-11], 'preconditioner metadata': [{}, {}, {}, {}, {}, {}, {}, {}, {}, {}, {}, {}, {}, {}, {}, {}, {}, {}, {}, {}, {}, {}, {}, {}, {}, {}, {}, {}, {}, {}, {}]}",8.084320219333986e-11,,"[376.4975280761719, 376.4412841796875, 376.4850158691406, 376.4984130859375, 376.55670166015625, 376.8002624511719, 376.4150390625, 376.4003601074219, 376.2086486816406, 376.6008605957031]",[109.75440216064453],[1066.37646484375],[3121.20361328125],[2.86246395111084],[3.5677120685577393],
2026-10-05T09:05:56.960977+00:00,continuous coefficient 2D,1,"uniform(2D,10)",S10,S10,S10,"CG(AdditiveSchwarz(torch.float32, Inv(), CUDSS, const_dofs_per_coarse=False), bsr_matmul=True)",False,0,1,10,6291456,75460608,"{'iterations': 45, 'residual norms': [0.108308620567285, 5.77371664092014, 10.090059387922004, 2.629731148629907, 0.10492793541034796, 0.02536539450409949, 0.00806595862567513, 0.002820993188212736, 0.002140606069173373, 0.0018376441309063609, 0.0011800837681665546, 0.0006420522345499678, 0.0003107381515390822, 0.00021053172122872845, 0.0001845620996343005, 9.80746299334689e-05, 6.0303898065858436e-05, 2.7312173609091257e-05, 2.6162242638158834e-05, 1.1720417694041321e-05, 9.404613322418821e-06, 5.167047433100187e-06, 3.3701668197765886e-06, 2.192414268665955e-06, 1.2000267446575872e-06, 8.251098007990958e-07, 4.773439060159902e-07, 3.6566769323260987e-07, 2.1752084436040354e-07, 1.3019922756112054e-07, 7.669634518508253e-08, 4.490656082070777e-08, 3.50947459085681e-08, 2.140167499950733e-08, 1.2929318833079989e-08, 7.856672072128057e-09, 4.675532600235058e-09, 3.292658172042991e-09, 1.884324907871663e-09, 1.3728381840797906e-09, 7.609322735796112e-10, 5.020072407741144e-10, 3.0829836896304565e-10, 1.8510585257699203e-10, 1.259140935144136e-10, 7.667770417792018e-11], 'preconditioner metadata': [{}, {}, {}, {}, {}, {}, {}, {}, {}, {}, {}, {}, {}, {}, {}, {}, {}, {}, {}, {}, {}, {}, {}, {}, {}, {}, {}, {}, {}, {}, {}, {}, {}, {}, {}, {}, {}, {}, {}, {}, {}, {}, {}, {}, {}]}",7.670101895110686e-11,,"[474.9835510253906, 474.6641540527344, 474.98809814453125, 474.8533630371094, 474.4782409667969, 474.5455322265625, 474.5179138183594, 474.59661865234375, 474.4154968261719, 474.4097900390625]",[163.02847290039062],[1069.066650390625],[3090.622314453125],[3.666975975036621],[3.4609920978546143],
2026-10-05T09:06:05.061909+00:00,continuous coefficient 2D,1,"uniform(2D,10)",S10,S10,S10,"CG(HybridSchwarz(torch.float32, Inv(), CUDSS), bsr_matmul=True)",False,0,1,10,6291456,75460608,"{'iterations': 30, 'residual norms': [5.773065314656654, 4.599203040042825, 0.14018926431767023, 0.026610517961960192, 0.005220080432945515, 0.001978138839896646, 0.0016089957278575225, 0.0006518751820736414, 0.0002577689410996586, 0.00014766770349721999, 9.511702365613616e-05, 4.128974002287607e-05, 1.8176549693014573e-05, 9.302970780520515e-06, 4.659827392533643e-06, 2.6351924631445687e-06, 1.4393584623011096e-06, 6.464198325841509e-07, 2.7164517659253565e-07, 1.5260955879549472e-07, 8.702421192994884e-08, 4.1928150886893906e-08, 1.9702979474588856e-08, 9.944347963012592e-09, 5.098368541350862e-09, 2.695747836728792e-09, 1.4372858332637618e-09, 6.601417401314721e-10, 3.1994525103945036e-10, 1.7603733256042213e-10, 9.312156708440116e-11], 'preconditioner metadata': [{}, {}, {}, {}, {}, {}, {}, {}, {}, {}, {}, {}, {}, {}, {}, {}, {}, {}, {}, {}, {}, {}, {}, {}, {}, {}, {}, {}, {}, {}]}",9.313738856506984e-11,,"[331.4646911621094, 331.28594970703125, 331.1532897949219, 331.2628173828125, 331.0980224609375, 331.0702819824219, 331.0168151855469, 331.1767272949219, 331.106201171875, 330.8980407714844]",[113.83907318115234],[1087.90087890625],[3188.8427734375],[3.7655038833618164],[2.8779520988464355],
2026-10-05T09:06:14.571004+00:00,continuous coefficient 2D,1,"uniform(2D,10)",S10,S10,S10,"CG(AdditiveSchwarz(torch.float32, Inv(torch.float16), CUDSS, const_dofs_per_coarse=False), bsr_matmul=True)",False,0,1,10,6291456,75460608,"{'iterations': 45, 'residual norms': [0.108308620567285, 5.773716166998426, 10.090060086169972, 2.6297338864180353, 0.10501051377635179, 0.025404248438830417, 0.008164641059492697, 0.0030507636955451117, 0.0022836070803509685, 0.001967444096253799, 0.0012711451565088608, 0.0006838239128767509, 0.00032238025013415236, 0.0002537624668457334, 0.0001707617318535293, 0.00010922941293572593, 6.258082639141125e-05, 3.2077443320633504e-05, 2.5157825243176234e-05, 1.2469779378377991e-05, 1.0660365151869373e-05, 5.193678235275318e-06, 3.983649882937376e-06, 2.1537134287217956e-06, 1.3719642201515869e-06, 8.635688518951074e-07, 5.056032583653585e-07, 3.8827530938964454e-07, 2.281832545650299e-07, 1.4841997401574974e-07, 7.927864270375726e-08, 5.05592691717328e-08, 3.639016900796018e-08, 2.241420707321275e-08, 1.440503990699857e-08, 8.405332185058622e-09, 5.312923775128465e-09, 3.3842545359293513e-09, 2.0861254441063215e-09, 1.4635119328062385e-09, 8.214885772565767e-10, 5.705208439344555e-10, 3.218319000531079e-10, 2.1445781211381476e-10, 1.307278862407575e-10, 8.626152433356037e-11], 'preconditioner metadata': [{}, {}, {}, {}, {}, {}, {}, {}, {}, {}, {}, {}, {}, {}, {}, {}, {}, {}, {}, {}, {}, {}, {}, {}, {}, {}, {}, {}, {}, {}, {}, {}, {}, {}, {}, {}, {}, {}, {}, {}, {}, {}, {}, {}, {}]}",8.627885569072022e-11,,"[474.2712097167969, 473.5820617675781, 473.6041564941406, 473.269287109375, 473.3014831542969, 473.34857177734375, 473.28167724609375, 473.63720703125, 473.7295227050781, 473.404296875]",[156.67494201660156],[1090.2105712890625],[3109.693603515625],[2.8106560707092285],[2.9428160190582275],
2026-10-05T09:06:22.668736+00:00,continuous coefficient 2D,1,"uniform(2D,10)",S10,S10,S10,"CG(HybridSchwarz(torch.float32, Inv(torch.float16), CUDSS), bsr_matmul=True)",False,0,1,10,6291456,75460608,"{'iterations': 30, 'residual norms': [5.773065186249818, 4.599206767848611, 0.14021058119359117, 0.026617019160233134, 0.0052299295243962655, 0.0019924248045933286, 0.0016157240711156394, 0.0006539955113710485, 0.0002619946111061675, 0.00015073132124436485, 9.587116807731287e-05, 4.175027517936561e-05, 1.86958687708731e-05, 9.491760341097437e-06, 4.729125981635436e-06, 2.6921020930991896e-06, 1.4650415469608163e-06, 6.581577768804564e-07, 2.804402870937589e-07, 1.5668763984073755e-07, 8.798449632581441e-08, 4.318735459155359e-08, 2.0622300676781082e-08, 1.0289083325834806e-08, 5.21832028457673e-09, 2.7631725599498417e-09, 1.4705367918253655e-09, 6.864726594934576e-10, 3.376584412050593e-10, 1.8134242545359678e-10, 9.443835506046645e-11], 'preconditioner metadata': [{}, {}, {}, {}, {}, {}, {}, {}, {}, {}, {}, {}, {}, {}, {}, {}, {}, {}, {}, {}, {}, {}, {}, {}, {}, {}, {}, {}, {}, {}]}",9.445392328543772e-11,,"[331.333740234375, 330.6990051269531, 330.8807067871094, 330.7198791503906, 330.8710632324219, 330.63360595703125, 330.5985107421875, 330.8934020996094, 330.96875, 330.6023254394531]",[102.51007843017578],[1099.7718505859375],[3174.97900390625],[2.8126399517059326],[3.3149120807647705],
2026-10-05T09:06:32.270480+00:00,continuous coefficient 2D,1,"uniform(2D,10)",S10,S10,S10,"CG(AdditiveSchwarz(torch.float32, Inv(torch.bfloat16), CUDSS, const_dofs_per_coarse=False), bsr_matmul=True)",False,0,1,10,6291456,75460608,"{'iterations': 46, 'residual norms': [0.108308620567285, 5.7737159949056425, 10.090041164402962, 2.629904170254596, 0.11690102249816434, 0.028376195161589186, 0.011920787603119414, 0.005973003797540117, 0.004197881416153959, 0.003287596415033861, 0.0018528822438835934, 0.001147730602840378, 0.0007794347096954466, 0.0005565953736134967, 0.0002515533438592038, 0.0001782614101741024, 8.832731337102388e-05, 7.129814698747974e-05, 4.17766546790414e-05, 2.5727135385890263e-05, 1.5475510663200277e-05, 9.208385616855734e-06, 6.226161783456128e-06, 3.3842245287746957e-06, 2.9898234930930027e-06, 1.6867096126635292e-06, 1.110744755441104e-06, 6.212018127982473e-07, 3.9037643152391084e-07, 2.572983489797031e-07, 1.6643694747446512e-07, 1.1427005411499355e-07, 6.2271195509606e-08, 3.9807840233603485e-08, 2.3084786951173814e-08, 1.5201744446363514e-08, 1.0096287039912102e-08, 6.230152094326152e-09, 4.177167440427588e-09, 2.3721820346121595e-09, 1.5741724545618648e-09, 9.387171495485353e-10, 6.520388746997917e-10, 4.093505539768136e-10, 2.64158258995061e-10, 1.6375204168853657e-10, 1.0043885422039452e-10], 'preconditioner metadata': [{}, {}, {}, {}, {}, {}, {}, {}, {}, {}, {}, {}, {}, {}, {}, {}, {}, {}, {}, {}, {}, {}, {}, {}, {}, {}, {}, {}, {}, {}, {}, {}, {}, {}, {}, {}, {}, {}, {}, {}, {}, {}, {}, {}, {}, {}]}",1.0045578693326614e-10,,"[484.8175354003906, 483.7535095214844, 483.7937316894531, 483.6361999511719, 483.905517578125, 483.997314453125, 484.0452575683594, 484.0176696777344, 483.75042724609375, 483.6675109863281]",[155.3233642578125],[1100.366455078125],[3106.95361328125],[2.8208320140838623],[2.8291521072387695],
2026-10-05T09:06:40.471227+00:00,continuous coefficient 2D,1,"uniform(2D,10)",S10,S10,S10,"CG(HybridSchwarz(torch.float32, Inv(torch.bfloat16), CUDSS), bsr_matmul=True)",False,0,1,10,6291456,75460608,"{'iterations': 31, 'residual norms': [5.773070048571864, 4.599233192706637, 0.14110860602588898, 0.027361166633085608, 0.006855997782203793, 0.004043556515777332, 0.00219662771856748, 0.0009778050885123314, 0.0005907831827001494, 0.0002750882675265194, 0.00012377334073845816, 6.408048679266137e-05, 3.555307487988726e-05, 1.7474513055012455e-05, 8.933786637756892e-06, 4.432708998213745e-06, 2.278615345310278e-06, 1.3309081260446948e-06, 6.49425587087432e-07, 3.006020452323735e-07, 1.4296712540226912e-07, 7.665030911473635e-08, 3.9755663093830926e-08, 2.0648727990962166e-08, 9.586466820248838e-09, 4.551267973315274e-09, 2.34557455694921e-09, 1.277444437299833e-09, 6.814118980771708e-10, 3.378987358496428e-10, 1.6478459064674075e-10, 8.137639640251413e-11], 'preconditioner metadata': [{}, {}, {}, {}, {}, {}, {}, {}, {}, {}, {}, {}, {}, {}, {}, {}, {}, {}, {}, {}, {}, {}, {}, {}, {}, {}, {}, {}, {}, {}, {}]}",8.139075077476578e-11,,"[341.661376953125, 341.2171936035156, 341.3228759765625, 341.308349609375, 341.4146423339844, 341.371826171875, 341.41729736328125, 341.5471496582031, 341.282958984375, 341.6810607910156]",[111.37062072753906],[1116.6009521484375],[3164.964599609375],[3.4880640506744385],[2.972543954849243],
2026-10-05T09:06:50.871590+00:00,continuous coefficient 2D,1,"uniform(2D,10)",S10,S8,S8,"AdditiveSchwarz(torch.float64, Inv(), CUDSS, const_dofs_per_coarse=False)",False,10,10,10,6291456,75460608,{},8.149084607855777,"{'preprocessing time': 1.7590080499649048, 'coarse solver setup time': 937.042236328125, 'local solver setup time': 356.3629150390625, 'coarse solver solve time': 1.1524319648742676, 'local solver solve time': 1.4868927955627442}","[2.7873855590820313, 2.787433624267578, 2.7899711608886717, 2.7878976821899415, 2.788944053649902, 2.7887744903564453, 2.78887996673584, 2.785215950012207, 2.787433624267578, 2.788969612121582]",[58.39225769042969],[1111.603271484375],[2360.56298828125],[3.5226240158081055],[3.4992640018463135],
2026-10-05T09:06:55.810138+00:00,continuous coefficient 2D,1,"uniform(2D,10)",S10,S8,S8,"HybridSchwarz(torch.float64, Inv(), CUDSS)",False,10,10,10,6291456,75460608,{},8.147285417475128,"{'preprocessing time': 1.516319990158081, 'coarse solver setup time': 970.006103515625, 'local solver setup time': 350.8349609375, 'coarse solver solve time': 1.1508000373840332, 'local solver solve time': 1.4862272262573242}","[3.020015907287598, 3.0214271545410156, 3.023478317260742, 3.021311950683594, 3.022444725036621, 3.0210239410400392, 3.0207839965820313, 3.020595169067383, 3.019011116027832, 3.020102310180664]",[310.68084716796875],[1136.434814453125],[2496.834228515625],[3.291775941848755],[3.9253759384155273],
2026-10-05T09:07:00.184788+00:00,continuous coefficient 2D,1,"uniform(2D,10)",S10,S8,S8,"AdditiveSchwarz(torch.float64, Inv(torch.float32), CUDSS, const_dofs_per_coarse=False)",False,10,10,10,6291456,75460608,{},8.149084607859175,"{'preprocessing time': 1.5353920459747314, 'coarse solver setup time': 943.7811889648438, 'local solver setup time': 346.0406188964844, 'coarse solver solve time': 1.1507776260375977, 'local solver solve time': 0.8218912124633789}","[2.1178783416748046, 2.119465637207031, 2.1183839797973634, 2.1198272705078125, 2.1292192459106447, 2.117433547973633, 2.130201530456543, 2.1187807083129884, 2.11856632232666, 2.1170879364013673]",[310.37860107421875],[1116.2586669921875],[2085.880615234375],[2.8669118881225586],[3.844928026199341],
2026-10-05T09:07:04.809431+00:00,continuous coefficient 2D,1,"uniform(2D,10)",S10,S8,S8,"HybridSchwarz(torch.float64, Inv(torch.float32), CUDSS)",False,10,10,10,6291456,75460608,{},8.14728541747859,"{'preprocessing time': 1.7743359804153442, 'coarse solver setup time': 915.1689453125, 'local solver setup time': 351.70904541015625, 'coarse solver solve time': 1.1536319732666016, 'local solver solve time': 0.8219455718994141}","[2.353984069824219, 2.3533279418945314, 2.3554176330566405, 2.354431915283203, 2.3579872131347654, 2.353264045715332, 2.3541887283325194, 2.355193519592285, 2.3544607162475586, 2.3536224365234375]",[383.0282897949219],[1131.262939453125],[2179.744384765625],[12.350208282470703],[3.7400319576263428],
2026-10-05T09:07:09.013275+00:00,continuous coefficient 2D,1,"uniform(2D,10)",S10,S8,S8,"AdditiveSchwarz(torch.float64, Inv(torch.float16), CUDSS, const_dofs_per_coarse=False)",False,10,10,10,6291456,75460608,{},8.149084585657752,"{'preprocessing time': 1.557919979095459, 'coarse solver setup time': 957.0527954101562, 'local solver setup time': 356.0347595214844, 'coarse solver solve time': 1.1510656356811524, 'local solver solve time': 0.467683219909668}","[1.763983917236328, 1.7625440597534179, 1.7789247512817383, 1.7632415771484375, 1.7643295288085938, 1.762601661682129, 1.7643583297729493, 1.7628192901611328, 1.7634815216064452, 1.7639007568359375]",[322.6505432128906],[1140.114501953125],[1973.1285400390625],[7.4897918701171875],[3.982719898223877],
2026-10-05T09:07:13.313155+00:00,continuous coefficient 2D,1,"uniform(2D,10)",S10,S8,S8,"HybridSchwarz(torch.float64, Inv(torch.float16), CUDSS)",False,10,10,10,6291456,75460608,{},8.147285419907687,"{'preprocessing time': 1.5600639581680298, 'coarse solver setup time': 927.952392578125, 'local solver setup time': 357.0107116699219, 'coarse solver solve time': 1.1508000373840332, 'local solver solve time': 0.46762881278991697}","[1.9952608108520509, 1.9950624465942384, 1.997385597229004, 1.9971391677856445, 1.9952255249023438, 1.9958656311035157, 1.9958463668823243, 1.9958751678466797, 1.9963392257690429, 1.996384048461914]",[311.4051208496094],[1135.8499755859375],[2059.506103515625],[2.752671957015991],[4.593728065490723],
2026-10-05T09:07:17.487282+00:00,continuous coefficient 2D,1,"uniform(2D,10)",S10,S8,S8,"AdditiveSchwarz(torch.float64, Inv(torch.bfloat16), CUDSS, const_dofs_per_coarse=False)",False,10,10,10,6291456,75460608,{},8.149084522450414,"{'preprocessing time': 1.573472023010254, 'coarse solver setup time': 958.5746459960938, 'local solver setup time': 349.783203125, 'coarse solver solve time': 1.150217628479004, 'local solver solve time': 0.46826558113098143}","[1.768899154663086, 1.7631296157836913, 1.7616159439086914, 1.7623807907104492, 1.7772991180419921, 1.7629312515258788, 1.7632255554199219, 1.775644874572754, 1.7621631622314453, 1.7625856399536133]",[311.2160949707031],[1133.8768310546875],[1962.8780517578125],[2.919584035873413],[3.921855926513672],
2026-10-05T09:07:21.799700+00:00,continuous coefficient 2D,1,"uniform(2D,10)",S10,S8,S8,"HybridSchwarz(torch.float64, Inv(torch.bfloat16), CUDSS)",False,10,10,10,6291456,75460608,{},8.14728550266189,"{'preprocessing time': 1.6797759532928467, 'coarse solver setup time': 978.31787109375, 'local solver setup time': 355.073974609375, 'coarse solver solve time': 1.1487680435180665, 'local solver solve time': 0.46826558113098143}","[1.9964639663696289, 1.9955104827880858, 1.9963008880615234, 1.9964384078979491, 1.9973888397216797, 1.9960416793823241, 1.997817611694336, 1.9957599639892578, 1.9951488494873046, 1.9978399276733398]",[311.9075012207031],[1112.5137939453125],[2102.666748046875],[3.470911979675293],[3.6243200302124023],
2026-10-05T09:07:26.029138+00:00,continuous coefficient 2D,1,"uniform(2D,10)",S10,S8,S8,"AdditiveSchwarz(torch.float32, Inv(), CUDSS, const_dofs_per_coarse=False)",False,10,10,10,6291456,75460608,{},8.148812585049164,"{'preprocessing time': 1.538591980934143, 'coarse solver setup time': 950.1417236328125, 'local solver setup time': 331.767822265625, 'coarse solver solve time': 0.9905856132507325, 'local solver solve time': 0.7737152099609375}","[1.9497152328491212, 1.9506496429443358, 1.9493631362915038, 1.9498079299926758, 1.9509248733520508, 1.9510047912597657, 1.950601577758789, 1.9500288009643554, 1.949100875854492, 1.9485023498535157]",[313.9068603515625],[1116.9454345703125],[1993.4947509765625],[3.614176034927368],[4.346720218658447],
2026-10-05T09:07:30.282567+00:00,continuous coefficient 2D,1,"uniform(2D,10)",S10,S8,S8,"HybridSchwarz(torch.float32, Inv(), CUDSS)",False,10,10,10,6291456,75460608,{},8.147013169340852,"{'preprocessing time': 1.5202879905700684, 'coarse solver setup time': 956.5775146484375, 'local solver setup time': 326.7178955078125, 'coarse solver solve time': 0.9869183540344239, 'local solver solve time': 0.7742208003997803}","[2.153571128845215, 2.1558303833007812, 2.1553600311279295, 2.1615423202514648, 2.153548812866211, 2.153388786315918, 2.156777572631836, 2.157219123840332, 2.1537248611450197, 2.152601623535156]",[175.9336395263672],[1129.8631591796875],[2106.16455078125],[2.741503953933716],[3.753472089767456],
2026-10-05T09:07:34.254811+00:00,continuous coefficient 2D,1,"uniform(2D,10)",S10,S8,S8,"AdditiveSchwarz(torch.float32, Inv(torch.float16), CUDSS, const_dofs_per_coarse=False)",False,10,10,10,6291456,75460608,{},8.148814377571258,"{'preprocessing time': 1.5152000188827515, 'coarse solver setup time': 962.6983642578125, 'local solver setup time': 341.7228698730469, 'coarse solver solve time': 0.9904319763183593, 'local solver solve time': 0.43053441047668456}","[1.5974368095397948, 1.5961855888366698, 1.5969152450561523, 1.5954784393310546, 1.59399356842041, 1.5953472137451172, 1.5949664115905762, 1.5947584152221679, 1.5977888107299805, 1.5962783813476562]",[229.40182495117188],[1125.2921142578125],[1878.200927734375],[3.707871913909912],[3.870687961578369],
2026-10-05T09:07:38.373509+00:00,continuous coefficient 2D,1,"uniform(2D,10)",S10,S8,S8,"HybridSchwarz(torch.float32, Inv(torch.float16), CUDSS)",False,10,10,10,6291456,75460608,{},8.147013281422712,"{'preprocessing time': 1.5351999998092651, 'coarse solver setup time': 925.2750244140625, 'local solver setup time': 333.20098876953125, 'coarse solver solve time': 0.9899135589599609, 'local solver solve time': 0.43025918006896974}","[1.8062559127807618, 1.8058303833007812, 1.8181280136108398, 1.8077663421630858, 1.8178495407104491, 1.806764793395996, 1.806924819946289, 1.8020160675048829, 1.8070623397827148, 1.805276870727539]",[195.1966094970703],[1129.0740966796875],[1971.04248046875],[3.4515199661254883],[6.561567783355713],
2026-10-05T09:07:42.486429+00:00,continuous coefficient 2D,1,"uniform(2D,10)",S10,S8,S8,"AdditiveSchwarz(torch.float32, Inv(torch.bfloat16), CUDSS, const_dofs_per_coarse=False)",False,10,10,10,6291456,75460608,{},8.148812723000967,"{'preprocessing time': 3.334656000137329, 'coarse solver setup time': 1024.8492431640625, 'local solver setup time': 359.77923583984375, 'coarse solver solve time': 0.9890624046325683, 'local solver solve time': 0.4306496143341064}","[1.596729564666748, 1.5940320014953613, 1.5942336082458497, 1.5949567794799804, 1.6085887908935548, 1.5921695709228516, 1.5934368133544923, 1.5945599555969239, 1.5946623802185058, 1.5968128204345704]",[226.32797241210938],[1144.4149169921875],[1960.0682373046875],[3.217024087905884],[3.4691200256347656],
2026-10-05T09:07:46.682816+00:00,continuous coefficient 2D,1,"uniform(2D,10)",S10,S8,S8,"HybridSchwarz(torch.float32, Inv(torch.bfloat16), CUDSS)",False,10,10,10,6291456,75460608,{},8.147012711221901,"{'preprocessing time': 3.5802559852600098, 'coarse solver setup time': 1000.1062622070312, 'local solver setup time': 336.8643493652344, 'coarse solver solve time': 0.9897215843200684, 'local solver solve time': 0.43073282241821287}","[1.8069280624389648, 1.8075103759765625, 1.8136735916137696, 1.8047840118408203, 1.8067840576171874, 1.8068511962890625, 1.8030815124511719, 1.8034208297729493, 1.806812858581543, 1.8046815872192383]",[200.6641845703125],[1171.03466796875],[2026.595703125],[3.363136053085327],[4.427840232849121],
2026-10-05T09:07:52.267176+00:00,continuous coefficient 2D,1,"uniform(2D,10)",S10,S9,S9,"AdditiveSchwarz(torch.float64, Inv(), CUDSS, const_dofs_per_coarse=False)",False,10,10,10,6291456,75460608,{},9.698821963970191,"{'preprocessing time': 0.30908799171447754, 'coarse solver setup time': 1324.45361328125, 'local solver setup time': 281.5149841308594, 'coarse solver solve time': 2.9470624923706055, 'local solver solve time': 0.4453375816345215}","[3.577116775512695, 3.576367950439453, 3.580089569091797, 3.5777729034423826, 3.5806015014648436, 3.5798976898193358, 3.5992095947265623, 3.577475357055664, 3.576732635498047, 3.5798465728759767]",[232.36268615722656],[1117.405029296875],[2969.441162109375],[16.563648223876953],[12.288031578063965],
2026-10-05T09:07:57.803129+00:00,continuous coefficient 2D,1,"uniform(2D,10)",S10,S9,S9,"HybridSchwarz(torch.float64, Inv(), CUDSS)",False,10,10,10,6291456,75460608,{},9.698194480141787,"{'preprocessing time': 0.3201279938220978, 'coarse solver setup time': 1318.949951171875, 'local solver setup time': 274.852783203125, 'coarse solver solve time': 2.945881652832031, 'local solver solve time': 0.44585599899291994}","[3.864672088623047, 3.8588768005371095, 3.859689712524414, 3.8590240478515625, 3.8716384887695314, 3.8605056762695313, 3.8628353118896483, 3.8582622528076174, 3.877289581298828, 3.859539031982422]",[124.13507080078125],[1147.947998046875],[3071.48876953125],[3.569888114929199],[8.005824089050293],
2026-10-05T09:08:03.099563+00:00,continuous coefficient 2D,1,"uniform(2D,10)",S10,S9,S9,"AdditiveSchwarz(torch.float64, Inv(torch.float32), CUDSS, const_dofs_per_coarse=False)",False,10,10,10,6291456,75460608,{},9.698821963971758,"{'preprocessing time': 0.3208639919757843, 'coarse solver setup time': 1348.11572265625, 'local solver setup time': 276.52862548828125, 'coarse solver solve time': 2.9447935104370115, 'local solver solve time': 0.2600032091140747}","[3.500028610229492, 3.5030975341796875, 3.5016223907470705, 3.5173503875732424, 3.5059200286865235, 3.50184326171875, 3.5084510803222657, 3.500592041015625, 3.499068832397461, 3.5069438934326174]",[167.1458282470703],[1138.28564453125],[2916.21533203125],[3.573888063430786],[2.755647897720337],
2026-10-05T09:08:08.500952+00:00,continuous coefficient 2D,1,"uniform(2D,10)",S10,S9,S9,"HybridSchwarz(torch.float64, Inv(torch.float32), CUDSS)",False,10,10,10,6291456,75460608,{},9.6981944801431,"{'preprocessing time': 0.31939199566841125, 'coarse solver setup time': 1309.971435546875, 'local solver setup time': 279.7726745605469, 'coarse solver solve time': 2.942166328430176, 'local solver solve time': 0.25991039276123046}","[3.6783775329589843, 3.676713562011719, 3.6806591033935545, 3.6774623870849608, 3.678780746459961, 3.6801761627197265, 3.674435043334961, 3.678294372558594, 3.6774559020996094, 3.677366256713867]",[125.98028564453125],[1136.58935546875],[2993.4111328125],[2.9099199771881104],[3.364032030105591],
2026-10-05T09:08:13.692916+00:00,continuous coefficient 2D,1,"uniform(2D,10)",S10,S9,S9,"AdditiveSchwarz(torch.float64, Inv(torch.float16), CUDSS, const_dofs_per_coarse=False)",False,10,10,10,6291456,75460608,{},9.698821956094816,"{'preprocessing time': 0.3171840012073517, 'coarse solver setup time': 1276.8856201171875, 'local solver setup time': 280.9587097167969, 'coarse solver solve time': 2.94335994720459, 'local solver solve time': 0.16342719793319702}","[3.394793701171875, 3.396713638305664, 3.396656036376953, 3.3968223571777343, 3.3967361450195312, 3.3922977447509766, 3.3978111267089846, 3.39730224609375, 3.397411346435547, 3.396108627319336]",[164.86181640625],[1133.0875244140625],[2808.8740234375],[3.672703981399536],[3.3188159465789795],
2026-10-05T09:08:19.054625+00:00,continuous coefficient 2D,1,"uniform(2D,10)",S10,S9,S9,"HybridSchwarz(torch.float64, Inv(torch.float16), CUDSS)",False,10,10,10,6291456,75460608,{},9.69819447282729,"{'preprocessing time': 0.3033919930458069, 'coarse solver setup time': 1324.9967041015625, 'local solver setup time': 278.9851379394531, 'coarse solver solve time': 2.943606376647949, 'local solver solve time': 0.1644863963127136}","[3.5777919769287108, 3.5776512145996096, 3.5776992797851563, 3.5755905151367187, 3.5758689880371093, 3.576959991455078, 3.5793216705322264, 3.574758529663086, 3.5782432556152344, 3.575347137451172]",[127.1226577758789],[1126.57666015625],[2982.548828125],[3.560096025466919],[2.7976319789886475],
2026-10-05T09:08:24.280302+00:00,continuous coefficient 2D,1,"uniform(2D,10)",S10,S9,S9,"AdditiveSchwarz(torch.float64, Inv(torch.bfloat16), CUDSS, const_dofs_per_coarse=False)",False,10,10,10,6291456,75460608,{},9.698821997047768,"{'preprocessing time': 0.32044801115989685, 'coarse solver setup time': 1317.9285888671875, 'local solver setup time': 278.5388488769531, 'coarse solver solve time': 2.9414880752563475, 'local solver solve time': 0.16378240585327147}","[3.396799850463867, 3.396409606933594, 3.393587112426758, 3.4064800262451174, 3.3956863403320314, 3.399942398071289, 3.41229133605957, 3.3968318939208983, 3.3961246490478514, 3.3928543090820313]",[165.74453735351562],[1118.9979248046875],[2847.27783203125],[3.360640048980713],[2.788640022277832],
2026-10-05T09:08:29.608162+00:00,continuous coefficient 2D,1,"uniform(2D,10)",S10,S9,S9,"HybridSchwarz(torch.float64, Inv(torch.bfloat16), CUDSS)",False,10,10,10,6291456,75460608,{},9.698194528213861,"{'preprocessing time': 0.3182080090045929, 'coarse solver setup time': 1323.269287109375, 'local solver setup time': 276.6297607421875, 'coarse solver solve time': 2.9480831146240236, 'local solver solve time': 0.16380480527877808}","[3.5835006713867186, 3.581302261352539, 3.583180618286133, 3.5952449798583985, 3.5789791107177735, 3.5785953521728517, 3.5810943603515626, 3.5809406280517577, 3.5776287078857423, 3.5813472747802733]",[130.7681884765625],[1123.22998046875],[2967.316650390625],[3.4091200828552246],[2.7674560546875],
2026-10-05T09:08:34.663539+00:00,continuous coefficient 2D,1,"uniform(2D,10)",S10,S9,S9,"AdditiveSchwarz(torch.float32, Inv(), CUDSS, const_dofs_per_coarse=False)",False,10,10,10,6291456,75460608,{},9.696692241723145,"{'preprocessing time': 0.317984014749527, 'coarse solver setup time': 1312.9581298828125, 'local solver setup time': 269.4964904785156, 'coarse solver solve time': 2.6054367065429687, 'local solver solve time': 0.2316864013671875}","[3.1519840240478514, 3.1561216354370116, 3.1540704727172852, 3.155932807922363, 3.1561248779296873, 3.1540319442749025, 3.155926322937012, 3.154204750061035, 3.154105567932129, 3.1533599853515626]",[165.6261444091797],[1129.0555419921875],[2723.8681640625],[2.9557440280914307],[3.3411519527435303],
2026-10-05T09:08:39.876423+00:00,continuous coefficient 2D,1,"uniform(2D,10)",S10,S9,S9,"HybridSchwarz(torch.float32, Inv(), CUDSS)",False,10,10,10,6291456,75460608,{},9.696064926120664,"{'preprocessing time': 0.30582401156425476, 'coarse solver setup time': 1303.2091064453125, 'local solver setup time': 271.1782531738281, 'coarse solver solve time': 2.6027584075927734, 'local solver solve time': 0.2311840057373047}","[3.267871856689453, 3.271548843383789, 3.2694656372070314, 3.2700126647949217, 3.2703136444091796, 3.271379089355469, 3.2736801147460937, 3.269036865234375, 3.270537567138672, 3.2828319549560545]",[105.29840087890625],[1213.1962890625],[2826.3818359375],[3.4058239459991455],[3.35532808303833],
2026-10-05T09:08:44.861345+00:00,continuous coefficient 2D,1,"uniform(2D,10)",S10,S9,S9,"AdditiveSchwarz(torch.float32, Inv(torch.float16), CUDSS, const_dofs_per_coarse=False)",False,10,10,10,6291456,75460608,{},9.69669239659155,"{'preprocessing time': 0.3059520125389099, 'coarse solver setup time': 1303.0537109375, 'local solver setup time': 271.4004821777344, 'coarse solver solve time': 2.599331283569336, 'local solver solve time': 0.13636800050735473}","[3.0687231063842773, 3.080112075805664, 3.071097564697266, 3.0670848846435548, 3.0686208724975588, 3.0685407638549806, 3.07042236328125, 3.0793855667114256, 3.0674112319946287, 3.071536064147949]",[150.54464721679688],[1132.91650390625],[2676.718994140625],[3.7188799381256104],[2.848736047744751],
2026-10-05T09:08:49.897134+00:00,continuous coefficient 2D,1,"uniform(2D,10)",S10,S9,S9,"HybridSchwarz(torch.float32, Inv(torch.float16), CUDSS)",False,10,10,10,6291456,75460608,{},9.696062556342302,"{'preprocessing time': 0.3049919903278351, 'coarse solver setup time': 1269.2322998046875, 'local solver setup time': 269.294189453125, 'coarse solver solve time': 2.6007360458374023, 'local solver solve time': 0.13678079843521118}","[3.1779680252075195, 3.1822687149047852, 3.1818496704101564, 3.1793664932250976, 3.17706241607666, 3.1768863677978514, 3.1793792724609373, 3.1785791397094725, 3.1828479766845703, 3.1788543701171874]",[105.08025360107422],[1136.54052734375],[2752.4970703125],[3.3648641109466553],[3.380511999130249],
2026-10-05T09:08:54.885518+00:00,continuous coefficient 2D,1,"uniform(2D,10)",S10,S9,S9,"AdditiveSchwarz(torch.float32, Inv(torch.bfloat16), CUDSS, const_dofs_per_coarse=False)",False,10,10,10,6291456,75460608,{},9.696691341256997,"{'preprocessing time': 0.3147520124912262, 'coarse solver setup time': 1309.362548828125, 'local solver setup time': 270.8613586425781, 'coarse solver solve time': 2.6002880096435548, 'local solver solve time': 0.13608959913253785}","[3.069856071472168, 3.067385673522949, 3.068668746948242, 3.0673023223876954, 3.065724754333496, 3.07040958404541, 3.067580795288086, 3.0678272247314453, 3.068726348876953, 3.0647232055664064]",[142.58834838867188],[1123.68701171875],[2698.060791015625],[3.477663993835449],[2.789151906967163],
2026-10-05T09:08:59.887851+00:00,continuous coefficient 2D,1,"uniform(2D,10)",S10,S9,S9,"HybridSchwarz(torch.float32, Inv(torch.bfloat16), CUDSS)",False,10,10,10,6291456,75460608,{},9.696065714339651,"{'preprocessing time': 0.3181439936161041, 'coarse solver setup time': 1256.3677978515625, 'local solver setup time': 271.0650329589844, 'coarse solver solve time': 2.600259208679199, 'local solver solve time': 0.13617279529571533}","[3.1770912170410157, 3.188832092285156, 3.178335952758789, 3.179132843017578, 3.1817087173461913, 3.184073638916016, 3.178700828552246, 3.191948890686035, 3.177891159057617, 3.181360054016113]",[104.098876953125],[1125.0103759765625],[2743.104736328125],[3.4817919731140137],[2.7873919010162354],
2026-10-05T09:09:11.973206+00:00,continuous coefficient 2D,1,"uniform(2D,10)",S10,S10,S10,"AdditiveSchwarz(torch.float64, Inv(), CUDSS, const_dofs_per_coarse=False)",False,10,10,10,6291456,75460608,{},5.773864817110572,"{'preprocessing time': 0.5491520166397095, 'coarse solver setup time': 3254.887451171875, 'local solver setup time': 439.4995422363281, 'coarse solver solve time': 9.774569702148437, 'local solver solve time': 0.15648640394210817}","[10.435779571533203, 10.440975952148438, 10.451347351074219, 10.424002838134765, 10.4423583984375, 10.440290832519532, 10.420162963867188, 10.431852722167969, 10.442454528808593, 10.428160095214844]",[145.3271026611328],[1390.9420166015625],[7677.90283203125],[12.676992416381836],[11.461183547973633],
2026-10-05T09:09:25.403230+00:00,continuous coefficient 2D,1,"uniform(2D,10)",S10,S10,S10,"HybridSchwarz(torch.float64, Inv(), CUDSS)",False,10,10,10,6291456,75460608,{},5.773728944558818,"{'preprocessing time': 0.6639040112495422, 'coarse solver setup time': 3786.7060546875, 'local solver setup time': 482.1932373046875, 'coarse solver solve time': 9.777490997314453, 'local solver solve time': 0.15701440572738648}","[10.794278717041015, 10.808163452148438, 10.802262115478516, 10.8038818359375, 10.789155578613281, 10.819676971435547, 10.81338882446289, 10.811984252929687, 10.819840240478516, 10.83938217163086]",[130.09715270996094],[2117.071044921875],[8369.1044921875],[7.646880149841309],[10.541919708251953],
2026-10-05T09:09:38.577007+00:00,continuous coefficient 2D,1,"uniform(2D,10)",S10,S10,S10,"AdditiveSchwarz(torch.float64, Inv(torch.float32), CUDSS, const_dofs_per_coarse=False)",False,10,10,10,6291456,75460608,{},5.77386481711133,"{'preprocessing time': 0.5965120196342468, 'coarse solver setup time': 3703.176025390625, 'local solver setup time': 510.2295227050781, 'coarse solver solve time': 9.773596954345702, 'local solver solve time': 0.10914560556411743}","[10.487567901611328, 10.485721588134766, 10.486402893066407, 10.490367889404297, 10.504262542724609, 10.488419342041016, 10.488492584228515, 10.490038299560547, 10.503279876708984, 10.494355010986329]",[190.3702392578125],[2022.5927734375],[8178.1796875],[10.67296028137207],[11.340031623840332],
2026-10-05T09:09:51.559124+00:00,continuous coefficient 2D,1,"uniform(2D,10)",S10,S10,S10,"HybridSchwarz(torch.float64, Inv(torch.float32), CUDSS)",False,10,10,10,6291456,75460608,{},5.773728944559066,"{'preprocessing time': 0.6706240177154541, 'coarse solver setup time': 3617.327880859375, 'local solver setup time': 458.9329833984375, 'coarse solver solve time': 9.773750305175781, 'local solver solve time': 0.10917439460754394}","[10.787644958496093, 10.78125457763672, 10.78552017211914, 10.777347564697266, 10.775276947021485, 10.776825714111329, 10.769990539550781, 10.776937866210938, 10.767664337158203, 10.767628479003907]",[127.1968994140625],[1881.6025390625],[8154.93408203125],[11.253408432006836],[9.948479652404785],
2026-10-05T09:10:04.137079+00:00,continuous coefficient 2D,1,"uniform(2D,10)",S10,S10,S10,"AdditiveSchwarz(torch.float64, Inv(torch.float16), CUDSS, const_dofs_per_coarse=False)",False,10,10,10,6291456,75460608,{},5.773864822940209,"{'preprocessing time': 0.672927975654602, 'coarse solver setup time': 3553.082763671875, 'local solver setup time': 371.2520446777344, 'coarse solver solve time': 9.777954864501954, 'local solver solve time': 0.08838080167770386}","[10.473407745361328, 10.467308807373048, 10.472627258300781, 10.459149169921876, 10.486902618408203, 10.486643218994141, 10.461273956298829, 10.465206146240234, 10.471727752685547, 10.467424011230468]",[186.14874267578125],[1793.5462646484375],[7882.4462890625],[9.010592460632324],[11.307968139648438],
2026-10-05T09:10:17.027164+00:00,continuous coefficient 2D,1,"uniform(2D,10)",S10,S10,S10,"HybridSchwarz(torch.float64, Inv(torch.float16), CUDSS)",False,10,10,10,6291456,75460608,{},5.773728945425885,"{'preprocessing time': 0.669920027256012, 'coarse solver setup time': 3619.000732421875, 'local solver setup time': 387.9117126464844, 'coarse solver solve time': 9.780217742919922, 'local solver solve time': 0.0885312020778656}","[10.775769805908203, 10.753958129882813, 10.76015396118164, 10.75337905883789, 10.758396911621094, 10.748265838623047, 10.767014312744141, 10.760979461669923, 10.751014709472656, 10.757202911376954]",[128.712890625],[1927.865234375],[8077.26025390625],[8.904831886291504],[10.154463768005371],
2026-10-05T09:10:29.858443+00:00,continuous coefficient 2D,1,"uniform(2D,10)",S10,S10,S10,"AdditiveSchwarz(torch.float64, Inv(torch.bfloat16), CUDSS, const_dofs_per_coarse=False)",False,10,10,10,6291456,75460608,{},5.773864795986537,"{'preprocessing time': 0.6898239850997925, 'coarse solver setup time': 3652.273193359375, 'local solver setup time': 413.18756103515625, 'coarse solver solve time': 9.779881286621094, 'local solver solve time': 0.0882752001285553}","[10.479353332519532, 10.472918701171874, 10.496256256103516, 10.468147277832031, 10.478089904785156, 10.473846435546875, 10.463571166992187, 10.475225830078125, 10.477763366699218, 10.464975738525391]",[189.3167724609375],[1904.7340087890625],[8029.42431640625],[5.954336166381836],[10.686976432800293],
2026-10-05T09:10:42.942191+00:00,continuous coefficient 2D,1,"uniform(2D,10)",S10,S10,S10,"HybridSchwarz(torch.float64, Inv(torch.bfloat16), CUDSS)",False,10,10,10,6291456,75460608,{},5.773728960329935,"{'preprocessing time': 0.6648640036582947, 'coarse solver setup time': 3584.191162109375, 'local solver setup time': 404.200439453125, 'coarse solver solve time': 9.776761627197265, 'local solver solve time': 0.088646399974823}","[10.772582244873046, 10.75530548095703, 10.762671661376952, 10.757708740234374, 10.752204895019531, 10.762703704833985, 10.750224304199218, 10.753526306152343, 10.75537567138672, 10.748294067382812]",[122.01455688476562],[1844.113525390625],[8058.49365234375],[10.629983901977539],[10.60051155090332],
2026-10-05T09:10:55.160648+00:00,continuous coefficient 2D,1,"uniform(2D,10)",S10,S10,S10,"AdditiveSchwarz(torch.float32, Inv(), CUDSS, const_dofs_per_coarse=False)",False,10,10,10,6291456,75460608,{},5.773161897920434,"{'preprocessing time': 0.6270400285720825, 'coarse solver setup time': 3222.07177734375, 'local solver setup time': 522.310302734375, 'coarse solver solve time': 8.794774627685547, 'local solver solve time': 0.0818560004234314}","[9.473101043701172, 9.475682830810547, 9.467270660400391, 9.460614776611328, 9.48160629272461, 9.46016616821289, 9.473292541503906, 9.471686553955077, 9.468729400634766, 9.459961700439454]",[180.5296630859375],[2200.6650390625],[7304.533203125],[16.69273567199707],[15.613439559936523],
2026-10-05T09:11:06.235248+00:00,continuous coefficient 2D,1,"uniform(2D,10)",S10,S10,S10,"HybridSchwarz(torch.float32, Inv(), CUDSS)",False,10,10,10,6291456,75460608,{},5.773024346264409,"{'preprocessing time': 0.6036480069160461, 'coarse solver setup time': 3221.426513671875, 'local solver setup time': 254.03305053710938, 'coarse solver solve time': 8.794713592529297, 'local solver solve time': 0.08118079900741577}","[9.652828979492188, 9.655036926269531, 9.65987548828125, 9.668380737304688, 9.675206756591797, 9.657494354248048, 9.656678771972656, 9.64691162109375, 9.661587524414063, 9.663094329833985]",[135.5089569091797],[1278.255126953125],[7144.3583984375],[16.6395206451416],[15.463647842407227],
2026-10-05T09:11:16.707149+00:00,continuous coefficient 2D,1,"uniform(2D,10)",S10,S10,S10,"AdditiveSchwarz(torch.float32, Inv(torch.float16), CUDSS, const_dofs_per_coarse=False)",False,10,10,10,6291456,75460608,{},5.773158645418954,"{'preprocessing time': 0.578495979309082, 'coarse solver setup time': 2980.27392578125, 'local solver setup time': 249.10838317871094, 'coarse solver solve time': 8.779264068603515, 'local solver solve time': 0.05950719714164734}","[9.468000030517578, 9.461062622070312, 9.46875228881836, 9.462627410888672, 9.469574737548829, 9.46149139404297, 9.466515350341798, 9.462188720703125, 9.45827865600586, 9.456108856201173]",[163.8625030517578],[1218.482666015625],[6775.04736328125],[3.400576114654541],[3.5035839080810547],
2026-10-05T09:11:27.020288+00:00,continuous coefficient 2D,1,"uniform(2D,10)",S10,S10,S10,"HybridSchwarz(torch.float32, Inv(torch.float16), CUDSS)",False,10,10,10,6291456,75460608,{},5.773026232069741,"{'preprocessing time': 0.5767040252685547, 'coarse solver setup time': 2769.520751953125, 'local solver setup time': 251.7835235595703, 'coarse solver solve time': 8.776121520996094, 'local solver solve time': 0.05957760214805603}","[9.629740905761718, 9.632953643798828, 9.613616180419921, 9.625164794921876, 9.623693084716797, 9.631171417236327, 9.622675323486328, 9.628390502929687, 9.615833282470703, 9.617526245117187]",[101.44121551513672],[1204.994873046875],[6674.68994140625],[3.501728057861328],[3.3647360801696777],
2026-10-05T09:11:37.336572+00:00,continuous coefficient 2D,1,"uniform(2D,10)",S10,S10,S10,"AdditiveSchwarz(torch.float32, Inv(torch.bfloat16), CUDSS, const_dofs_per_coarse=False)",False,10,10,10,6291456,75460608,{},5.7731633463218275,"{'preprocessing time': 0.5666880011558533, 'coarse solver setup time': 2808.569580078125, 'local solver setup time': 258.6802673339844, 'coarse solver solve time': 8.78420181274414, 'local solver solve time': 0.05974400043487549}","[9.482608032226562, 9.468659210205079, 9.467565155029297, 9.46069107055664, 9.460857391357422, 9.482479858398438, 9.459900665283204, 9.464035034179688, 9.463807678222656, 9.46124496459961]",[161.56092834472656],[1210.895751953125],[6612.48974609375],[2.982464075088501],[3.3939199447631836],
2026-10-05T09:11:47.735731+00:00,continuous coefficient 2D,1,"uniform(2D,10)",S10,S10,S10,"HybridSchwarz(torch.float32, Inv(torch.bfloat16), CUDSS)",False,10,10,10,6291456,75460608,{},5.773021430230036,"{'preprocessing time': 0.5658559799194336, 'coarse solver setup time': 2850.995849609375, 'local solver setup time': 250.9219512939453, 'coarse solver solve time': 8.78070068359375, 'local solver solve time': 0.06004160046577454}","[9.63563232421875, 9.622246551513673, 9.626016235351562, 9.634544372558594, 9.627552032470703, 9.636080169677735, 9.627356719970702, 9.622828674316406, 9.627356719970702, 9.626483154296874]",[91.41840362548828],[1204.177001953125],[6762.3857421875],[3.4726719856262207],[2.9284799098968506],
2026-10-05T09:12:55.473978+00:00,continuous coefficient 2D,1,"uniform(2D,11)",S11,S9,S9,"CG(AdditiveSchwarz(torch.float64, Inv(), CUDSS, const_dofs_per_coarse=False), bsr_matmul=True)",False,0,1,10,25165824,301916160,"{'iterations': 78, 'residual norms': [0.05415558022970685, 8.147713377916888, 7.186541286847047, 9.667259221857607, 4.7051720531922285, 2.3205845267152525, 2.2144163572169484, 0.9172443658578228, 0.4790682071390228, 0.2637091211055952, 0.1491519716775595, 0.08403895092023035, 0.038724852774221385, 0.023226982162151848, 0.02453231375189445, 0.02242711084497197, 0.014802654039925386, 0.00987606516174221, 0.006865825331729349, 0.005301586816963859, 0.005260293852722568, 0.006264692139137915, 0.0037190636197714138, 0.001768790651714747, 0.0009831684443344139, 0.0005129219343339216, 0.00029208021196221764, 0.00024072811188443038, 0.00019900641652344635, 0.00013937503645484683, 0.00010261699933287814, 8.620649745670027e-05, 9.155352436949117e-05, 7.891816086110083e-05, 6.086579835586628e-05, 3.3331369029368766e-05, 1.6251310157268484e-05, 1.1809440081384974e-05, 9.001440994225538e-06, 6.301521449924636e-06, 4.843539002703839e-06, 3.2568937555372196e-06, 2.9528105553256827e-06, 1.8998969609280783e-06, 9.548005252990236e-07, 9.255359757646031e-07, 7.091391005676522e-07, 6.467346367719778e-07, 6.381547622592215e-07, 3.8577471554915433e-07, 3.466146287965659e-07, 3.203453878616684e-07, 1.566452797728107e-07, 8.897051845378523e-08, 4.7553845869706865e-08, 3.062914333197173e-08, 2.2933006854469545e-08, 1.8743022210985804e-08, 1.3148258069062137e-08, 1.0881942422669832e-08, 8.861248227303646e-09, 8.155045389348829e-09, 6.198194295401363e-09, 4.342474271865666e-09, 3.2651951123243273e-09, 3.007726612397e-09, 1.9181051387419637e-09, 1.8503297518878316e-09, 1.4213876310691448e-09, 6.108233833599004e-10, 3.692480105241277e-10, 3.168388241330813e-10, 1.6955756292545252e-10, 1.080909378184074e-10, 8.037139994239907e-11, 6.934367279522832e-11, 6.511859787585356e-11, 5.58486693213451e-11, 4.858372104017661e-11], 'preconditioner metadata': [{}, {}, {}, {}, {}, {}, {}, {}, {}, {}, {}, {}, {}, {}, {}, {}, {}, {}, {}, {}, {}, {}, {}, {}, {}, {}, {}, {}, {}, {}, {}, {}, {}, {}, {}, {}, {}, {}, {}, {}, {}, {}, {}, {}, {}, {}, {}, {}, {}, {}, {}, {}, {}, {}, {}, {}, {}, {}, {}, {}, {}, {}, {}, {}, {}, {}, {}, {}, {}, {}, {}, {}, {}, {}, {}, {}, {}, {}]}",4.8813914567979524e-11,,"[2286.19970703125, 1056.7655029296875, 1050.1571044921875, 1050.5499267578125, 1050.162841796875, 1050.253173828125, 1050.4937744140625, 1050.2896728515625, 1050.3963623046875, 1050.8104248046875]",[221.35533142089844],[1444.434814453125],[2215.1875],[11.085023880004883],[11.446880340576172],
2026-10-05T09:13:10.552922+00:00,continuous coefficient 2D,1,"uniform(2D,11)",S11,S9,S9,"CG(HybridSchwarz(torch.float64, Inv(), CUDSS), bsr_matmul=True)",False,0,1,10,25165824,301916160,"{'iterations': 62, 'residual norms': [8.147207715013716, 7.3006948083160745, 7.006286822767336, 2.282840391081124, 2.0094791443263516, 0.8086458490834503, 0.33597525374360654, 0.1554758446911706, 0.0684547532059683, 0.03444822497014757, 0.026687579842828595, 0.028058877080284948, 0.017448584719389367, 0.011886080954419082, 0.005291791216447634, 0.004939650248092683, 0.004938942676282011, 0.001928538119471011, 0.001151665061322792, 0.0007376229735887833, 0.0005558887039773462, 0.0003432401752183375, 0.00020671917991095707, 0.00024062081296262757, 0.00018015775695306651, 0.00010154213076651702, 4.3438586564959256e-05, 2.5893266273854654e-05, 2.2886734327886862e-05, 1.984760895214656e-05, 7.972054737432942e-06, 5.545832058198524e-06, 5.02624197773993e-06, 3.746258561720887e-06, 2.649460981107369e-06, 1.5888254207668168e-06, 1.3122328286327855e-06, 6.670310235382843e-07, 3.2984867596379614e-07, 2.5380211827881123e-07, 1.9261399468160613e-07, 1.2864456507139017e-07, 1.1616330848935325e-07, 6.602012372170313e-08, 4.69331566263872e-08, 3.356077404593223e-08, 2.899367467744663e-08, 1.672768700888084e-08, 8.545398538869885e-09, 6.8497628797895216e-09, 3.7146990075128775e-09, 2.3049586907652124e-09, 2.134225233058725e-09, 1.654875664796392e-09, 1.151449145930472e-09, 8.727241687328278e-10, 4.031065845964782e-10, 3.141771312012751e-10, 2.373369965126286e-10, 1.6535653405608715e-10, 9.23677250104025e-11, 5.912115835649774e-11, 4.261473960351068e-11], 'preconditioner metadata': [{}, {}, {}, {}, {}, {}, {}, {}, {}, {}, {}, {}, {}, {}, {}, {}, {}, {}, {}, {}, {}, {}, {}, {}, {}, {}, {}, {}, {}, {}, {}, {}, {}, {}, {}, {}, {}, {}, {}, {}, {}, {}, {}, {}, {}, {}, {}, {}, {}, {}, {}, {}, {}, {}, {}, {}, {}, {}, {}, {}, {}, {}]}",4.2830193409490454e-11,,"[867.9716186523438, 868.7700805664062, 868.3562622070312, 867.7737426757812, 871.0414428710938, 874.14990234375, 867.6437377929688, 868.1199951171875, 870.6537475585938, 868.1414184570312]",[1241.720947265625],[1372.144775390625],[2733.4765625],[11.12992000579834],[67.87439727783203],
2026-10-05T09:13:25.045372+00:00,continuous coefficient 2D,1,"uniform(2D,11)",S11,S9,S9,"CG(AdditiveSchwarz(torch.float64, Inv(torch.float32), CUDSS, const_dofs_per_coarse=False), bsr_matmul=True)",False,0,1,10,25165824,301916160,"{'iterations': 78, 'residual norms': [0.05415558022970685, 8.14771337791593, 7.1865412867477705, 9.667259221429791, 4.705172051080536, 2.3205845265446787, 2.214416356574697, 0.9172443646160302, 0.4790682059033348, 0.2637091210297706, 0.14915197170024674, 0.08403895082237288, 0.038724852769562716, 0.02322698202582146, 0.02453231320352818, 0.022427109738229613, 0.014802652163524811, 0.009876064556815375, 0.006865824470414908, 0.005301585935057556, 0.005260293754460439, 0.00626469160349332, 0.0037190632266566304, 0.0017687904374067537, 0.0009831683259990647, 0.0005129218836322213, 0.0002920801707319379, 0.0002407280847978139, 0.00019900638607584027, 0.0001393750134192956, 0.00010261697774196245, 8.620649565944004e-05, 9.15535086397828e-05, 7.891815263510049e-05, 6.086578349940919e-05, 3.333135733888984e-05, 1.6251308090972968e-05, 1.1809436958794792e-05, 9.00143966209581e-06, 6.301520488405788e-06, 4.843537809595787e-06, 3.256893512157934e-06, 2.9528099716839513e-06, 1.899896429564387e-06, 9.548004277564096e-07, 9.255357672295986e-07, 7.091390679752769e-07, 6.467345861646232e-07, 6.381546962553361e-07, 3.8577461993026444e-07, 3.466146437539292e-07, 3.203453320237789e-07, 1.5664521358020096e-07, 8.897046950790012e-08, 4.75538303443331e-08, 3.0629136683219356e-08, 2.293299887820283e-08, 1.8743017260371324e-08, 1.314825464040823e-08, 1.0881940564550307e-08, 8.861246374089697e-09, 8.155042536866523e-09, 6.198193094318204e-09, 4.342471506231077e-09, 3.265194908043016e-09, 3.007723895743715e-09, 1.918104941793264e-09, 1.8503287027180147e-09, 1.4213864420266916e-09, 6.108226371657658e-10, 3.69247992612422e-10, 3.168385715714445e-10, 1.6955737104758338e-10, 1.0809089193308642e-10, 8.037137808191821e-11, 6.934366249819525e-11, 6.511857515639295e-11, 5.584866549966695e-11, 4.858370133372839e-11], 'preconditioner metadata': [{}, {}, {}, {}, {}, {}, {}, {}, {}, {}, {}, {}, {}, {}, {}, {}, {}, {}, {}, {}, {}, {}, {}, {}, {}, {}, {}, {}, {}, {}, {}, {}, {}, {}, {}, {}, {}, {}, {}, {}, {}, {}, {}, {}, {}, {}, {}, {}, {}, {}, {}, {}, {}, {}, {}, {}, {}, {}, {}, {}, {}, {}, {}, {}, {}, {}, {}, {}, {}, {}, {}, {}, {}, {}, {}, {}, {}, {}]}",4.881373563242727e-11,,"[842.28125, 841.8833618164062, 844.5040893554688, 840.8860473632812, 840.920654296875, 840.9982299804688, 841.2821655273438, 841.4088745117188, 843.2660522460938, 841.662353515625]",[1286.519287109375],[1526.9757080078125],[2232.61279296875],[12.28377628326416],[16.705888748168945],
2026-10-05T09:13:38.106868+00:00,continuous coefficient 2D,1,"uniform(2D,11)",S11,S9,S9,"CG(HybridSchwarz(torch.float64, Inv(torch.float32), CUDSS), bsr_matmul=True)",False,0,1,10,25165824,301916160,"{'iterations': 62, 'residual norms': [8.14720771501371, 7.300694808164106, 7.0062868194288495, 2.2828403912188295, 2.0094791446896014, 0.8086458494624522, 0.33597525386619387, 0.15547584478592816, 0.0684547532508734, 0.03444822502196315, 0.026687579808148815, 0.02805887691851294, 0.017448584499147095, 0.01188608039091247, 0.0052917908739060085, 0.00493964978105401, 0.004938942167186453, 0.0019285378089432367, 0.001151664830272914, 0.0007376227846708117, 0.0005558885428809851, 0.00034324014728467174, 0.00020671916648801658, 0.00024062078545873712, 0.0001801577343729626, 0.00010154212246028596, 4.343858462168813e-05, 2.589326560891747e-05, 2.288673360865195e-05, 1.9847607915539246e-05, 7.972054563476287e-06, 5.545831939039159e-06, 5.0262420385483705e-06, 3.7462586942535906e-06, 2.6494609738196437e-06, 1.5888253359788495e-06, 1.3122327097347683e-06, 6.670310012945203e-07, 3.298486447884873e-07, 2.538020972914076e-07, 1.9261398359895812e-07, 1.2864455160112884e-07, 1.1616329126176431e-07, 6.602010631026394e-08, 4.693315221407889e-08, 3.3560772213122256e-08, 2.8993671375135625e-08, 1.6727682267310777e-08, 8.545395943536129e-09, 6.849759127924953e-09, 3.7146981326391414e-09, 2.3049582977971657e-09, 2.1342249872227694e-09, 1.6548754591071113e-09, 1.1514489426365098e-09, 8.727238803222987e-10, 4.031064595894513e-10, 3.141770955881384e-10, 2.37336975380296e-10, 1.6535650186190767e-10, 9.236770536374504e-11, 5.912114201113907e-11, 4.2614716543353325e-11], 'preconditioner metadata': [{}, {}, {}, {}, {}, {}, {}, {}, {}, {}, {}, {}, {}, {}, {}, {}, {}, {}, {}, {}, {}, {}, {}, {}, {}, {}, {}, {}, {}, {}, {}, {}, {}, {}, {}, {}, {}, {}, {}, {}, {}, {}, {}, {}, {}, {}, {}, {}, {}, {}, {}, {}, {}, {}, {}, {}, {}, {}, {}, {}, {}, {}]}",4.282972184553215e-11,,"[702.258544921875, 702.0213623046875, 701.7471313476562, 701.4901733398438, 703.375, 704.4301147460938, 701.6505126953125, 701.4110107421875, 701.4189453125, 701.3583984375]",[1253.286376953125],[1411.25927734375],[2728.182373046875],[11.41055965423584],[11.427743911743164],
2026-10-05T09:13:50.982856+00:00,continuous coefficient 2D,1,"uniform(2D,11)",S11,S9,S9,"CG(AdditiveSchwarz(torch.float64, Inv(torch.float16), CUDSS, const_dofs_per_coarse=False), bsr_matmul=True)",False,0,1,10,25165824,301916160,"{'iterations': 78, 'residual norms': [0.05415558022970685, 8.147713383990295, 7.186542909445728, 9.667268403253354, 4.705207925472961, 2.3205912761312733, 2.2144170762364594, 0.917274312407527, 0.47911965441691556, 0.2637511197512907, 0.14925222130374743, 0.08419071411450953, 0.03879959298432412, 0.0235015086974481, 0.02404144076082772, 0.022684979753244905, 0.015694909402184008, 0.009821716761710108, 0.007188832957031994, 0.005285129736818489, 0.005131685083931529, 0.006459048405633326, 0.003921287206825022, 0.001879522315598897, 0.0010144828015963788, 0.0005264111206922993, 0.0003026106312660404, 0.00023872085769962721, 0.0002028196405927159, 0.00014206547677574825, 0.00010491799410959214, 8.494095027197295e-05, 9.287043697119412e-05, 7.866172743248488e-05, 6.287632688150705e-05, 3.510433374855304e-05, 1.6605924060830307e-05, 1.2213176532040852e-05, 9.094311827231096e-06, 6.4088206298818025e-06, 4.963477380611675e-06, 3.272002345835167e-06, 3.0075258219786466e-06, 1.9777399304864463e-06, 9.73507479680489e-07, 9.414828808660774e-07, 7.070589001303458e-07, 6.494439277694794e-07, 6.368412529894569e-07, 4.044661973871832e-07, 3.350952690211801e-07, 3.255263598983372e-07, 1.7026418119470205e-07, 9.310187396068243e-08, 5.0373165908539385e-08, 3.126600201164252e-08, 2.35876826139592e-08, 1.8855927291817028e-08, 1.3508410810704268e-08, 1.0962118871404426e-08, 9.005556666203806e-09, 8.247274598770638e-09, 6.293801495168565e-09, 4.652846915928548e-09, 3.2018695535575823e-09, 3.141297303440903e-09, 1.918076081727104e-09, 1.905000992501329e-09, 1.457847937671812e-09, 7.07913565249629e-10, 3.7081886610107467e-10, 3.336374612224377e-10, 1.828612840504359e-10, 1.1085736414980153e-10, 8.299369078223705e-11, 6.872008837829462e-11, 6.473963197369338e-11, 5.645715968803544e-11, 4.941872557891539e-11], 'preconditioner metadata': [{}, {}, {}, {}, {}, {}, {}, {}, {}, {}, {}, {}, {}, {}, {}, {}, {}, {}, {}, {}, {}, {}, {}, {}, {}, {}, {}, {}, {}, {}, {}, {}, {}, {}, {}, {}, {}, {}, {}, {}, {}, {}, {}, {}, {}, {}, {}, {}, {}, {}, {}, {}, {}, {}, {}, {}, {}, {}, {}, {}, {}, {}, {}, {}, {}, {}, {}, {}, {}, {}, {}, {}, {}, {}, {}, {}, {}, {}]}",4.964485301131881e-11,,"[735.7061157226562, 730.8505859375, 730.876953125, 730.5167236328125, 730.383544921875, 732.0171508789062, 730.5531005859375, 730.7009887695312, 730.869384765625, 730.5798950195312]",[1252.7821044921875],[1398.9368896484375],[2250.668212890625],[11.838496208190918],[10.76159954071045],
2026-10-05T09:14:03.258528+00:00,continuous coefficient 2D,1,"uniform(2D,11)",S11,S9,S9,"CG(HybridSchwarz(torch.float64, Inv(torch.float16), CUDSS), bsr_matmul=True)",False,0,1,10,25165824,301916160,"{'iterations': 62, 'residual norms': [8.147207715013721, 7.300695739480068, 7.0063436552536205, 2.282858026081469, 2.0094834524348104, 0.8086634154684208, 0.3359951212606452, 0.1555081110947203, 0.06849544963707117, 0.03452275550398506, 0.026743812102243216, 0.028241856277808442, 0.01776303018303467, 0.012196014641792537, 0.005370907235941329, 0.004840095313463899, 0.004903930503807782, 0.0019923602370759837, 0.0011782152831917244, 0.0007494143792855376, 0.0005444991766743203, 0.0003410802836507107, 0.00021021525962145954, 0.00024051194702531123, 0.0001843838321684779, 0.00010361286714524067, 4.357919616510792e-05, 2.5949488594032124e-05, 2.311219867439378e-05, 1.9744967144508728e-05, 8.213530829772913e-06, 5.672799983006241e-06, 4.948793408101061e-06, 3.6606649347868246e-06, 2.7041817463162037e-06, 1.6943842950031668e-06, 1.3263300491290181e-06, 6.622998478906197e-07, 3.391893876715316e-07, 2.5404470487630337e-07, 1.9388101001840052e-07, 1.3313503828564157e-07, 1.1773338612528393e-07, 6.809797199587215e-08, 4.575016667350117e-08, 3.354530600150291e-08, 2.9636220569833245e-08, 1.8067241105111068e-08, 8.914429364511087e-09, 6.912517279015645e-09, 3.6911472918116146e-09, 2.3529620067805868e-09, 2.1559962609171004e-09, 1.6917693541855135e-09, 1.1814667980639046e-09, 9.041176318320305e-10, 4.1336289771393113e-10, 3.082918471013799e-10, 2.4048225258791233e-10, 1.7707680259946753e-10, 9.688067761189098e-11, 6.037639282328613e-11, 4.423921060149324e-11], 'preconditioner metadata': [{}, {}, {}, {}, {}, {}, {}, {}, {}, {}, {}, {}, {}, {}, {}, {}, {}, {}, {}, {}, {}, {}, {}, {}, {}, {}, {}, {}, {}, {}, {}, {}, {}, {}, {}, {}, {}, {}, {}, {}, {}, {}, {}, {}, {}, {}, {}, {}, {}, {}, {}, {}, {}, {}, {}, {}, {}, {}, {}, {}, {}, {}]}",4.44460546403916e-11,,"[613.675537109375, 613.3960571289062, 613.3577270507812, 613.9843139648438, 613.7339477539062, 613.6882934570312, 613.150390625, 613.2290649414062, 615.7611083984375, 613.8441772460938]",[1253.3448486328125],[1437.3470458984375],[2701.911376953125],[12.000255584716797],[60.03152084350586],
2026-10-05T09:14:16.823632+00:00,continuous coefficient 2D,1,"uniform(2D,11)",S11,S9,S9,"CG(AdditiveSchwarz(torch.float64, Inv(torch.bfloat16), CUDSS, const_dofs_per_coarse=False), bsr_matmul=True)",False,0,1,10,25165824,301916160,"{'iterations': 79, 'residual norms': [0.05415558022970685, 8.147713343769398, 7.186713496541392, 9.667584833507592, 4.707104227311822, 2.3209975840430124, 2.2144889998399178, 0.9195003817277462, 0.48237913488252654, 0.2662930729565717, 0.15434989975800156, 0.08950699420461632, 0.040654438204542794, 0.02673128039284427, 0.022238285497383173, 0.02323383184184871, 0.016771022850850918, 0.010025420140433419, 0.008244135123863522, 0.005249493437770422, 0.00503871291493777, 0.0068524003433089375, 0.004239953503198149, 0.0020958465809912245, 0.0010967221040218882, 0.0006004834305150588, 0.0003386302059593798, 0.00024434465081970045, 0.00021848046043379207, 0.0001484813431124169, 0.0001105394205428102, 8.617435315574248e-05, 9.613749881498753e-05, 7.984326801580489e-05, 6.717767901297787e-05, 3.905702679800414e-05, 1.878980454730531e-05, 1.372650530907576e-05, 9.830451480491658e-06, 7.160485395724698e-06, 5.280498321224255e-06, 3.6098779402167235e-06, 3.1264042511075864e-06, 2.281033670717123e-06, 1.1705262392808489e-06, 9.673530317814673e-07, 8.107957710310626e-07, 6.348789242152574e-07, 6.328148810431812e-07, 5.150368207963267e-07, 3.433038612827108e-07, 3.6663187688881255e-07, 2.355054942268056e-07, 1.1171844008956846e-07, 6.51654851685377e-08, 4.059652019946155e-08, 2.9430990157823282e-08, 2.1036155332203712e-08, 1.58919977295728e-08, 1.1680005583738314e-08, 1.0332130463213663e-08, 8.855567795455714e-09, 7.21174770798921e-09, 5.341462126693095e-09, 3.9191019626751884e-09, 3.232249275757303e-09, 2.4666581788250466e-09, 1.8637049247457842e-09, 1.7843253993478169e-09, 1.0580030375410083e-09, 5.680892733695791e-10, 4.2142058757451104e-10, 2.9913327461229625e-10, 1.4561264657250035e-10, 1.0028612139465466e-10, 7.483217204128996e-11, 7.040012183391245e-11, 5.8145095294012767e-11, 5.4723453047015604e-11, 4.211612717692557e-11], 'preconditioner metadata': [{}, {}, {}, {}, {}, {}, {}, {}, {}, {}, {}, {}, {}, {}, {}, {}, {}, {}, {}, {}, {}, {}, {}, {}, {}, {}, {}, {}, {}, {}, {}, {}, {}, {}, {}, {}, {}, {}, {}, {}, {}, {}, {}, {}, {}, {}, {}, {}, {}, {}, {}, {}, {}, {}, {}, {}, {}, {}, {}, {}, {}, {}, {}, {}, {}, {}, {}, {}, {}, {}, {}, {}, {}, {}, {}, {}, {}, {}, {}]}",4.2384263108018717e-11,,"[740.6954956054688, 740.822998046875, 742.257080078125, 740.0306396484375, 739.9345703125, 741.0556640625, 740.2404174804688, 740.2914428710938, 740.0198364257812, 739.85546875]",[1257.51904296875],[1418.0262451171875],[2275.119873046875],[11.799360275268555],[11.439007759094238],
2026-10-05T09:14:29.044983+00:00,continuous coefficient 2D,1,"uniform(2D,11)",S11,S9,S9,"CG(HybridSchwarz(torch.float64, Inv(torch.bfloat16), CUDSS), bsr_matmul=True)",False,0,1,10,25165824,301916160,"{'iterations': 62, 'residual norms': [8.147207715013714, 7.30084443063234, 7.009375631529191, 2.2839526108688544, 2.009909553887471, 0.8100022954117254, 0.3376045131329323, 0.15799887324138978, 0.07127560672647848, 0.038257051484283516, 0.02763199973839477, 0.02917462316098987, 0.019562323452933923, 0.012616044041755608, 0.0058728414617392295, 0.004756897680034357, 0.005065740109707556, 0.002625371145075975, 0.0012188585619896178, 0.000769191973815993, 0.0005453065207765941, 0.00036518954007160005, 0.00026116284715427544, 0.00020391912402648371, 0.00019431289683092534, 0.00011074290635942902, 5.250140742542678e-05, 2.8366241699595098e-05, 2.389546313408054e-05, 1.9491383941679265e-05, 1.1154113322308912e-05, 5.98514690190484e-06, 4.781983734393216e-06, 3.75636756336097e-06, 3.421890628982243e-06, 2.0161085544165987e-06, 1.2768878015496815e-06, 7.711962779689565e-07, 4.6650261404766705e-07, 2.64007495267697e-07, 2.0651393636400473e-07, 1.5524466251749796e-07, 1.1653071049578714e-07, 8.988867450050433e-08, 4.809712965489335e-08, 3.7604256344309324e-08, 2.9933428973635784e-08, 2.1561178319778672e-08, 1.1219139045020947e-08, 7.806378262580902e-09, 4.516045567361004e-09, 2.7473193142380045e-09, 2.1635910740071487e-09, 1.7678206635280046e-09, 1.3114065845401435e-09, 1.0261702675621196e-09, 6.019616466823258e-10, 3.3376810650729504e-10, 2.6696081137130686e-10, 1.894498471145584e-10, 1.236323333460071e-10, 8.224107783792675e-11, 5.32477617491518e-11], 'preconditioner metadata': [{}, {}, {}, {}, {}, {}, {}, {}, {}, {}, {}, {}, {}, {}, {}, {}, {}, {}, {}, {}, {}, {}, {}, {}, {}, {}, {}, {}, {}, {}, {}, {}, {}, {}, {}, {}, {}, {}, {}, {}, {}, {}, {}, {}, {}, {}, {}, {}, {}, {}, {}, {}, {}, {}, {}, {}, {}, {}, {}, {}, {}, {}]}",5.342065127627699e-11,,"[613.6068115234375, 613.6687622070312, 613.4497680664062, 613.4290161132812, 613.5829467773438, 614.1629028320312, 613.242431640625, 613.293212890625, 613.4277954101562, 613.4776000976562]",[1251.8973388671875],[1431.4007568359375],[2765.368408203125],[11.865311622619629],[11.276384353637695],
2026-10-05T09:14:42.792684+00:00,continuous coefficient 2D,1,"uniform(2D,11)",S11,S9,S9,"CG(AdditiveSchwarz(torch.float32, Inv(), CUDSS, const_dofs_per_coarse=False), bsr_matmul=True)",False,0,1,10,25165824,301916160,"{'iterations': 78, 'residual norms': [0.05415558022970685, 8.147763961464898, 7.186586578715405, 9.667295207287609, 4.705192618216566, 2.320594650810404, 2.2143945815984685, 0.9173196985204229, 0.47907096929060716, 0.2637117250546225, 0.1491521956567411, 0.08404522395044074, 0.03872665410591589, 0.02323695527723689, 0.024526751039940158, 0.022453023874798562, 0.014883830738466735, 0.009869993837350148, 0.006906239104275582, 0.005301469678933933, 0.005233093647203913, 0.006290440617109185, 0.003747153241234984, 0.001787901519225219, 0.0009897342473875702, 0.0005152941420627308, 0.00029386925534403367, 0.00024036259361268016, 0.00019968123229877587, 0.00013999102010341834, 0.000103101525574294, 8.595524419680797e-05, 9.187185298812859e-05, 7.890632112470271e-05, 6.130203232626572e-05, 3.3738955737877296e-05, 1.6309946708073388e-05, 1.1891686348595417e-05, 9.023588805439992e-06, 6.324092666760603e-06, 4.870980540257625e-06, 3.258464586447206e-06, 2.9661039108217302e-06, 1.9162537743110817e-06, 9.571325254683097e-07, 9.302138798073805e-07, 7.082508884100748e-07, 6.469054254714577e-07, 6.385693993410628e-07, 3.8822230979778775e-07, 3.449600716279418e-07, 3.212642105419381e-07, 1.5811052307632227e-07, 8.975225065749542e-08, 4.783681759049651e-08, 3.0705872698832816e-08, 2.3034037838373992e-08, 1.878067279423441e-08, 1.318262813059578e-08, 1.0895463297472941e-08, 8.874940532485902e-09, 8.182139902368994e-09, 6.204461581130331e-09, 4.371784608184807e-09, 3.2604361859884898e-09, 3.0314959702629017e-09, 1.917716096266737e-09, 1.8589256415177765e-09, 1.4291435501181532e-09, 6.182577492001389e-10, 3.69312698526759e-10, 3.1912041419627225e-10, 1.7154310246871722e-10, 1.0841922076660092e-10, 8.05590138244677e-11, 6.940269169696735e-11, 6.520803479683424e-11, 5.583728300903512e-11, 4.881599221862518e-11], 'preconditioner metadata': [{}, {}, {}, {}, {}, {}, {}, {}, {}, {}, {}, {}, {}, {}, {}, {}, {}, {}, {}, {}, {}, {}, {}, {}, {}, {}, {}, {}, {}, {}, {}, {}, {}, {}, {}, {}, {}, {}, {}, {}, {}, {}, {}, {}, {}, {}, {}, {}, {}, {}, {}, {}, {}, {}, {}, {}, {}, {}, {}, {}, {}, {}, {}, {}, {}, {}, {}, {}, {}, {}, {}, {}, {}, {}, {}, {}, {}, {}]}",4.904431334853591e-11,,"[807.2564697265625, 807.41015625, 806.4904174804688, 806.9697875976562, 806.796630859375, 806.568359375, 806.93603515625, 806.6906127929688, 806.9029541015625, 806.5807495117188]",[1234.278564453125],[1423.55908203125],[2396.2109375],[11.008928298950195],[10.935680389404297],
2026-10-05T09:14:54.947881+00:00,continuous coefficient 2D,1,"uniform(2D,11)",S11,S9,S9,"CG(HybridSchwarz(torch.float32, Inv(), CUDSS), bsr_matmul=True)",False,0,1,10,25165824,301916160,"{'iterations': 62, 'residual norms': [8.147017957545367, 7.300742082201693, 7.0062732156798795, 2.282844487075354, 2.009564001427689, 0.808641234655375, 0.33600840781589314, 0.15547392957667983, 0.06845719546452243, 0.03444695469360798, 0.0266886644688399, 0.028058212688159303, 0.017449900743108607, 0.011887040807385322, 0.005291084933535239, 0.00493957051279447, 0.0049361708545034395, 0.001928688467955708, 0.0011515821233514727, 0.0007377767530186288, 0.0005558600922784182, 0.0003433796752797695, 0.0002067073338828522, 0.0002406385685532888, 0.00018015570565499834, 0.00010154298994228327, 4.344104215384182e-05, 2.589463303757956e-05, 2.2888372470464883e-05, 1.9848104671461233e-05, 7.971095488215883e-06, 5.545878904772952e-06, 5.025581771035551e-06, 3.746251564733975e-06, 2.6492319033674655e-06, 1.5889379104581002e-06, 1.3123253816551812e-06, 6.670745456978686e-07, 3.298793144554162e-07, 2.537864567802483e-07, 1.9257095056702952e-07, 1.2861993476346025e-07, 1.1613694074112357e-07, 6.601866523732245e-08, 4.69251651754691e-08, 3.35559907659083e-08, 2.899262996464833e-08, 1.6726010837468443e-08, 8.54781493916089e-09, 6.8467082035828895e-09, 3.7145938192313736e-09, 2.304232243978655e-09, 2.133319394209851e-09, 1.6554630520558262e-09, 1.1510513582402478e-09, 8.731696113414722e-10, 4.0312196401761556e-10, 3.1421640967727627e-10, 2.3735547465805134e-10, 1.6543666885112184e-10, 9.23881684715349e-11, 5.913808936240011e-11, 4.261744982777209e-11], 'preconditioner metadata': [{}, {}, {}, {}, {}, {}, {}, {}, {}, {}, {}, {}, {}, {}, {}, {}, {}, {}, {}, {}, {}, {}, {}, {}, {}, {}, {}, {}, {}, {}, {}, {}, {}, {}, {}, {}, {}, {}, {}, {}, {}, {}, {}, {}, {}, {}, {}, {}, {}, {}, {}, {}, {}, {}, {}, {}, {}, {}, {}, {}, {}, {}]}",4.28321074958148e-11,,"[664.6637573242188, 663.9142456054688, 663.89990234375, 663.9676513671875, 664.0092163085938, 664.40625, 664.400390625, 663.9082641601562, 664.030029296875, 663.9158935546875]",[760.011962890625],[1438.9027099609375],[2677.449462890625],[12.229056358337402],[10.95571231842041],
2026-10-05T09:15:07.208879+00:00,continuous coefficient 2D,1,"uniform(2D,11)",S11,S9,S9,"CG(AdditiveSchwarz(torch.float32, Inv(torch.float16), CUDSS, const_dofs_per_coarse=False), bsr_matmul=True)",False,0,1,10,25165824,301916160,"{'iterations': 78, 'residual norms': [0.05415558022970685, 8.14776335970702, 7.186587646695971, 9.667303665813803, 4.705227971181582, 2.320601258712501, 2.2143958283601983, 0.9173489756561529, 0.47912276028761774, 0.26375371178323437, 0.14925231472399042, 0.08419659416552985, 0.03880112099976944, 0.023509743540672687, 0.02403776260181296, 0.022693719921558705, 0.015709560731275565, 0.009822373045088564, 0.007192202689008222, 0.005286308534510284, 0.005131141248094686, 0.0064636839524354, 0.003923740144089943, 0.001880821111696218, 0.0010148923544158015, 0.000526615851332325, 0.0003027843951631855, 0.00023876457729966506, 0.0002028751493120322, 0.00014216593435390388, 0.00010494356136885127, 8.494971116800998e-05, 9.289825929165603e-05, 7.867004574378992e-05, 6.290205349948336e-05, 3.513362025257028e-05, 1.661206440804893e-05, 1.2222029366229677e-05, 9.09627950002899e-06, 6.412443262725701e-06, 4.964743629519023e-06, 3.2726488930605027e-06, 3.0084955963739644e-06, 1.97882503944131e-06, 9.738534236921977e-07, 9.42024613844163e-07, 7.071555032848591e-07, 6.495241908423095e-07, 6.370702789367941e-07, 4.047089817613181e-07, 3.3506559491669934e-07, 3.2564675742615657e-07, 1.7038935486224809e-07, 9.316393569396402e-08, 5.0393010317307194e-08, 3.1278252262051485e-08, 2.3598031768611683e-08, 1.8860889909549786e-08, 1.3514547820555025e-08, 1.0963766593085968e-08, 9.0104907832477e-09, 8.252180765521428e-09, 6.2955222648464276e-09, 4.65621370057601e-09, 3.2028848468138627e-09, 3.1426872878706784e-09, 1.9187444686489793e-09, 1.9061095972060048e-09, 1.4583238018026761e-09, 7.083614171563182e-10, 3.710680542050839e-10, 3.3380786950277246e-10, 1.8302749359832386e-10, 1.1092021330940031e-10, 8.302428021266705e-11, 6.875222769855184e-11, 6.478862230286031e-11, 5.646960359357535e-11, 4.9450565254770315e-11], 'preconditioner metadata': [{}, {}, {}, {}, {}, {}, {}, {}, {}, {}, {}, {}, {}, {}, {}, {}, {}, {}, {}, {}, {}, {}, {}, {}, {}, {}, {}, {}, {}, {}, {}, {}, {}, {}, {}, {}, {}, {}, {}, {}, {}, {}, {}, {}, {}, {}, {}, {}, {}, {}, {}, {}, {}, {}, {}, {}, {}, {}, {}, {}, {}, {}, {}, {}, {}, {}, {}, {}, {}, {}, {}, {}, {}, {}, {}, {}, {}, {}]}",4.967688481944062e-11,,"[701.055908203125, 700.7307739257812, 701.0369262695312, 700.69091796875, 700.8997192382812, 705.5635986328125, 716.3414916992188, 701.2269897460938, 700.3786010742188, 700.1943969726562]",[920.1829833984375],[1457.7510986328125],[2204.55224609375],[10.871007919311523],[11.009696006774902],
2026-10-05T09:15:18.526648+00:00,continuous coefficient 2D,1,"uniform(2D,11)",S11,S9,S9,"CG(HybridSchwarz(torch.float32, Inv(torch.float16), CUDSS), bsr_matmul=True)",False,0,1,10,25165824,301916160,"{'iterations': 62, 'residual norms': [8.147019367683928, 7.300743157948115, 7.006330343155546, 2.282862414687128, 2.00956806200696, 0.808658952101275, 0.3360280951333638, 0.15550622745304996, 0.06849788257268768, 0.03452151995898738, 0.026744887656407864, 0.028241143439776652, 0.017764352055661407, 0.012196735243565002, 0.0053702128815213196, 0.0048400879701461725, 0.004900988086076615, 0.0019924227879512, 0.001178066672944215, 0.0007495446917009081, 0.0005444591132572414, 0.00034122462971125964, 0.00021020085998961206, 0.000240531968709775, 0.00018437257896893863, 0.00010361157621436967, 4.3580287151287204e-05, 2.5950675803201178e-05, 2.311327684919605e-05, 1.9745610229657202e-05, 8.212472453129262e-06, 5.672774363501025e-06, 4.947994177497985e-06, 3.6607178110121836e-06, 2.7039509250369086e-06, 1.6944896709172654e-06, 1.326378281216713e-06, 6.623568615292861e-07, 3.392137494829566e-07, 2.540485831742222e-07, 1.9382812160270827e-07, 1.3311758502153586e-07, 1.1769479557887955e-07, 6.809714694113784e-08, 4.574295548233198e-08, 3.3541622606468446e-08, 2.963452734273951e-08, 1.8064885197000113e-08, 8.915654859655196e-09, 6.910317820681837e-09, 3.6906217143742756e-09, 2.3525053137534815e-09, 2.154850305519839e-09, 1.6924595835713663e-09, 1.1809412906091447e-09, 9.045197229604814e-10, 4.133831859631069e-10, 3.083612297540146e-10, 2.404994434285299e-10, 1.7713007044236845e-10, 9.689172206184152e-11, 6.038248315096913e-11, 4.4240126809833164e-11], 'preconditioner metadata': [{}, {}, {}, {}, {}, {}, {}, {}, {}, {}, {}, {}, {}, {}, {}, {}, {}, {}, {}, {}, {}, {}, {}, {}, {}, {}, {}, {}, {}, {}, {}, {}, {}, {}, {}, {}, {}, {}, {}, {}, {}, {}, {}, {}, {}, {}, {}, {}, {}, {}, {}, {}, {}, {}, {}, {}, {}, {}, {}, {}, {}, {}]}",4.444603490438389e-11,,"[579.3280639648438, 579.509765625, 580.0497436523438, 579.5057983398438, 579.2732543945312, 579.5330810546875, 579.2943725585938, 579.5857543945312, 579.3977661132812, 579.3568725585938]",[758.128662109375],[1470.97265625],[2657.67626953125],[10.892255783081055],[11.495583534240723],
2026-10-05T09:15:30.859165+00:00,continuous coefficient 2D,1,"uniform(2D,11)",S11,S9,S9,"CG(AdditiveSchwarz(torch.float32, Inv(torch.bfloat16), CUDSS, const_dofs_per_coarse=False), bsr_matmul=True)",False,0,1,10,25165824,301916160,"{'iterations': 79, 'residual norms': [0.05415558022970685, 8.147764178517491, 7.186758972918322, 9.667619595081188, 4.7071248561612915, 2.321007828171472, 2.2144679811568917, 0.919576160313828, 0.4823814585294693, 0.2662958041290793, 0.15434904725406198, 0.08951018486141303, 0.040654388178561984, 0.026732401115172506, 0.022238271836234336, 0.023233811382911976, 0.01677340701705607, 0.010025301082143424, 0.008243888044544248, 0.005249740030213985, 0.0050385500870790126, 0.00685293146038203, 0.004240007835778977, 0.002095955834607358, 0.0010967333932333572, 0.0006004706004138549, 0.00033864546262639454, 0.00024434269486789807, 0.00021846304789489152, 0.0001485342525327284, 0.00011054081573925141, 8.618593315860535e-05, 9.612454245738788e-05, 7.984591776571597e-05, 6.717193549785744e-05, 3.906185417829236e-05, 1.8792472552917734e-05, 1.372719343992043e-05, 9.830762090122785e-06, 7.161799934581949e-06, 5.279910870824652e-06, 3.6098361640972386e-06, 3.126385918423482e-06, 2.2812641713367115e-06, 1.1705555498402866e-06, 9.67556533634838e-07, 8.107979765098661e-07, 6.349184472048931e-07, 6.329587831282819e-07, 5.150355837393326e-07, 3.43335657181061e-07, 3.666363750480769e-07, 2.3550058364256807e-07, 1.1172710988650302e-07, 6.517561471554472e-08, 4.0598283715442605e-08, 2.943354358763089e-08, 2.103915261033994e-08, 1.5893674547146453e-08, 1.1681930852988806e-08, 1.033516237391601e-08, 8.856771833102487e-09, 7.212490392170052e-09, 5.342546180490759e-09, 3.9197051734495165e-09, 3.232520873823515e-09, 2.4673351577190183e-09, 1.863928070740927e-09, 1.7844646532169208e-09, 1.0582467645784922e-09, 5.681523925298483e-10, 4.214399594031095e-10, 2.991467391343208e-10, 1.4561528257448902e-10, 1.0030823208705063e-10, 7.484794276136754e-11, 7.042776246357184e-11, 5.815252959199102e-11, 5.473769975566819e-11, 4.2123433685364474e-11], 'preconditioner metadata': [{}, {}, {}, {}, {}, {}, {}, {}, {}, {}, {}, {}, {}, {}, {}, {}, {}, {}, {}, {}, {}, {}, {}, {}, {}, {}, {}, {}, {}, {}, {}, {}, {}, {}, {}, {}, {}, {}, {}, {}, {}, {}, {}, {}, {}, {}, {}, {}, {}, {}, {}, {}, {}, {}, {}, {}, {}, {}, {}, {}, {}, {}, {}, {}, {}, {}, {}, {}, {}, {}, {}, {}, {}, {}, {}, {}, {}, {}, {}]}",4.239305666142843e-11,,"[709.5315551757812, 709.5176391601562, 709.3786010742188, 709.771728515625, 709.3187255859375, 709.5933227539062, 709.34814453125, 709.3943481445312, 709.2017822265625, 709.2139282226562]",[922.2935180664062],[1488.404296875],[2214.177734375],[11.032320022583008],[11.470399856567383],
2026-10-05T09:15:42.267023+00:00,continuous coefficient 2D,1,"uniform(2D,11)",S11,S9,S9,"CG(HybridSchwarz(torch.float32, Inv(torch.bfloat16), CUDSS), bsr_matmul=True)",False,0,1,10,25165824,301916160,"{'iterations': 62, 'residual norms': [8.147018515180791, 7.300891540595913, 7.009362504900299, 2.2839566206132806, 2.009994186814325, 0.8099974826018684, 0.33763710942392267, 0.1579968225990501, 0.0712784249715302, 0.03825618728011247, 0.027632592814369354, 0.029173111189979273, 0.019563935051943104, 0.012616361714123546, 0.005872589613816758, 0.004757001009688283, 0.005063242061981022, 0.0026251059821709335, 0.0012186374270425147, 0.0007693452010404992, 0.0005452569057880939, 0.00036533683300765614, 0.00026114708275004037, 0.00020396247471549583, 0.00019429080141047765, 0.00011074471851896153, 5.2498170119548654e-05, 2.8369302785972868e-05, 2.3896470038752962e-05, 1.9492766537352143e-05, 1.1153639746042665e-05, 5.984992954758725e-06, 4.781126383300422e-06, 3.756379910041407e-06, 3.4215460215304664e-06, 2.0161989410961003e-06, 1.2769496889326098e-06, 7.71224800320327e-07, 4.6649396312666236e-07, 2.640314258437144e-07, 2.064540350899471e-07, 1.5525313198856413e-07, 1.164819137116069e-07, 8.988874319888787e-08, 4.80942319522175e-08, 3.760127720014906e-08, 2.993289412707958e-08, 2.1559721716547736e-08, 1.1219336800234664e-08, 7.806865600318145e-09, 4.514502700160999e-09, 2.74809739537163e-09, 2.1620629344085384e-09, 1.768360154775226e-09, 1.3109625840375349e-09, 1.0262570594812937e-09, 6.019840256806189e-10, 3.3378428227154787e-10, 2.6698037663329956e-10, 1.89463396158887e-10, 1.2364128558027388e-10, 8.22412020799477e-11, 5.325661126551398e-11], 'preconditioner metadata': [{}, {}, {}, {}, {}, {}, {}, {}, {}, {}, {}, {}, {}, {}, {}, {}, {}, {}, {}, {}, {}, {}, {}, {}, {}, {}, {}, {}, {}, {}, {}, {}, {}, {}, {}, {}, {}, {}, {}, {}, {}, {}, {}, {}, {}, {}, {}, {}, {}, {}, {}, {}, {}, {}, {}, {}, {}, {}, {}, {}, {}, {}]}",5.342974965507832e-11,,"[578.5343017578125, 578.7949829101562, 578.6702880859375, 578.5327758789062, 578.5751342773438, 578.4237060546875, 578.5995483398438, 578.7903442382812, 578.8567504882812, 578.8541870117188]",[764.4087524414062],[1496.081298828125],[2680.755859375],[11.147744178771973],[58.911136627197266],
2026-10-05T09:15:58.242119+00:00,continuous coefficient 2D,1,"uniform(2D,11)",S11,S10,S10,"CG(AdditiveSchwarz(torch.float64, Inv(), CUDSS, const_dofs_per_coarse=False), bsr_matmul=True)",False,0,1,10,25165824,301916160,"{'iterations': 56, 'residual norms': [0.05415558022970685, 9.698435506655963, 8.7414042991118, 9.903712269059639, 2.649669949594741, 0.38884729561803566, 0.14601601520397203, 0.06976451465752141, 0.03485346779726508, 0.014517528711460715, 0.01302287070806117, 0.009025611708457636, 0.005942860554022743, 0.004843104847986925, 0.002857951623356009, 0.0024465473807351486, 0.001996411359266261, 0.001031153999220907, 0.000536511617233176, 0.00025283674523184904, 0.00013208683010724933, 0.00012060239703566496, 0.0001328694568698701, 6.823673969510351e-05, 3.197442936597294e-05, 1.9412551971907105e-05, 9.457571252780993e-06, 6.245223173950111e-06, 4.00751124231076e-06, 2.973287602342208e-06, 3.2680750069764243e-06, 1.8916663566236227e-06, 1.2624404023466662e-06, 7.25515466268327e-07, 4.341187271240724e-07, 1.8759819635865853e-07, 1.2157565562950257e-07, 9.110222219113574e-08, 8.30992816828531e-08, 6.007018428809536e-08, 3.5741300397821086e-08, 2.5303770883784243e-08, 1.9645005727311285e-08, 1.4422533790957321e-08, 7.36689698831894e-09, 4.191784869028496e-09, 2.5350829817655586e-09, 1.5914149209728833e-09, 9.625589499409289e-10, 9.145015589542255e-10, 7.118207254874207e-10, 5.549489162920627e-10, 3.1848596271035535e-10, 1.6242121168760355e-10, 9.276956996286314e-11, 6.084424882680749e-11, 3.556409873375347e-11], 'preconditioner metadata': [{}, {}, {}, {}, {}, {}, {}, {}, {}, {}, {}, {}, {}, {}, {}, {}, {}, {}, {}, {}, {}, {}, {}, {}, {}, {}, {}, {}, {}, {}, {}, {}, {}, {}, {}, {}, {}, {}, {}, {}, {}, {}, {}, {}, {}, {}, {}, {}, {}, {}, {}, {}, {}, {}, {}, {}]}",3.579567556851675e-11,,"[921.5282592773438, 921.3132934570312, 920.8599853515625, 920.9757080078125, 921.1202392578125, 920.9119873046875, 921.1459350585938, 920.6875, 920.98681640625, 921.1229858398438]",[941.7818603515625],[1482.4228515625],[3701.38037109375],[11.134112358093262],[11.389056205749512],
2026-10-05T09:16:11.627899+00:00,continuous coefficient 2D,1,"uniform(2D,11)",S11,S10,S10,"CG(HybridSchwarz(torch.float64, Inv(), CUDSS), bsr_matmul=True)",False,0,1,10,25165824,301916160,"{'iterations': 39, 'residual norms': [9.69835960800034, 9.188453499020797, 4.259530619281457, 0.7042802075514921, 0.29087332825772033, 0.0771148683858317, 0.02621713476808625, 0.0157595058451726, 0.014764895034372049, 0.0040089205846221936, 0.002538444405309833, 0.0016519158695175906, 0.0010201879242311754, 0.0004999008035958702, 0.00011778793446003815, 7.954018890603094e-05, 6.698054745433253e-05, 4.133571335867245e-05, 1.479281407325186e-05, 8.260226177514406e-06, 3.145154506006792e-06, 1.6491862350604794e-06, 1.2108044155767754e-06, 5.842735371999081e-07, 5.276400297910346e-07, 2.6473541171097934e-07, 1.529791594921451e-07, 1.0803160120763082e-07, 4.779862849146409e-08, 1.8582948965309473e-08, 6.763910819974965e-09, 5.58316734148623e-09, 3.7438241758681485e-09, 2.1739783509433584e-09, 1.2744934331401813e-09, 7.699190432662516e-10, 3.529201381742505e-10, 2.323023795742885e-10, 1.0663090709224567e-10, 4.739948787030382e-11], 'preconditioner metadata': [{}, {}, {}, {}, {}, {}, {}, {}, {}, {}, {}, {}, {}, {}, {}, {}, {}, {}, {}, {}, {}, {}, {}, {}, {}, {}, {}, {}, {}, {}, {}, {}, {}, {}, {}, {}, {}, {}, {}]}",4.752742253775879e-11,,"[678.2462768554688, 678.1158447265625, 678.1542358398438, 678.74853515625, 677.8134155273438, 677.8306884765625, 678.0384521484375, 678.0247802734375, 678.0755615234375, 678.1112670898438]",[500.6062927246094],[1516.3695068359375],[3953.644775390625],[10.934368133544922],[10.880576133728027],
2026-10-05T09:16:26.717507+00:00,continuous coefficient 2D,1,"uniform(2D,11)",S11,S10,S10,"CG(AdditiveSchwarz(torch.float64, Inv(torch.float32), CUDSS, const_dofs_per_coarse=False), bsr_matmul=True)",False,0,1,10,25165824,301916160,"{'iterations': 56, 'residual norms': [0.05415558022970685, 9.698435506655409, 8.741404299177406, 9.903712268522613, 2.6496699496549727, 0.3888472958036355, 0.14601601530467428, 0.06976451459809571, 0.034853467723509945, 0.014517528668544586, 0.013022870635855282, 0.009025611731653392, 0.005942860641223585, 0.004843104773280571, 0.002857951755964979, 0.0024465472088155585, 0.001996411202300605, 0.0010311538882823118, 0.0005365114607074941, 0.00025283669300713024, 0.0001320868060525503, 0.00012060237534003514, 0.0001328694402471991, 6.823670825254079e-05, 3.197442189218405e-05, 1.9412547614372186e-05, 9.457569405688704e-06, 6.2452219187915676e-06, 4.007510443152777e-06, 2.9732869883268334e-06, 3.2680745104528634e-06, 1.8916656583340628e-06, 1.2624400824262222e-06, 7.255152829598414e-07, 4.3411852985140886e-07, 1.875981580568034e-07, 1.2157564659790927e-07, 9.110221198414069e-08, 8.30992846086566e-08, 6.007018038045295e-08, 3.574129749269644e-08, 2.5303771975419474e-08, 1.9645005715031726e-08, 1.4422534201531826e-08, 7.366897037782865e-09, 4.191784741743304e-09, 2.5350828262813925e-09, 1.5914150064223597e-09, 9.625589240295175e-10, 9.14501793353501e-10, 7.118208374386529e-10, 5.549489424446421e-10, 3.1848597503721626e-10, 1.624212319862837e-10, 9.276957321222735e-11, 6.084425427782936e-11, 3.556410047683257e-11], 'preconditioner metadata': [{}, {}, {}, {}, {}, {}, {}, {}, {}, {}, {}, {}, {}, {}, {}, {}, {}, {}, {}, {}, {}, {}, {}, {}, {}, {}, {}, {}, {}, {}, {}, {}, {}, {}, {}, {}, {}, {}, {}, {}, {}, {}, {}, {}, {}, {}, {}, {}, {}, {}, {}, {}, {}, {}, {}, {}]}",3.5795480349753143e-11,,"[879.9794921875, 879.8285522460938, 879.5658569335938, 879.3596801757812, 879.6131591796875, 879.5855712890625, 879.5442504882812, 879.2596435546875, 879.350341796875, 879.2374267578125]",[652.4921875],[1508.599365234375],[3489.218505859375],[11.133760452270508],[10.937472343444824],
2026-10-05T09:16:39.865636+00:00,continuous coefficient 2D,1,"uniform(2D,11)",S11,S10,S10,"CG(HybridSchwarz(torch.float64, Inv(torch.float32), CUDSS), bsr_matmul=True)",False,0,1,10,25165824,301916160,"{'iterations': 39, 'residual norms': [9.698359608000342, 9.188453499067784, 4.259530619084897, 0.704280207789635, 0.29087332837148616, 0.077114868491765, 0.02621713471717998, 0.015759505750749806, 0.014764894937530037, 0.004008920251048762, 0.002538443585049952, 0.0016519141022505763, 0.0010201865699920052, 0.0004999004145276509, 0.0001177878644344239, 7.954018091068514e-05, 6.698054273359611e-05, 4.1335711981510305e-05, 1.479281456747456e-05, 8.260228029659508e-06, 3.1451554541621157e-06, 1.6491853408285524e-06, 1.2108046276693287e-06, 5.842738537311996e-07, 5.276399149229512e-07, 2.647357549192709e-07, 1.5297902574334219e-07, 1.0803182945032792e-07, 4.779858746472135e-08, 1.858298560732322e-08, 6.763917030343596e-09, 5.583155149175343e-09, 3.7438210108974316e-09, 2.1739801872548475e-09, 1.2744945707075193e-09, 7.699209724733333e-10, 3.529201642386146e-10, 2.3230243881968552e-10, 1.066311578780227e-10, 4.7399545372447675e-11], 'preconditioner metadata': [{}, {}, {}, {}, {}, {}, {}, {}, {}, {}, {}, {}, {}, {}, {}, {}, {}, {}, {}, {}, {}, {}, {}, {}, {}, {}, {}, {}, {}, {}, {}, {}, {}, {}, {}, {}, {}, {}, {}]}",4.752777160007729e-11,,"[649.2957153320312, 649.4103393554688, 649.2366943359375, 648.9005126953125, 649.2705078125, 649.0255737304688, 649.0685424804688, 649.0538940429688, 649.1966552734375, 649.0457153320312]",[501.67327880859375],[1556.286376953125],[3973.7734375],[11.139328002929688],[11.069631576538086],
2026-10-05T09:16:54.862292+00:00,continuous coefficient 2D,1,"uniform(2D,11)",S11,S10,S10,"CG(AdditiveSchwarz(torch.float64, Inv(torch.float16), CUDSS, const_dofs_per_coarse=False), bsr_matmul=True)",False,0,1,10,25165824,301916160,"{'iterations': 56, 'residual norms': [0.05415558022970685, 9.698435509833958, 8.741404927914196, 9.903714238042943, 2.6496832101519336, 0.38885616375485327, 0.14606273913211187, 0.06981705298309336, 0.03498689410493781, 0.014601996313206304, 0.013206113301910894, 0.00993017649198565, 0.006576202633022197, 0.004780949315979025, 0.0036504536822372815, 0.002302083489505539, 0.0020834484183994842, 0.0011826093672815557, 0.0006511403321199399, 0.00027826822266705984, 0.0001433258699142473, 0.00011608428807553173, 0.0001301635265525759, 9.362941580321791e-05, 3.39888642275008e-05, 2.1197507545112608e-05, 1.0909668761872406e-05, 6.564782455428068e-06, 4.3181734499556e-06, 3.061691960795531e-06, 3.1227451871852663e-06, 2.2161307356159256e-06, 1.3041432694068266e-06, 7.985712684394621e-07, 4.993633958903941e-07, 2.0875004933220045e-07, 1.30512093639035e-07, 9.867481907873529e-08, 8.09729463813254e-08, 6.538986143739252e-08, 3.995631409098541e-08, 2.5873118476917607e-08, 2.1738642044739465e-08, 1.5769278543889828e-08, 8.300127517871129e-09, 4.781922665182037e-09, 2.872102531655637e-09, 1.6729795122406332e-09, 1.0734571236172045e-09, 8.901965993884015e-10, 7.368923042041903e-10, 6.071390092066511e-10, 3.6332500748454854e-10, 1.8246627591579618e-10, 1.1374200150793489e-10, 7.098299852491297e-11, 4.373573618321976e-11], 'preconditioner metadata': [{}, {}, {}, {}, {}, {}, {}, {}, {}, {}, {}, {}, {}, {}, {}, {}, {}, {}, {}, {}, {}, {}, {}, {}, {}, {}, {}, {}, {}, {}, {}, {}, {}, {}, {}, {}, {}, {}, {}, {}, {}, {}, {}, {}, {}, {}, {}, {}, {}, {}, {}, {}, {}, {}, {}, {}]}",4.392334780631381e-11,,"[858.3041381835938, 858.1217041015625, 857.7133178710938, 857.9607543945312, 857.8135986328125, 858.044677734375, 857.8271484375, 857.9453125, 858.0863647460938, 868.2061767578125]",[653.9564208984375],[1531.8468017578125],[3528.47998046875],[12.30838394165039],[18.304927825927734],
2026-10-05T09:17:08.129741+00:00,continuous coefficient 2D,1,"uniform(2D,11)",S11,S10,S10,"CG(HybridSchwarz(torch.float64, Inv(torch.float16), CUDSS), bsr_matmul=True)",False,0,1,10,25165824,301916160,"{'iterations': 40, 'residual norms': [9.698359608000358, 9.188453153927231, 4.259556325303213, 0.7042876799206995, 0.2909024389165273, 0.07718629267897595, 0.02625067904315446, 0.015780495887273413, 0.01481508961289732, 0.004958552192958209, 0.0028208705400199034, 0.0018511025221227084, 0.001039395639906407, 0.0005525554572597839, 0.00018133070210985384, 7.522295240294872e-05, 6.7672238857893e-05, 4.60973827713624e-05, 1.926581785920189e-05, 1.0561130267062499e-05, 3.856907683158713e-06, 1.7486729605741302e-06, 1.4150074148205414e-06, 7.014932469632368e-07, 5.120057000447925e-07, 3.3959791793024013e-07, 1.6949031002114592e-07, 1.278711511491957e-07, 5.721971070306078e-08, 2.762529458793997e-08, 8.502074442264353e-09, 5.4352755661471286e-09, 4.279235735115111e-09, 2.7687147639807965e-09, 1.4091371948309822e-09, 9.144945529823342e-10, 4.2670422267904674e-10, 2.658722808183181e-10, 1.3321397114763051e-10, 5.777228967627521e-11, 3.0797215047952094e-11], 'preconditioner metadata': [{}, {}, {}, {}, {}, {}, {}, {}, {}, {}, {}, {}, {}, {}, {}, {}, {}, {}, {}, {}, {}, {}, {}, {}, {}, {}, {}, {}, {}, {}, {}, {}, {}, {}, {}, {}, {}, {}, {}, {}]}",3.0997887255658855e-11,,"[650.8743896484375, 650.1060180664062, 651.1898803710938, 650.3987426757812, 650.639892578125, 650.0765380859375, 650.0673217773438, 650.2628784179688, 649.854736328125, 650.1539306640625]",[531.665771484375],[1582.9954833984375],[3982.896240234375],[11.114015579223633],[10.821248054504395],
2026-10-05T09:17:23.423506+00:00,continuous coefficient 2D,1,"uniform(2D,11)",S11,S10,S10,"CG(AdditiveSchwarz(torch.float64, Inv(torch.bfloat16), CUDSS, const_dofs_per_coarse=False), bsr_matmul=True)",False,0,1,10,25165824,301916160,"{'iterations': 58, 'residual norms': [0.05415558022970685, 9.698435511007814, 8.741474947314687, 9.903652516299783, 2.6506330594482685, 0.38954571216689426, 0.14851717871734638, 0.07149874758011347, 0.037839146253113236, 0.015594867535057486, 0.01362672526194433, 0.011128279695624832, 0.006872509256870582, 0.005063138879402573, 0.004352970206646075, 0.0023161783222086685, 0.002291512415881523, 0.0013929901506158787, 0.0007119901412126802, 0.00034031896076660553, 0.00017355660496246467, 0.00011707458941644246, 0.00013313188091301336, 0.00011563105108289668, 4.4224324796548254e-05, 2.8967156316434554e-05, 1.4975217848740002e-05, 8.319354965096992e-06, 5.313189565180934e-06, 3.471624553098144e-06, 3.1708652365102663e-06, 2.9601898043099123e-06, 1.5984796595391196e-06, 1.0946112947237555e-06, 6.633167024111128e-07, 3.335617699161741e-07, 2.2654225403456695e-07, 1.7296997792707265e-07, 1.1635917120089054e-07, 7.583949746005877e-08, 4.560165741624084e-08, 3.137170143202566e-08, 3.152783161034049e-08, 2.3971589980536354e-08, 1.4524634430402162e-08, 7.613438181012383e-09, 4.5015302085207316e-09, 2.6112712725806185e-09, 1.4712104354847387e-09, 1.0468915854911166e-09, 8.32180559716346e-10, 6.747052378587364e-10, 5.150629733776993e-10, 3.065438593750749e-10, 2.0522362734906474e-10, 1.3291720373559914e-10, 9.625658244767749e-11, 6.213677949065076e-11, 3.8431747925420457e-11], 'preconditioner metadata': [{}, {}, {}, {}, {}, {}, {}, {}, {}, {}, {}, {}, {}, {}, {}, {}, {}, {}, {}, {}, {}, {}, {}, {}, {}, {}, {}, {}, {}, {}, {}, {}, {}, {}, {}, {}, {}, {}, {}, {}, {}, {}, {}, {}, {}, {}, {}, {}, {}, {}, {}, {}, {}, {}, {}, {}, {}, {}]}",3.8652419215967395e-11,,"[888.7506713867188, 888.170654296875, 888.2283325195312, 888.3325805664062, 888.2828369140625, 888.52392578125, 888.2612915039062, 888.250732421875, 888.3568725585938, 888.4434814453125]",[657.3402099609375],[1555.615478515625],[3537.279541015625],[10.904224395751953],[11.480256080627441],
2026-10-05T09:17:36.573314+00:00,continuous coefficient 2D,1,"uniform(2D,11)",S11,S10,S10,"CG(HybridSchwarz(torch.float64, Inv(torch.bfloat16), CUDSS), bsr_matmul=True)",False,0,1,10,25165824,301916160,"{'iterations': 40, 'residual norms': [9.698359608000361, 9.188505521536149, 4.261171184016542, 0.7049010540757963, 0.29306954290308845, 0.08145107303707817, 0.02782909981615466, 0.01668673632962658, 0.016293656768972032, 0.010499588347491146, 0.00276488676831377, 0.0022000922475585356, 0.0012472135160632389, 0.000702075046757635, 0.0002730586373424422, 9.164304569685371e-05, 8.844295143605425e-05, 5.4871728214776874e-05, 2.9591732487051183e-05, 1.4540463160188338e-05, 7.227926156375075e-06, 2.4648221578963852e-06, 1.6892061599977841e-06, 1.0554041531524077e-06, 6.466490856177931e-07, 4.826910678332044e-07, 2.2168824631165236e-07, 1.6802480885227154e-07, 9.312747351698387e-08, 3.78449261962439e-08, 1.541113689976764e-08, 7.841641062273981e-09, 6.269485295134863e-09, 3.840437412128683e-09, 2.3990140606726437e-09, 1.4256237714786798e-09, 7.358612456530492e-10, 4.146295145614092e-10, 2.4209906217480096e-10, 1.0872350814936562e-10, 4.9348870268399814e-11], 'preconditioner metadata': [{}, {}, {}, {}, {}, {}, {}, {}, {}, {}, {}, {}, {}, {}, {}, {}, {}, {}, {}, {}, {}, {}, {}, {}, {}, {}, {}, {}, {}, {}, {}, {}, {}, {}, {}, {}, {}, {}, {}, {}]}",4.947499351603165e-11,,"[650.8724975585938, 650.3453979492188, 650.1953735351562, 650.2163696289062, 650.2869262695312, 649.8971557617188, 650.0975341796875, 650.40576171875, 650.071533203125, 650.5142211914062]",[501.415771484375],[1561.1630859375],[3946.21142578125],[11.056320190429688],[11.557120323181152],
2026-10-05T09:17:51.127637+00:00,continuous coefficient 2D,1,"uniform(2D,11)",S11,S10,S10,"CG(AdditiveSchwarz(torch.float32, Inv(), CUDSS, const_dofs_per_coarse=False), bsr_matmul=True)",False,0,1,10,25165824,301916160,"{'iterations': 56, 'residual norms': [0.05415558022970685, 9.698281744911906, 8.741262352185778, 9.903625022262544, 2.6496010684752616, 0.38886463699184587, 0.14603202758565084, 0.06975937682652855, 0.03485820187854272, 0.014521918926488207, 0.01303475396638769, 0.009086596132556793, 0.006047186525649868, 0.004823764746144801, 0.003178459436682509, 0.0023564136526408844, 0.0020115557751811987, 0.0010606311655900755, 0.0005756884979950978, 0.0002633530722100535, 0.00013581788036679115, 0.00011829420771262729, 0.00013134633053877572, 7.671338236141229e-05, 3.270386903901996e-05, 1.9962192187455776e-05, 9.885052276379768e-06, 6.366356115768357e-06, 4.107723629426436e-06, 2.9891859491844853e-06, 3.2023326905566442e-06, 1.9872053767046325e-06, 1.2775591612165823e-06, 7.485752844718138e-07, 4.5974178970360765e-07, 1.9398427789273882e-07, 1.237043136658942e-07, 9.328962386905564e-08, 8.148122799899412e-08, 6.165811225732004e-08, 3.73105000027094e-08, 2.5318559491390542e-08, 2.0137095447319963e-08, 1.4836949851112102e-08, 7.592535854876186e-09, 4.350927482497246e-09, 2.6524248304871792e-09, 1.605473189397654e-09, 9.897032597461332e-10, 9.07701162949492e-10, 7.146763404712846e-10, 5.717597504545091e-10, 3.33993951407147e-10, 1.6678938017630257e-10, 9.670829526247177e-11, 6.248255385693065e-11, 3.63280631849386e-11], 'preconditioner metadata': [{}, {}, {}, {}, {}, {}, {}, {}, {}, {}, {}, {}, {}, {}, {}, {}, {}, {}, {}, {}, {}, {}, {}, {}, {}, {}, {}, {}, {}, {}, {}, {}, {}, {}, {}, {}, {}, {}, {}, {}, {}, {}, {}, {}, {}, {}, {}, {}, {}, {}, {}, {}, {}, {}, {}, {}]}",3.6555164040355875e-11,,"[820.0869750976562, 819.3721313476562, 819.692626953125, 819.32763671875, 819.8836059570312, 820.0628051757812, 819.703857421875, 820.2708129882812, 819.5964965820312, 819.67041015625]",[650.3018188476562],[1561.9979248046875],[3476.29443359375],[11.537728309631348],[11.502495765686035],
2026-10-05T09:18:03.736751+00:00,continuous coefficient 2D,1,"uniform(2D,11)",S11,S10,S10,"CG(HybridSchwarz(torch.float32, Inv(), CUDSS), bsr_matmul=True)",False,0,1,10,25165824,301916160,"{'iterations': 39, 'residual norms': [9.697240974621252, 9.188304993008522, 4.259510561508313, 0.7041279490620872, 0.29074851894068837, 0.07714245387078808, 0.026221824912252095, 0.01576069621956558, 0.014762124551188876, 0.004003637983909523, 0.0025390465727062935, 0.0016535038445625015, 0.0010210224290678738, 0.0004994741425267986, 0.00011792622748437111, 7.964875073738688e-05, 6.693791309743332e-05, 4.136580125237479e-05, 1.4808346105188305e-05, 8.363579492499369e-06, 3.2008105567180054e-06, 1.6431954729087347e-06, 1.2236261338159776e-06, 5.915794544841104e-07, 5.314334399275723e-07, 2.697392549020421e-07, 1.534222725922533e-07, 1.1088785418629986e-07, 4.805732166317352e-08, 1.9003909207451617e-08, 6.873613629801199e-09, 5.5870427239469054e-09, 3.754359575176449e-09, 2.1983429267355004e-09, 1.286613722378802e-09, 7.840868448443257e-10, 3.540235951248341e-10, 2.3350846948675745e-10, 1.0843726075846122e-10, 4.7979624571386784e-11], 'preconditioner metadata': [{}, {}, {}, {}, {}, {}, {}, {}, {}, {}, {}, {}, {}, {}, {}, {}, {}, {}, {}, {}, {}, {}, {}, {}, {}, {}, {}, {}, {}, {}, {}, {}, {}, {}, {}, {}, {}, {}, {}]}",4.810698011317132e-11,,"[598.4613037109375, 598.1219482421875, 598.3637084960938, 598.3190307617188, 598.2418212890625, 597.977294921875, 598.5020751953125, 597.962890625, 598.8534545898438, 598.537109375]",[465.934814453125],[1582.621826171875],[3924.774169921875],[11.163776397705078],[11.316448211669922],
2026-10-05T09:18:18.062683+00:00,continuous coefficient 2D,1,"uniform(2D,11)",S11,S10,S10,"CG(AdditiveSchwarz(torch.float32, Inv(torch.float16), CUDSS, const_dofs_per_coarse=False), bsr_matmul=True)",False,0,1,10,25165824,301916160,"{'iterations': 56, 'residual norms': [0.05415558022970685, 9.698281176584615, 8.741262474830949, 9.90362675352084, 2.6496140743001697, 0.3888735944917622, 0.1460788336209057, 0.06981193798907245, 0.034991465464603945, 0.014606180343939333, 0.01321528238700316, 0.009955723960396418, 0.006582034428457332, 0.00478173476360705, 0.0036551428515063226, 0.002301901263793449, 0.002085975830634925, 0.0011857901080158091, 0.0006520759507243282, 0.00027851522395474094, 0.00014351978075951975, 0.000116063521426247, 0.00013017679575572617, 9.390700091382321e-05, 3.401693252037938e-05, 2.1226755931272066e-05, 1.092922056845954e-05, 6.567066402585132e-06, 4.322479913732985e-06, 3.0633575447258567e-06, 3.1207280452997747e-06, 2.221866974406029e-06, 1.3043807037121914e-06, 7.997305708261813e-07, 4.999213439874246e-07, 2.0912687592785626e-07, 1.305944346077206e-07, 9.876353592367534e-08, 8.095822550181633e-08, 6.548352094035467e-08, 3.999416262936214e-08, 2.587956999077349e-08, 2.175155147633438e-08, 1.5775509301799885e-08, 8.318201333698516e-09, 4.7882812252392946e-09, 2.8783866605487744e-09, 1.6737968452238546e-09, 1.0752325928412117e-09, 8.8956976189509e-10, 7.374963243729217e-10, 6.076310162327028e-10, 3.63634216061047e-10, 1.8270102376616687e-10, 1.139792380165471e-10, 7.10021072627453e-11, 4.385405104872117e-11], 'preconditioner metadata': [{}, {}, {}, {}, {}, {}, {}, {}, {}, {}, {}, {}, {}, {}, {}, {}, {}, {}, {}, {}, {}, {}, {}, {}, {}, {}, {}, {}, {}, {}, {}, {}, {}, {}, {}, {}, {}, {}, {}, {}, {}, {}, {}, {}, {}, {}, {}, {}, {}, {}, {}, {}, {}, {}, {}, {}]}",4.404238368187474e-11,,"[798.8493041992188, 798.4152221679688, 798.198486328125, 798.2664794921875, 798.1463012695312, 798.4318237304688, 798.2906494140625, 798.4629516601562, 798.1727905273438, 797.8418579101562]",[586.1334838867188],[1559.7347412109375],[3552.94482421875],[12.006784439086914],[11.286208152770996],
2026-10-05T09:18:30.738437+00:00,continuous coefficient 2D,1,"uniform(2D,11)",S11,S10,S10,"CG(HybridSchwarz(torch.float32, Inv(torch.float16), CUDSS), bsr_matmul=True)",False,0,1,10,25165824,301916160,"{'iterations': 40, 'residual norms': [9.697238496470558, 9.18830577496885, 4.259536712283895, 0.704135250283322, 0.29077764095255454, 0.07721392623994915, 0.026255435748698857, 0.015781700605803764, 0.014812304381812825, 0.004954525280612817, 0.002820728496606872, 0.0018479112317586182, 0.001040331276329902, 0.0005519786203433581, 0.00018145686811407128, 7.52665315846782e-05, 6.763685504411306e-05, 4.607709579027653e-05, 1.9261433249647076e-05, 1.0552783494298828e-05, 3.866898967738671e-06, 1.75030714315902e-06, 1.4187650213310007e-06, 7.03323794074968e-07, 5.130055353646762e-07, 3.404676993994581e-07, 1.696525574363865e-07, 1.279855735401459e-07, 5.7251589639783275e-08, 2.764742053059566e-08, 8.516673223188995e-09, 5.4570770758995166e-09, 4.299683531210976e-09, 2.778533260180959e-09, 1.4109360195002646e-09, 9.15324198796882e-10, 4.269341891154515e-10, 2.658354047158105e-10, 1.3352781629702878e-10, 5.7864902819647544e-11, 3.096964607881828e-11], 'preconditioner metadata': [{}, {}, {}, {}, {}, {}, {}, {}, {}, {}, {}, {}, {}, {}, {}, {}, {}, {}, {}, {}, {}, {}, {}, {}, {}, {}, {}, {}, {}, {}, {}, {}, {}, {}, {}, {}, {}, {}, {}, {}]}",3.1172470895545454e-11,,"[598.3197631835938, 598.6788330078125, 598.7106323242188, 598.266845703125, 598.327880859375, 597.865234375, 598.1133422851562, 598.0804443359375, 598.339111328125, 598.0432739257812]",[484.66558837890625],[1577.778564453125],[3977.06689453125],[12.092127799987793],[10.858528137207031],
2026-10-05T09:18:45.361619+00:00,continuous coefficient 2D,1,"uniform(2D,11)",S11,S10,S10,"CG(AdditiveSchwarz(torch.float32, Inv(torch.bfloat16), CUDSS, const_dofs_per_coarse=False), bsr_matmul=True)",False,0,1,10,25165824,301916160,"{'iterations': 58, 'residual norms': [0.05415558022970685, 9.69828097446227, 8.741332221305937, 9.903565674106174, 2.6505639552737965, 0.3895629013619846, 0.14853151597671993, 0.0714949199742388, 0.03784060222370825, 0.015597320335207773, 0.013629880973595902, 0.01113246743274202, 0.006875262510377832, 0.005065131397223759, 0.004355078084107083, 0.0023164825143122156, 0.0022921852511489033, 0.0013931145648640008, 0.0007121527589436854, 0.000340380698850705, 0.0001735964186637817, 0.0001171160531806805, 0.00013320164501274737, 0.00011565205111557028, 4.42360717235689e-05, 2.8969167269732336e-05, 1.49758373450695e-05, 8.320321459998325e-06, 5.313833400514415e-06, 3.4726122756450886e-06, 3.171019009636233e-06, 2.961039128903312e-06, 1.598637150457248e-06, 1.0949221849129521e-06, 6.633416178658076e-07, 3.3366949811802406e-07, 2.2654952501028025e-07, 1.7301640744520032e-07, 1.1638746953880381e-07, 7.586385866373271e-08, 4.56062985379456e-08, 3.1372553042816515e-08, 3.152319334308254e-08, 2.3971864147555857e-08, 1.4530254865181536e-08, 7.614281228562005e-09, 4.503987563245603e-09, 2.6113870182717707e-09, 1.4714761193368806e-09, 1.0470106089169967e-09, 8.32266496696628e-10, 6.74678852940481e-10, 5.152684685785552e-10, 3.066886241295823e-10, 2.0525183849282705e-10, 1.3293848877044767e-10, 9.630028914159998e-11, 6.214989764062168e-11, 3.844939429284369e-11], 'preconditioner metadata': [{}, {}, {}, {}, {}, {}, {}, {}, {}, {}, {}, {}, {}, {}, {}, {}, {}, {}, {}, {}, {}, {}, {}, {}, {}, {}, {}, {}, {}, {}, {}, {}, {}, {}, {}, {}, {}, {}, {}, {}, {}, {}, {}, {}, {}, {}, {}, {}, {}, {}, {}, {}, {}, {}, {}, {}, {}, {}]}",3.8669258540939704e-11,,"[826.3961181640625, 826.5742797851562, 826.1008911132812, 826.29638671875, 826.253662109375, 826.3230590820312, 826.1305541992188, 826.1277465820312, 826.3130493164062, 826.5294799804688]",[557.393310546875],[1568.758056640625],[3588.27490234375],[11.675456047058105],[11.11193561553955],
2026-10-05T09:18:58.044193+00:00,continuous coefficient 2D,1,"uniform(2D,11)",S11,S10,S10,"CG(HybridSchwarz(torch.float32, Inv(torch.bfloat16), CUDSS), bsr_matmul=True)",False,0,1,10,25165824,301916160,"{'iterations': 40, 'residual norms': [9.697230178061506, 9.18835608988619, 4.261151276786111, 0.7047476350228108, 0.29294662539430494, 0.08147391649304163, 0.027834967074990224, 0.01668925381654652, 0.016290941379120055, 0.010498777737060204, 0.002763090450756289, 0.0021987194115511, 0.0012467109735043976, 0.0007018072031692526, 0.00027293498916935484, 9.167765080248795e-05, 8.855739278688193e-05, 5.476190207677164e-05, 2.9597251076347296e-05, 1.4515147361964918e-05, 7.232489606377939e-06, 2.468183099875595e-06, 1.6916498837956134e-06, 1.05814643657607e-06, 6.473397029584458e-07, 4.836359125153215e-07, 2.2184474459567167e-07, 1.6812182977703075e-07, 9.315955333162395e-08, 3.788599653403037e-08, 1.5417864849283344e-08, 7.848462703773473e-09, 6.277045034434002e-09, 3.843468622422078e-09, 2.3999021864169663e-09, 1.4255768338235585e-09, 7.358363249067082e-10, 4.145581121141958e-10, 2.420368950907918e-10, 1.0875368643529928e-10, 4.9367622867262267e-11], 'preconditioner metadata': [{}, {}, {}, {}, {}, {}, {}, {}, {}, {}, {}, {}, {}, {}, {}, {}, {}, {}, {}, {}, {}, {}, {}, {}, {}, {}, {}, {}, {}, {}, {}, {}, {}, {}, {}, {}, {}, {}, {}, {}]}",4.949612076789258e-11,,"[598.0361328125, 598.1023559570312, 598.06103515625, 598.2395629882812, 597.9329223632812, 597.9752197265625, 597.8378295898438, 597.59765625, 598.288818359375, 597.9619140625]",[464.19244384765625],[1615.60693359375],[3979.139404296875],[11.799072265625],[10.947327613830566],
2026-10-05T09:19:30.523958+00:00,continuous coefficient 2D,1,"uniform(2D,11)",S11,S11,S11,"CG(AdditiveSchwarz(torch.float64, Inv(), CUDSS, const_dofs_per_coarse=False), bsr_matmul=True)",False,0,1,10,25165824,301916160,"{'iterations': 45, 'residual norms': [0.05415558022970685, 5.77381733844413, 10.09207542551626, 2.6306055265397776, 0.06494446831634312, 0.016719631105838406, 0.005317770024797738, 0.001916340237272478, 0.001469581617574755, 0.0012156514785464335, 0.0006835182790091614, 0.0003247428753823696, 0.00022729668405916005, 0.0001356641112874561, 0.00012277928628704634, 5.637030716733831e-05, 3.813360175026625e-05, 1.812363132262435e-05, 1.3917627227708508e-05, 8.55896704095866e-06, 5.1061894849283615e-06, 3.8022505329037707e-06, 1.8607040661252223e-06, 1.4957268294005798e-06, 7.434160114333093e-07, 4.835766324738712e-07, 3.23050176780652e-07, 2.1506032322709798e-07, 1.5070472758896468e-07, 7.158421218042537e-08, 4.8022113264758046e-08, 2.8754649106866814e-08, 2.069931574619829e-08, 1.382114596981223e-08, 7.570257400912331e-09, 5.0558236567972756e-09, 2.8064301555071847e-09, 1.927758617645414e-09, 1.2439736303491701e-09, 7.666923834836021e-10, 5.24312669700118e-10, 2.8152026676573377e-10, 2.0249871301056392e-10, 1.0863203250578664e-10, 7.354600833221724e-11, 4.934776752790728e-11], 'preconditioner metadata': [{}, {}, {}, {}, {}, {}, {}, {}, {}, {}, {}, {}, {}, {}, {}, {}, {}, {}, {}, {}, {}, {}, {}, {}, {}, {}, {}, {}, {}, {}, {}, {}, {}, {}, {}, {}, {}, {}, {}, {}, {}, {}, {}, {}, {}]}",4.9487085234824264e-11,,"[1845.7132568359375, 1845.95166015625, 1845.7493896484375, 1845.73095703125, 1845.365478515625, 1845.2305908203125, 1845.3311767578125, 1845.768310546875, 1845.6531982421875, 1846.120849609375]",[565.3753051757812],[1603.2330322265625],[11202.98046875],[10.764384269714355],[10.748576164245605],
2026-10-05T09:19:58.109944+00:00,continuous coefficient 2D,1,"uniform(2D,11)",S11,S11,S11,"CG(HybridSchwarz(torch.float64, Inv(), CUDSS), bsr_matmul=True)",False,0,1,10,25165824,301916160,"{'iterations': 31, 'residual norms': [5.773814634333993, 4.599929537778298, 0.09065892614155292, 0.016477431401168283, 0.0034391295387729876, 0.0013944798059834188, 0.0011191760318857776, 0.0004500327635005235, 0.0001724318246339735, 9.925351394987697e-05, 6.453770576958238e-05, 2.8266687705644306e-05, 1.2701969678404366e-05, 6.28025584152459e-06, 3.0965416281607107e-06, 1.720825517509633e-06, 9.70429989396262e-07, 4.348113264929675e-07, 1.8396326600558142e-07, 1.0186304803889436e-07, 5.7123985617884304e-08, 2.7494322563309863e-08, 1.3071827293784868e-08, 6.555601771714834e-09, 3.2959592413272053e-09, 1.8038752601403833e-09, 9.61940903938801e-10, 4.386500980282035e-10, 2.0328551170739569e-10, 1.1219130380229889e-10, 6.103590190940982e-11, 2.989818127100552e-11], 'preconditioner metadata': [{}, {}, {}, {}, {}, {}, {}, {}, {}, {}, {}, {}, {}, {}, {}, {}, {}, {}, {}, {}, {}, {}, {}, {}, {}, {}, {}, {}, {}, {}, {}]}",3.006722505622203e-11,,"[1342.002685546875, 1341.147216796875, 1341.20361328125, 1341.596435546875, 1341.4483642578125, 1341.3638916015625, 1342.4197998046875, 1347.9459228515625, 1341.243896484375, 1350.98193359375]",[442.6331481933594],[1555.32421875],[11424.8662109375],[13.781503677368164],[31.433216094970703],
2026-10-05T09:20:31.273279+00:00,continuous coefficient 2D,1,"uniform(2D,11)",S11,S11,S11,"CG(AdditiveSchwarz(torch.float64, Inv(torch.float32), CUDSS, const_dofs_per_coarse=False), bsr_matmul=True)",False,0,1,10,25165824,301916160,"{'iterations': 45, 'residual norms': [0.05415558022970685, 5.773817338444014, 10.092075425551391, 2.630605526554914, 0.06494446835266213, 0.016719631093264544, 0.005317770006756259, 0.0019163402249426445, 0.001469581603109299, 0.0012156514827241442, 0.0006835183521294267, 0.0003247431188766736, 0.00022729675547998834, 0.0001356641524593549, 0.00012277934661371096, 5.637037035647273e-05, 3.81336807430925e-05, 1.812361979691769e-05, 1.3917657619792062e-05, 8.558960488939888e-06, 5.106203368320799e-06, 3.8022480920675303e-06, 1.8607083820195482e-06, 1.495732358390268e-06, 7.434165503018179e-07, 4.835783225789185e-07, 3.2305007606219115e-07, 2.1506112966662725e-07, 1.5070468934593062e-07, 7.158438835430829e-08, 4.802230078817325e-08, 2.8754609148119526e-08, 2.0699357452203372e-08, 1.3821148665465598e-08, 7.570267800603971e-09, 5.0558299056224925e-09, 2.8064300496246186e-09, 1.927763543824681e-09, 1.2439732197386652e-09, 7.666945696521402e-10, 5.243124963846232e-10, 2.8152082923716923e-10, 2.0249906127455566e-10, 1.0863202197806743e-10, 7.354621431998777e-11, 4.934774977975393e-11], 'preconditioner metadata': [{}, {}, {}, {}, {}, {}, {}, {}, {}, {}, {}, {}, {}, {}, {}, {}, {}, {}, {}, {}, {}, {}, {}, {}, {}, {}, {}, {}, {}, {}, {}, {}, {}, {}, {}, {}, {}, {}, {}, {}, {}, {}, {}, {}, {}]}",4.948720757436101e-11,,"[1842.597900390625, 1840.6400146484375, 1837.4251708984375, 1838.0726318359375, 1838.2159423828125, 1838.7713623046875, 1839.3275146484375, 1837.28955078125, 1837.2796630859375, 1837.0220947265625]",[680.698486328125],[1631.72314453125],[11676.0498046875],[24.714847564697266],[23.530399322509766],
2026-10-05T09:20:59.015770+00:00,continuous coefficient 2D,1,"uniform(2D,11)",S11,S11,S11,"CG(HybridSchwarz(torch.float64, Inv(torch.float32), CUDSS), bsr_matmul=True)",False,0,1,10,25165824,301916160,"{'iterations': 31, 'residual norms': [5.773814634333999, 4.599929537796017, 0.09065892613735684, 0.01647743139893445, 0.0034391295570525967, 0.0013944798413223591, 0.0011191760600123989, 0.00045003276852568895, 0.00017243182680084514, 9.92535156095464e-05, 6.453770841418335e-05, 2.8266688444519966e-05, 1.2701969844793556e-05, 6.280256002800152e-06, 3.09654172292885e-06, 1.7208255546834938e-06, 9.704300385600522e-07, 4.348113516685303e-07, 1.8396326762768242e-07, 1.0186304531178685e-07, 5.712398571680707e-08, 2.749432294613064e-08, 1.3071827249883205e-08, 6.555601712501219e-09, 3.295959137847457e-09, 1.8038751851578202e-09, 9.619409272773756e-10, 4.3865011900862605e-10, 2.0328550661793533e-10, 1.121913000772265e-10, 6.103590573488092e-11, 2.989818374951397e-11], 'preconditioner metadata': [{}, {}, {}, {}, {}, {}, {}, {}, {}, {}, {}, {}, {}, {}, {}, {}, {}, {}, {}, {}, {}, {}, {}, {}, {}, {}, {}, {}, {}, {}, {}]}",3.006707527420976e-11,,"[1335.8485107421875, 1335.7901611328125, 1335.9010009765625, 1335.5048828125, 1335.5445556640625, 1335.443115234375, 1335.29052734375, 1335.3670654296875, 1335.225830078125, 1334.9305419921875]",[443.7792663574219],[1630.49267578125],[11575.3466796875],[10.966464042663574],[20.013471603393555],
2026-10-05T09:21:30.963955+00:00,continuous coefficient 2D,1,"uniform(2D,11)",S11,S11,S11,"CG(AdditiveSchwarz(torch.float64, Inv(torch.float16), CUDSS, const_dofs_per_coarse=False), bsr_matmul=True)",False,0,1,10,25165824,301916160,"{'iterations': 46, 'residual norms': [0.05415558022970685, 5.77381733869038, 10.092075069864022, 2.63060781620151, 0.06513318599313608, 0.01680993347472395, 0.005559384808754875, 0.0022677980306738464, 0.001644882633103685, 0.0013298062221883888, 0.0008877327379133334, 0.0004753785457966665, 0.00023585793438446096, 0.0001826390953910797, 0.00011805967202350392, 8.217947697438512e-05, 4.474661997230504e-05, 2.4211319416235946e-05, 1.7366453119547152e-05, 9.163550366825034e-06, 7.549622438554734e-06, 3.649928875753501e-06, 2.915615907915543e-06, 1.5233895607391677e-06, 1.0115218859966237e-06, 6.030109269232419e-07, 3.545075402589039e-07, 2.7965881826043807e-07, 1.6036659995629622e-07, 1.0651497913189742e-07, 5.654103986826991e-08, 3.612163273205744e-08, 2.5088392148703657e-08, 1.5569727442649726e-08, 1.0290100876782093e-08, 6.1769566071542635e-09, 3.824012407658733e-09, 2.341651237219658e-09, 1.4821069193224908e-09, 1.008114756429051e-09, 5.960585728580998e-10, 4.15325704324838e-10, 2.2853136918653716e-10, 1.538418675174986e-10, 9.11534456950459e-11, 6.036174351664289e-11, 3.902506498652873e-11], 'preconditioner metadata': [{}, {}, {}, {}, {}, {}, {}, {}, {}, {}, {}, {}, {}, {}, {}, {}, {}, {}, {}, {}, {}, {}, {}, {}, {}, {}, {}, {}, {}, {}, {}, {}, {}, {}, {}, {}, {}, {}, {}, {}, {}, {}, {}, {}, {}, {}]}",3.920733912692656e-11,,"[1875.6878662109375, 1874.6533203125, 1873.6639404296875, 1873.8804931640625, 1874.3629150390625, 1873.7296142578125, 1873.8321533203125, 1874.0238037109375, 1873.8017578125, 1873.6815185546875]",[654.321044921875],[1604.5809326171875],[10244.2392578125],[10.836799621582031],[19.38492774963379],
2026-10-05T09:21:57.609283+00:00,continuous coefficient 2D,1,"uniform(2D,11)",S11,S11,S11,"CG(HybridSchwarz(torch.float64, Inv(torch.float16), CUDSS), bsr_matmul=True)",False,0,1,10,25165824,301916160,"{'iterations': 31, 'residual norms': [5.773814634333999, 4.599930878705504, 0.0906921275296723, 0.0164907271324665, 0.00345207491061466, 0.0014105970978749573, 0.0011245935990590137, 0.00045342236653098014, 0.0001786328104812125, 0.00010332077447271586, 6.553339026792756e-05, 2.9014349051871422e-05, 1.3484916279660525e-05, 6.534976081799121e-06, 3.1908724322276576e-06, 1.8054151925409398e-06, 1.015295877244676e-06, 4.5574516339113103e-07, 1.9722931613114877e-07, 1.0666284326310926e-07, 5.8906634722812305e-08, 3.007569562859253e-08, 1.4601306752572317e-08, 7.047891813660889e-09, 3.4851931671004345e-09, 1.9148517470114283e-09, 1.0199508480948656e-09, 4.828623722233597e-10, 2.3080796660205685e-10, 1.2120288236962008e-10, 6.382840122849682e-11, 3.2688554142651127e-11], 'preconditioner metadata': [{}, {}, {}, {}, {}, {}, {}, {}, {}, {}, {}, {}, {}, {}, {}, {}, {}, {}, {}, {}, {}, {}, {}, {}, {}, {}, {}, {}, {}, {}, {}]}",3.2843532371725555e-11,,"[1333.24169921875, 1335.6759033203125, 1332.562255859375, 1332.8311767578125, 1332.5628662109375, 1333.416015625, 1332.7708740234375, 1332.7841796875, 1332.757080078125, 1332.8450927734375]",[451.1483154296875],[1609.836181640625],[10574.96484375],[11.08732795715332],[19.345375061035156],
2026-10-05T09:22:30.175922+00:00,continuous coefficient 2D,1,"uniform(2D,11)",S11,S11,S11,"CG(AdditiveSchwarz(torch.float64, Inv(torch.bfloat16), CUDSS, const_dofs_per_coarse=False), bsr_matmul=True)",False,0,1,10,25165824,301916160,"{'iterations': 48, 'residual norms': [0.05415558022970685, 5.773817334656541, 10.092061280524256, 2.630781607181348, 0.08361683280971566, 0.019759270858745376, 0.009217484854348713, 0.005565966378756378, 0.004619598683627208, 0.002801830293487419, 0.0016318849273197055, 0.0011519932694508518, 0.0008884636023754223, 0.0005518512581246422, 0.0002470840293240055, 0.00016550916956168974, 8.055590356613434e-05, 6.366526263076034e-05, 3.6419370359693913e-05, 2.3607889046327828e-05, 1.51914383724534e-05, 8.584353508561368e-06, 5.4592538835585455e-06, 2.7882511599919535e-06, 2.2973259568002303e-06, 1.319348184226226e-06, 9.307391485560154e-07, 5.483442653122416e-07, 3.364663892139466e-07, 2.0394389528993536e-07, 1.2459896833134077e-07, 8.735847547426678e-08, 5.301357008653932e-08, 3.5155106955061174e-08, 2.0528247347380354e-08, 1.3201419561806944e-08, 8.356511662348078e-09, 4.89056695069092e-09, 3.4554482242204682e-09, 2.090009214480922e-09, 1.4775638599089922e-09, 8.679180251715831e-10, 5.691074182787801e-10, 3.3550229023061485e-10, 2.20053491232409e-10, 1.385793322540541e-10, 9.144237063648407e-11, 5.866515808676887e-11, 3.42207656204686e-11], 'preconditioner metadata': [{}, {}, {}, {}, {}, {}, {}, {}, {}, {}, {}, {}, {}, {}, {}, {}, {}, {}, {}, {}, {}, {}, {}, {}, {}, {}, {}, {}, {}, {}, {}, {}, {}, {}, {}, {}, {}, {}, {}, {}, {}, {}, {}, {}, {}, {}, {}, {}]}",3.443261057757153e-11,,"[1955.776123046875, 1955.2860107421875, 1955.705322265625, 1955.4381103515625, 1955.86376953125, 1954.8834228515625, 1954.7291259765625, 1955.419189453125, 1954.904052734375, 1955.7713623046875]",[666.9904174804688],[1630.1375732421875],[10031.962890625],[11.257280349731445],[18.953760147094727],
2026-10-05T09:22:57.591225+00:00,continuous coefficient 2D,1,"uniform(2D,11)",S11,S11,S11,"CG(HybridSchwarz(torch.float64, Inv(torch.bfloat16), CUDSS), bsr_matmul=True)",False,0,1,10,25165824,301916160,"{'iterations': 32, 'residual norms': [5.773814634333991, 4.599944240985301, 0.09173517545854355, 0.017716878684333533, 0.006003350920958471, 0.0043016722326798176, 0.0018595551741697111, 0.0009684653544137017, 0.0006018882013288108, 0.0002599283716172842, 0.00011126348421564904, 5.426343122451531e-05, 2.8049633605498e-05, 1.4358796099316452e-05, 7.714956874632843e-06, 3.7115535893217402e-06, 1.7652979270363075e-06, 9.176904939024348e-07, 4.859632852527423e-07, 2.5075927016298645e-07, 1.238081077266075e-07, 6.10249971261112e-08, 3.023483859059422e-08, 1.6092734345532928e-08, 8.33528030929291e-09, 4.249760875552789e-09, 2.0785727109596375e-09, 1.044435672743691e-09, 5.560577064299028e-10, 3.0456877106540115e-10, 1.5780910776255648e-10, 7.508040042580175e-11, 3.5507899472638624e-11], 'preconditioner metadata': [{}, {}, {}, {}, {}, {}, {}, {}, {}, {}, {}, {}, {}, {}, {}, {}, {}, {}, {}, {}, {}, {}, {}, {}, {}, {}, {}, {}, {}, {}, {}, {}]}",3.565423413642502e-11,,"[1374.5362548828125, 1374.6673583984375, 1374.21435546875, 1374.371337890625, 1374.5191650390625, 1374.4969482421875, 1374.5504150390625, 1374.8072509765625, 1374.1126708984375, 1374.5040283203125]",[447.8465576171875],[1639.871337890625],[10893.015625],[10.78006362915039],[18.770751953125],
2026-10-05T09:23:28.037236+00:00,continuous coefficient 2D,1,"uniform(2D,11)",S11,S11,S11,"CG(AdditiveSchwarz(torch.float32, Inv(), CUDSS, const_dofs_per_coarse=False), bsr_matmul=True)",False,0,1,10,25165824,301916160,"{'iterations': 46, 'residual norms': [0.05415558022970685, 5.772953742943345, 10.090507973018074, 2.6301857257182393, 0.06503601182756237, 0.016880464423211818, 0.005365099634517319, 0.0020337290574862616, 0.0016394908451190396, 0.0013829845320639561, 0.0009025052042163008, 0.0004681552777577301, 0.00022870303630464876, 0.0001735521932598495, 0.000133016591441059, 7.587386582065742e-05, 4.432529129297031e-05, 2.1827413405182926e-05, 1.9223611452623023e-05, 8.678589028730966e-06, 7.305167259521994e-06, 3.914328096884873e-06, 2.721689757230511e-06, 1.5847195029054607e-06, 8.909337197428707e-07, 6.171735803167167e-07, 3.5850932945982073e-07, 2.762054090283903e-07, 1.6138463533293616e-07, 1.0051391212140389e-07, 5.4784248442456245e-08, 3.3516005585781734e-08, 2.543526469105569e-08, 1.598871302838893e-08, 9.783622078258377e-09, 5.707848153236063e-09, 3.609387147967543e-09, 2.2654774438590057e-09, 1.4502480153369632e-09, 9.94633134215889e-10, 5.760910045792385e-10, 4.0453014616821676e-10, 2.1688703434100905e-10, 1.444112679163009e-10, 8.708977541364695e-11, 5.902303001203997e-11, 3.8931573321962985e-11], 'preconditioner metadata': [{}, {}, {}, {}, {}, {}, {}, {}, {}, {}, {}, {}, {}, {}, {}, {}, {}, {}, {}, {}, {}, {}, {}, {}, {}, {}, {}, {}, {}, {}, {}, {}, {}, {}, {}, {}, {}, {}, {}, {}, {}, {}, {}, {}, {}, {}]}",3.911376052700336e-11,,"[1738.2205810546875, 1733.2899169921875, 1734.304443359375, 1733.4996337890625, 1733.550048828125, 1734.3094482421875, 1733.8060302734375, 1733.342041015625, 1733.902587890625, 1733.5152587890625]",[655.8928833007812],[1618.63232421875],[10122.21484375],[11.236960411071777],[20.43324851989746],
2026-10-05T09:23:53.692012+00:00,continuous coefficient 2D,1,"uniform(2D,11)",S11,S11,S11,"CG(HybridSchwarz(torch.float32, Inv(), CUDSS), bsr_matmul=True)",False,0,1,10,25165824,301916160,"{'iterations': 31, 'residual norms': [5.778969982475965, 4.599171995983814, 0.09085711040581643, 0.0168885576018673, 0.004575098798934435, 0.0033412304775671223, 0.002074905778406329, 0.0005853666057827531, 0.00022577389782897674, 0.000136524030019795, 8.057542039659084e-05, 3.258293996707746e-05, 1.4412342338653063e-05, 7.139265215351179e-06, 3.521549907591117e-06, 1.943507857588221e-06, 1.0588773848446632e-06, 4.653018213015879e-07, 1.992968590848944e-07, 1.1230134530331723e-07, 6.210314981202806e-08, 2.945677900364801e-08, 1.3922312561193974e-08, 7.0182023849392285e-09, 3.574460686528678e-09, 1.9686198234292553e-09, 1.0431730884064797e-09, 4.713145627932352e-10, 2.2075394527955844e-10, 1.2318699129472817e-10, 6.705625825873009e-11, 3.272643667484512e-11], 'preconditioner metadata': [{}, {}, {}, {}, {}, {}, {}, {}, {}, {}, {}, {}, {}, {}, {}, {}, {}, {}, {}, {}, {}, {}, {}, {}, {}, {}, {}, {}, {}, {}, {}]}",3.288144140510941e-11,,"[1224.542724609375, 1223.66552734375, 1223.6136474609375, 1224.3270263671875, 1223.8330078125, 1223.7430419921875, 1223.39306640625, 1224.158203125, 1223.7144775390625, 1223.7838134765625]",[444.3117370605469],[1668.6456298828125],[10589.4169921875],[11.115872383117676],[19.61542320251465],
2026-10-05T09:24:24.500792+00:00,continuous coefficient 2D,1,"uniform(2D,11)",S11,S11,S11,"CG(AdditiveSchwarz(torch.float32, Inv(torch.float16), CUDSS, const_dofs_per_coarse=False), bsr_matmul=True)",False,0,1,10,25165824,301916160,"{'iterations': 46, 'residual norms': [0.05415558022970685, 5.772955390357365, 10.090510441644144, 2.6301888485673697, 0.0652244200425463, 0.016970355913124905, 0.005603252206413776, 0.0023435835630734895, 0.0017080472871362198, 0.0013538229735262676, 0.0009227303946262777, 0.0004958696397691727, 0.0002535608218558355, 0.00019670857493618967, 0.00012474294145892718, 8.756689595756004e-05, 4.7219947246979446e-05, 2.6032068455668906e-05, 1.8542453076511075e-05, 9.716181653011121e-06, 8.051585376854221e-06, 3.959926196349081e-06, 3.134694923016063e-06, 1.6076960079258368e-06, 1.076155026975721e-06, 6.328617016950502e-07, 3.843583569452846e-07, 2.9845943360665304e-07, 1.711352769308126e-07, 1.1285188752892877e-07, 5.899975592564648e-08, 3.9109638851314277e-08, 2.6407585160364374e-08, 1.6877906838496884e-08, 1.079739252037038e-08, 6.536619547376401e-09, 4.136531233849823e-09, 2.443427245788772e-09, 1.6159329555699422e-09, 1.0534810919667963e-09, 6.457268815329663e-10, 4.4123121983590044e-10, 2.432735124638626e-10, 1.639622982927274e-10, 9.54706527787169e-11, 6.577300140282211e-11, 4.08777581215842e-11], 'preconditioner metadata': [{}, {}, {}, {}, {}, {}, {}, {}, {}, {}, {}, {}, {}, {}, {}, {}, {}, {}, {}, {}, {}, {}, {}, {}, {}, {}, {}, {}, {}, {}, {}, {}, {}, {}, {}, {}, {}, {}, {}, {}, {}, {}, {}, {}, {}, {}]}",4.1047562508787936e-11,,"[1729.876953125, 1732.2283935546875, 1730.316162109375, 1731.9461669921875, 1731.5880126953125, 1729.4349365234375, 1729.7926025390625, 1729.7630615234375, 1729.298583984375, 1729.2957763671875]",[630.8067016601562],[1703.966796875],[10482.9921875],[11.349984169006348],[18.793792724609375],
2026-10-05T09:24:49.982133+00:00,continuous coefficient 2D,1,"uniform(2D,11)",S11,S11,S11,"CG(HybridSchwarz(torch.float32, Inv(torch.float16), CUDSS), bsr_matmul=True)",False,0,1,10,25165824,301916160,"{'iterations': 31, 'residual norms': [5.7789676265046115, 4.599172125602149, 0.09089024825694052, 0.016901694353350056, 0.004585471415167787, 0.003348883423039829, 0.0020757677119641873, 0.0005942160809979586, 0.00023505500085062704, 0.0001416602759546303, 8.199549295293798e-05, 3.371274015150103e-05, 1.5343452843870396e-05, 7.407864145466244e-06, 3.6281043781535523e-06, 2.0437228684299988e-06, 1.1107622484392339e-06, 4.888873049468027e-07, 2.134014012709288e-07, 1.1708164922747569e-07, 6.405018542776516e-08, 3.2222519373496775e-08, 1.5522741287016128e-08, 7.525680404009496e-09, 3.774263749777114e-09, 2.088015239482032e-09, 1.1054280509208615e-09, 5.17720682658119e-10, 2.4899661394295917e-10, 1.320381969100853e-10, 7.026974282880375e-11, 3.596507612910102e-11], 'preconditioner metadata': [{}, {}, {}, {}, {}, {}, {}, {}, {}, {}, {}, {}, {}, {}, {}, {}, {}, {}, {}, {}, {}, {}, {}, {}, {}, {}, {}, {}, {}, {}, {}]}",3.610602327025756e-11,,"[1221.4254150390625, 1220.9842529296875, 1221.5587158203125, 1221.6778564453125, 1221.4365234375, 1221.4873046875, 1221.386962890625, 1221.1494140625, 1221.4044189453125, 1221.426513671875]",[453.1502380371094],[1645.2828369140625],[10449.662109375],[11.379167556762695],[19.989120483398438],
2026-10-05T09:25:21.001360+00:00,continuous coefficient 2D,1,"uniform(2D,11)",S11,S11,S11,"CG(AdditiveSchwarz(torch.float32, Inv(torch.bfloat16), CUDSS, const_dofs_per_coarse=False), bsr_matmul=True)",False,0,1,10,25165824,301916160,"{'iterations': 48, 'residual norms': [0.05415558022970685, 5.772955344921117, 10.090496407032292, 2.63036267055295, 0.08368589772042541, 0.019894065942940683, 0.00923028251518844, 0.005565109537396892, 0.004657092401916391, 0.0027939869708710993, 0.0016473508418768479, 0.0011531538512744768, 0.0008960336831224161, 0.0005566780226587887, 0.0002467195752324123, 0.00016721942012771414, 8.091370316750698e-05, 6.440617019772548e-05, 3.67973924925216e-05, 2.3758564317598142e-05, 1.5391007632308612e-05, 8.701857955173774e-06, 5.6146436389244565e-06, 2.8270485778557397e-06, 2.3505790129982737e-06, 1.347987278887169e-06, 9.542020598397108e-07, 5.654112138423545e-07, 3.439458421656343e-07, 2.1001581494756264e-07, 1.288458486523489e-07, 9.109771857497741e-08, 5.5590735296049916e-08, 3.647590763011308e-08, 2.1518266403121154e-08, 1.3883142839336195e-08, 8.903061874518103e-09, 5.256318517234511e-09, 3.6856549185333343e-09, 2.254772571843366e-09, 1.5880727108911742e-09, 9.399313712158843e-10, 6.081827471732594e-10, 3.5522624994259094e-10, 2.3483404785381616e-10, 1.47580749519282e-10, 9.769879965642553e-11, 6.207313736661603e-11, 3.577097679335058e-11], 'preconditioner metadata': [{}, {}, {}, {}, {}, {}, {}, {}, {}, {}, {}, {}, {}, {}, {}, {}, {}, {}, {}, {}, {}, {}, {}, {}, {}, {}, {}, {}, {}, {}, {}, {}, {}, {}, {}, {}, {}, {}, {}, {}, {}, {}, {}, {}, {}, {}, {}, {}]}",3.5978284777731283e-11,,"[1806.12890625, 1805.4144287109375, 1804.7225341796875, 1804.0755615234375, 1805.0457763671875, 1804.4569091796875, 1805.2203369140625, 1804.6561279296875, 1804.30224609375, 1804.432373046875]",[632.46923828125],[1655.064697265625],[9985.373046875],[11.054400444030762],[19.88915252685547],
2026-10-05T09:25:46.889107+00:00,continuous coefficient 2D,1,"uniform(2D,11)",S11,S11,S11,"CG(HybridSchwarz(torch.float32, Inv(torch.bfloat16), CUDSS), bsr_matmul=True)",False,0,1,10,25165824,301916160,"{'iterations': 32, 'residual norms': [5.778967691230923, 4.59918552201075, 0.09193071458722098, 0.01810792962344522, 0.006821578439260298, 0.005266141757601102, 0.0022239586200074814, 0.0011991194024980418, 0.0006872799819850479, 0.0002836846098136006, 0.0001226017314871612, 6.221658568980235e-05, 3.274987130940349e-05, 1.69426647579786e-05, 8.977592407793323e-06, 4.305558164413327e-06, 2.1035138285248348e-06, 1.1260646009912225e-06, 5.935174809840775e-07, 2.9848093282202753e-07, 1.4536264389350766e-07, 7.187393977312857e-08, 3.6246954758958824e-08, 1.9333338885754612e-08, 9.88712798109675e-09, 4.957647086592118e-09, 2.4134211025709047e-09, 1.2111158572226512e-09, 6.42759212272347e-10, 3.432916444322417e-10, 1.7285073863520306e-10, 8.029878510585346e-11, 3.7839998335238965e-11], 'preconditioner metadata': [{}, {}, {}, {}, {}, {}, {}, {}, {}, {}, {}, {}, {}, {}, {}, {}, {}, {}, {}, {}, {}, {}, {}, {}, {}, {}, {}, {}, {}, {}, {}, {}]}",3.7973585967360656e-11,,"[1260.114990234375, 1259.435302734375, 1262.6112060546875, 1258.901611328125, 1258.9254150390625, 1259.7598876953125, 1260.016357421875, 1259.16259765625, 1259.5748291015625, 1258.760498046875]",[443.4925537109375],[1661.1488037109375],[10482.234375],[11.080703735351562],[19.503999710083008],
2026-10-05T09:26:22.091808+00:00,continuous coefficient 2D,1,"uniform(2D,11)",S11,S9,S9,"AdditiveSchwarz(torch.float64, Inv(), CUDSS, const_dofs_per_coarse=False)",False,10,10,10,25165824,301916160,{},8.14765764709044,"{'preprocessing time': 0.31811198592185974, 'coarse solver setup time': 1600.3282470703125, 'local solver setup time': 664.5431518554688, 'coarse solver solve time': 2.945840072631836, 'local solver solve time': 5.9482368469238285}","[9.678761291503907, 9.674073791503906, 9.675363159179687, 9.680633544921875, 9.67136001586914, 9.683152008056641, 9.682044982910156, 9.679638671875, 9.681231689453124, 9.678428649902344]",[202.7572784423828],[1705.95166015625],[5832.7421875],[71.97769927978516],[11.388416290283203],
2026-10-05T09:26:34.581562+00:00,continuous coefficient 2D,1,"uniform(2D,11)",S11,S9,S9,"HybridSchwarz(torch.float64, Inv(), CUDSS)",False,10,10,10,25165824,301916160,{},8.147207251453551,"{'preprocessing time': 0.31462401151657104, 'coarse solver setup time': 1597.770751953125, 'local solver setup time': 662.5758666992188, 'coarse solver solve time': 2.9422624588012694, 'local solver solve time': 5.948636627197265}","[10.144624328613281, 10.142733001708985, 10.141913604736327, 10.143981170654296, 10.145616149902343, 10.151785278320313, 10.143071746826172, 10.149440002441406, 10.14139175415039, 10.145689392089844]",[1265.879638671875],[1699.2320556640625],[6278.814453125],[11.559552192687988],[19.576448440551758],
2026-10-05T09:26:44.420158+00:00,continuous coefficient 2D,1,"uniform(2D,11)",S11,S9,S9,"AdditiveSchwarz(torch.float64, Inv(torch.float32), CUDSS, const_dofs_per_coarse=False)",False,10,10,10,25165824,301916160,{},8.147657647088622,"{'preprocessing time': 0.31225600838661194, 'coarse solver setup time': 1549.678466796875, 'local solver setup time': 669.4443969726562, 'coarse solver solve time': 2.9447551727294923, 'local solver solve time': 3.2764961242675783}","[7.014431762695312, 7.012834930419922, 7.013488006591797, 7.0185699462890625, 7.01171875, 7.008131408691407, 7.015615844726563, 7.014627075195312, 7.012531280517578, 7.0160675048828125]",[1336.4193115234375],[1673.6116943359375],[4716.44482421875],[11.822879791259766],[11.44428825378418],
2026-10-05T09:26:54.890469+00:00,continuous coefficient 2D,1,"uniform(2D,11)",S11,S9,S9,"HybridSchwarz(torch.float64, Inv(torch.float32), CUDSS)",False,10,10,10,25165824,301916160,{},8.147207251452185,"{'preprocessing time': 0.3001599907875061, 'coarse solver setup time': 1602.9244384765625, 'local solver setup time': 677.9765014648438, 'coarse solver solve time': 2.944419288635254, 'local solver solve time': 3.2764129638671875}","[7.478034973144531, 7.498233795166016, 7.4814399719238285, 7.497862243652344, 7.475135803222656, 7.482720184326172, 7.476290893554688, 7.4799644470214846, 7.478854370117188, 7.488745880126953]",[1236.6090087890625],[1695.4849853515625],[5229.298828125],[12.416031837463379],[11.919136047363281],
2026-10-05T09:27:03.890081+00:00,continuous coefficient 2D,1,"uniform(2D,11)",S11,S9,S9,"AdditiveSchwarz(torch.float64, Inv(torch.float16), CUDSS, const_dofs_per_coarse=False)",False,10,10,10,25165824,301916160,{},8.14765764711379,"{'preprocessing time': 0.33590400218963623, 'coarse solver setup time': 1610.1929931640625, 'local solver setup time': 680.857177734375, 'coarse solver solve time': 2.943395233154297, 'local solver solve time': 1.8576608657836915}","[5.601036834716797, 5.604806518554687, 5.611552047729492, 5.5951488494873045, 5.598015975952149, 5.592800140380859, 5.602150344848633, 5.600886535644531, 5.603670501708985, 5.590111923217774]",[1242.2750244140625],[1706.7960205078125],[4221.1376953125],[12.151328086853027],[18.555360794067383],
2026-10-05T09:27:13.499230+00:00,continuous coefficient 2D,1,"uniform(2D,11)",S11,S9,S9,"HybridSchwarz(torch.float64, Inv(torch.float16), CUDSS)",False,10,10,10,25165824,301916160,{},8.147207254305371,"{'preprocessing time': 0.2847679853439331, 'coarse solver setup time': 1598.784912109375, 'local solver setup time': 677.5962524414062, 'coarse solver solve time': 2.9452192306518556, 'local solver solve time': 1.8569280624389648}","[6.06121597290039, 6.057759857177734, 6.064297485351562, 6.061795043945312, 6.057939147949218, 6.0630943298339846, 6.076806259155274, 6.063046264648437, 6.083331298828125, 6.0615486145019535]",[1276.9066162109375],[1676.3656005859375],[4656.423828125],[70.99465942382812],[10.90015983581543],
2026-10-05T09:27:22.642249+00:00,continuous coefficient 2D,1,"uniform(2D,11)",S11,S9,S9,"AdditiveSchwarz(torch.float64, Inv(torch.bfloat16), CUDSS, const_dofs_per_coarse=False)",False,10,10,10,25165824,301916160,{},8.147657605755153,"{'preprocessing time': 0.3158720135688782, 'coarse solver setup time': 1682.636474609375, 'local solver setup time': 665.9234008789062, 'coarse solver solve time': 2.946278381347656, 'local solver solve time': 1.8573312759399414}","[5.598988723754883, 5.5982719421386715, 5.588288116455078, 5.596153640747071, 5.600931167602539, 5.613462448120117, 5.608639907836914, 5.594675064086914, 5.595564651489258, 5.598931121826172]",[1254.5946044921875],[1660.298095703125],[4278.9912109375],[68.89250946044922],[19.603424072265625],
2026-10-05T09:27:32.123523+00:00,continuous coefficient 2D,1,"uniform(2D,11)",S11,S9,S9,"HybridSchwarz(torch.float64, Inv(torch.bfloat16), CUDSS)",False,10,10,10,25165824,301916160,{},8.147207222126816,"{'preprocessing time': 0.33244800567626953, 'coarse solver setup time': 1593.7794189453125, 'local solver setup time': 668.89697265625, 'coarse solver solve time': 2.9434015274047853, 'local solver solve time': 1.858278465270996}","[6.0653118133544925, 6.060070419311524, 6.06519660949707, 6.062582397460938, 6.058707046508789, 6.064096069335937, 6.077302551269531, 6.085776138305664, 6.061193466186523, 6.06292495727539]",[1229.8271484375],[1662.2911376953125],[4642.98974609375],[12.31875228881836],[18.8789119720459],
2026-10-05T09:27:41.691660+00:00,continuous coefficient 2D,1,"uniform(2D,11)",S11,S9,S9,"AdditiveSchwarz(torch.float32, Inv(), CUDSS, const_dofs_per_coarse=False)",False,10,10,10,25165824,301916160,{},8.147466372685026,"{'preprocessing time': 0.33052799105644226, 'coarse solver setup time': 1595.2669677734375, 'local solver setup time': 588.2599487304688, 'coarse solver solve time': 2.6106271743774414, 'local solver solve time': 3.083011245727539}","[6.641187286376953, 6.638041687011719, 6.635469055175781, 6.635084533691407, 6.6329345703125, 6.63391342163086, 6.638515472412109, 6.6357475280761715, 6.636809539794922, 6.63050537109375]",[1238.6614990234375],[1718.8460693359375],[4470.7744140625],[67.31775665283203],[19.370336532592773],
2026-10-05T09:27:51.210846+00:00,continuous coefficient 2D,1,"uniform(2D,11)",S11,S9,S9,"HybridSchwarz(torch.float32, Inv(), CUDSS)",False,10,10,10,25165824,301916160,{},8.147013796624536,"{'preprocessing time': 0.33107200264930725, 'coarse solver setup time': 1612.6617431640625, 'local solver setup time': 588.6204223632812, 'coarse solver solve time': 2.5992576599121096, 'local solver solve time': 3.0838367462158205}","[6.914697265625, 6.917171478271484, 6.922064208984375, 6.924752044677734, 6.923152160644531, 6.931967926025391, 6.919529724121094, 6.922492980957031, 6.919007873535156, 6.9174140930175785]",[739.7959594726562],[1678.668212890625],[4930.67919921875],[67.5202865600586],[19.93164825439453],
2026-10-05T09:27:59.507585+00:00,continuous coefficient 2D,1,"uniform(2D,11)",S11,S9,S9,"AdditiveSchwarz(torch.float32, Inv(torch.float16), CUDSS, const_dofs_per_coarse=False)",False,10,10,10,25165824,301916160,{},8.147468591760836,"{'preprocessing time': 0.3431999981403351, 'coarse solver setup time': 1597.9537353515625, 'local solver setup time': 589.7863159179688, 'coarse solver solve time': 2.6130943298339844, 'local solver solve time': 1.7095903396606444}","[5.271404647827149, 5.2694049835205075, 5.2713470458984375, 5.267852783203125, 5.269551849365234, 5.267808151245117, 5.267593765258789, 5.267910385131836, 5.268588638305664, 5.269379043579102]",[905.5186157226562],[1693.46435546875],[3924.9775390625],[11.893280029296875],[19.252927780151367],
2026-10-05T09:28:08.174039+00:00,continuous coefficient 2D,1,"uniform(2D,11)",S11,S9,S9,"HybridSchwarz(torch.float32, Inv(torch.float16), CUDSS)",False,10,10,10,25165824,301916160,{},8.147017076050135,"{'preprocessing time': 0.30316799879074097, 'coarse solver setup time': 1609.6480712890625, 'local solver setup time': 599.9978637695312, 'coarse solver solve time': 2.598508834838867, 'local solver solve time': 1.7108448028564454}","[5.552928161621094, 5.545145416259766, 5.545254516601562, 5.54304313659668, 5.5433086395263675, 5.545897674560547, 5.543471908569336, 5.54601936340332, 5.543286514282227, 5.545062255859375]",[750.9097290039062],[1655.8680419921875],[4388.80517578125],[62.680992126464844],[19.233760833740234],
2026-10-05T09:28:16.592902+00:00,continuous coefficient 2D,1,"uniform(2D,11)",S11,S9,S9,"AdditiveSchwarz(torch.float32, Inv(torch.bfloat16), CUDSS, const_dofs_per_coarse=False)",False,10,10,10,25165824,301916160,{},8.14746619214081,"{'preprocessing time': 0.3160640001296997, 'coarse solver setup time': 1613.3492431640625, 'local solver setup time': 607.8997192382812, 'coarse solver solve time': 2.612313652038574, 'local solver solve time': 1.7098976135253907}","[5.271523284912109, 5.270742416381836, 5.269596862792969, 5.269241714477539, 5.27031364440918, 5.271289443969726, 5.267407989501953, 5.270326232910156, 5.26874885559082, 5.26893424987793]",[903.2845458984375],[1720.0035400390625],[3958.92333984375],[68.09356689453125],[11.061152458190918],
2026-10-05T09:28:25.312691+00:00,continuous coefficient 2D,1,"uniform(2D,11)",S11,S9,S9,"HybridSchwarz(torch.float32, Inv(torch.bfloat16), CUDSS)",False,10,10,10,25165824,301916160,{},8.147013869654296,"{'preprocessing time': 0.32892799377441406, 'coarse solver setup time': 1598.3382568359375, 'local solver setup time': 589.7943115234375, 'coarse solver solve time': 2.6102975845336913, 'local solver solve time': 1.7099679946899413}","[5.561542510986328, 5.55877456665039, 5.557107162475586, 5.572796630859375, 5.557427215576172, 5.557699203491211, 5.557478332519532, 5.553059387207031, 5.558294296264648, 5.552825546264648]",[772.7537841796875],[1689.9232177734375],[4372.79443359375],[68.24636840820312],[18.838111877441406],
2026-10-05T09:28:40.091926+00:00,continuous coefficient 2D,1,"uniform(2D,11)",S11,S10,S10,"AdditiveSchwarz(torch.float64, Inv(), CUDSS, const_dofs_per_coarse=False)",False,10,10,10,25165824,301916160,{},9.698478410120876,"{'preprocessing time': 0.5494719743728638, 'coarse solver setup time': 3263.042236328125, 'local solver setup time': 381.1899108886719, 'coarse solver solve time': 9.772512054443359, 'local solver solve time': 1.7662879943847656}","[12.658406066894532, 12.665526580810546, 12.644089508056641, 12.648707580566406, 12.656147003173828, 12.646550750732422, 12.651014709472657, 12.664838409423828, 12.654851531982422, 12.654124450683593]",[912.5804443359375],[1872.3988037109375],[8274.853515625],[12.300448417663574],[19.754112243652344],
2026-10-05T09:28:54.543577+00:00,continuous coefficient 2D,1,"uniform(2D,11)",S11,S10,S10,"HybridSchwarz(torch.float64, Inv(), CUDSS)",False,10,10,10,25165824,301916160,{},9.6983214506318,"{'preprocessing time': 0.5619199872016907, 'coarse solver setup time': 3129.8466796875, 'local solver setup time': 382.36102294921875, 'coarse solver solve time': 9.77734375, 'local solver solve time': 1.7676416397094727}","[13.290681457519531, 13.287539672851562, 13.284848022460938, 13.315126037597656, 13.280960083007812, 13.2955078125, 13.287199401855469, 13.286831665039063, 13.2829345703125, 13.288887023925781]",[572.044921875],[1669.3946533203125],[8599.5712890625],[66.39814758300781],[11.61081600189209],
2026-10-05T09:29:08.473983+00:00,continuous coefficient 2D,1,"uniform(2D,11)",S11,S10,S10,"AdditiveSchwarz(torch.float64, Inv(torch.float32), CUDSS, const_dofs_per_coarse=False)",False,10,10,10,25165824,301916160,{},9.698478410120961,"{'preprocessing time': 0.5765439867973328, 'coarse solver setup time': 3110.116455078125, 'local solver setup time': 390.7902526855469, 'coarse solver solve time': 9.781852722167969, 'local solver solve time': 1.0270336151123047}","[11.895906829833985, 11.904918670654297, 11.92339859008789, 11.90704345703125, 11.901987457275391, 11.911558532714844, 11.902604675292968, 11.905197143554688, 11.909407806396484, 11.903775787353515]",[648.757080078125],[1708.5030517578125],[7836.2041015625],[11.75376033782959],[19.469823837280273],
2026-10-05T09:29:22.290579+00:00,continuous coefficient 2D,1,"uniform(2D,11)",S11,S10,S10,"HybridSchwarz(torch.float64, Inv(torch.float32), CUDSS)",False,10,10,10,25165824,301916160,{},9.698321450631697,"{'preprocessing time': 0.5671359896659851, 'coarse solver setup time': 3181.6484375, 'local solver setup time': 388.5696716308594, 'coarse solver solve time': 9.776473236083984, 'local solver solve time': 1.0284640312194824}","[12.542793273925781, 12.558627319335937, 12.5598876953125, 12.550032043457032, 12.538620758056641, 12.55167007446289, 12.555487823486327, 12.54807357788086, 12.554579162597657, 12.568351745605469]",[550.8200073242188],[1685.6607666015625],[8360.3974609375],[11.332927703857422],[11.46451187133789],
2026-10-05T09:29:35.233538+00:00,continuous coefficient 2D,1,"uniform(2D,11)",S11,S10,S10,"AdditiveSchwarz(torch.float64, Inv(torch.float16), CUDSS, const_dofs_per_coarse=False)",False,10,10,10,25165824,301916160,{},9.698478414956696,"{'preprocessing time': 0.5609599947929382, 'coarse solver setup time': 3026.367431640625, 'local solver setup time': 386.46136474609375, 'coarse solver solve time': 9.776937866210938, 'local solver solve time': 0.6422463893890381}","[11.55371551513672, 11.569193267822266, 11.55308837890625, 11.567593383789063, 11.546390533447266, 11.557788848876953, 11.550723266601562, 11.54715805053711, 11.543154907226562, 11.551376342773438]",[644.610595703125],[1682.4044189453125],[7591.7236328125],[12.160351753234863],[11.131872177124023],
2026-10-05T09:29:49.259235+00:00,continuous coefficient 2D,1,"uniform(2D,11)",S11,S10,S10,"HybridSchwarz(torch.float64, Inv(torch.float16), CUDSS)",False,10,10,10,25165824,301916160,{},9.698321454271055,"{'preprocessing time': 0.5804479718208313, 'coarse solver setup time': 2968.22412109375, 'local solver setup time': 384.45050048828125, 'coarse solver solve time': 9.77158432006836, 'local solver solve time': 0.6423232078552246}","[12.177021026611328, 12.181088256835938, 12.178537750244141, 12.168883514404296, 12.171385955810546, 12.176124572753906, 12.209683227539063, 12.186038208007812, 12.189408111572266, 12.174393463134766]",[480.7145690917969],[1673.56494140625],[8000.96728515625],[11.323583602905273],[19.292512893676758],
2026-10-05T09:30:02.363214+00:00,continuous coefficient 2D,1,"uniform(2D,11)",S11,S10,S10,"AdditiveSchwarz(torch.float64, Inv(torch.bfloat16), CUDSS, const_dofs_per_coarse=False)",False,10,10,10,25165824,301916160,{},9.698478431476813,"{'preprocessing time': 0.7630079984664917, 'coarse solver setup time': 3171.297607421875, 'local solver setup time': 392.46392822265625, 'coarse solver solve time': 9.778479766845702, 'local solver solve time': 0.6422719955444336}","[11.54950408935547, 11.561654663085937, 11.549187469482423, 11.570566558837891, 11.566063690185548, 11.552601623535157, 11.55330581665039, 11.550985717773438, 11.548416137695312, 11.552435302734375]",[656.0182495117188],[1673.8885498046875],[7743.177734375],[11.44918441772461],[11.100640296936035],
2026-10-05T09:30:15.977741+00:00,continuous coefficient 2D,1,"uniform(2D,11)",S11,S10,S10,"HybridSchwarz(torch.float64, Inv(torch.bfloat16), CUDSS)",False,10,10,10,25165824,301916160,{},9.698321464452324,"{'preprocessing time': 0.713919997215271, 'coarse solver setup time': 3015.03076171875, 'local solver setup time': 381.4690246582031, 'coarse solver solve time': 9.767049407958984, 'local solver solve time': 0.6423200130462646}","[12.190287780761718, 12.180278778076172, 12.187590026855469, 12.181107330322266, 12.183270263671876, 12.178128051757813, 12.180879974365235, 12.183612823486328, 12.171593475341798, 12.175596618652344]",[493.1519470214844],[1711.859130859375],[8294.76953125],[12.29856014251709],[11.666048049926758],
2026-10-05T09:30:28.461943+00:00,continuous coefficient 2D,1,"uniform(2D,11)",S11,S10,S10,"AdditiveSchwarz(torch.float32, Inv(), CUDSS, const_dofs_per_coarse=False)",False,10,10,10,25165824,301916160,{},9.697364090580324,"{'preprocessing time': 0.5605440139770508, 'coarse solver setup time': 3014.241943359375, 'local solver setup time': 349.2680358886719, 'coarse solver solve time': 8.782089233398438, 'local solver solve time': 0.9136416435241699}","[10.898054504394532, 10.901948547363281, 10.924662780761718, 10.90662078857422, 10.901757049560548, 10.908326721191406, 10.907103729248046, 10.900035095214843, 10.900592041015624, 10.893421173095703]",[655.3147583007812],[1714.8458251953125],[7253.38330078125],[11.515616416931152],[11.203935623168945],
2026-10-05T09:30:41.213749+00:00,continuous coefficient 2D,1,"uniform(2D,11)",S11,S10,S10,"HybridSchwarz(torch.float32, Inv(), CUDSS)",False,10,10,10,25165824,301916160,{},9.697199437407557,"{'preprocessing time': 0.5734720230102539, 'coarse solver setup time': 3075.52783203125, 'local solver setup time': 344.55865478515625, 'coarse solver solve time': 8.777558135986329, 'local solver solve time': 0.9133888244628906}","[11.319391632080078, 11.334992218017579, 11.341881561279298, 11.324700927734375, 11.33667221069336, 11.327257537841797, 11.328873443603516, 11.333168029785156, 11.324665832519532, 11.321785736083985]",[408.22216796875],[1655.852294921875],[7756.3349609375],[12.124768257141113],[11.387392044067383],
2026-10-05T09:30:54.001829+00:00,continuous coefficient 2D,1,"uniform(2D,11)",S11,S10,S10,"AdditiveSchwarz(torch.float32, Inv(torch.float16), CUDSS, const_dofs_per_coarse=False)",False,10,10,10,25165824,301916160,{},9.697355666370102,"{'preprocessing time': 0.568992018699646, 'coarse solver setup time': 3052.211181640625, 'local solver setup time': 348.44598388671875, 'coarse solver solve time': 8.777184295654298, 'local solver solve time': 0.5358560085296631}","[10.509404754638672, 10.522470092773437, 10.501248168945313, 10.505926513671875, 10.508396911621094, 10.513539123535157, 10.511270141601562, 10.508201599121094, 10.507071685791015, 10.506963348388672]",[596.470947265625],[1702.6744384765625],[7136.794921875],[11.681056022644043],[18.731168746948242],
2026-10-05T09:31:06.964193+00:00,continuous coefficient 2D,1,"uniform(2D,11)",S11,S10,S10,"HybridSchwarz(torch.float32, Inv(torch.float16), CUDSS)",False,10,10,10,25165824,301916160,{},9.697207511626948,"{'preprocessing time': 0.5672320127487183, 'coarse solver setup time': 3234.319580078125, 'local solver setup time': 349.211669921875, 'coarse solver solve time': 8.78448028564453, 'local solver solve time': 0.536620807647705}","[10.969712066650391, 10.951363372802735, 10.950109100341797, 10.95636444091797, 10.949811553955078, 10.955097961425782, 10.954582214355469, 10.944319915771484, 10.948271942138671, 10.960924530029297]",[530.4066162109375],[1671.0555419921875],[7769.587890625],[12.655808448791504],[11.428735733032227],
2026-10-05T09:31:19.199037+00:00,continuous coefficient 2D,1,"uniform(2D,11)",S11,S10,S10,"AdditiveSchwarz(torch.float32, Inv(torch.bfloat16), CUDSS, const_dofs_per_coarse=False)",False,10,10,10,25165824,301916160,{},9.697352324442525,"{'preprocessing time': 0.5608000159263611, 'coarse solver setup time': 3065.0009765625, 'local solver setup time': 338.78204345703125, 'coarse solver solve time': 8.77779541015625, 'local solver solve time': 0.5321599960327148}","[10.508790588378906, 10.504841613769532, 10.514278411865234, 10.501478576660157, 10.498710632324219, 10.502166748046875, 10.505155181884765, 10.50951690673828, 10.499107360839844, 10.508297729492188]",[545.8374633789062],[1795.80029296875],[7138.3115234375],[12.058048248291016],[11.896703720092773],
2026-10-05T09:31:31.763498+00:00,continuous coefficient 2D,1,"uniform(2D,11)",S11,S10,S10,"HybridSchwarz(torch.float32, Inv(torch.bfloat16), CUDSS)",False,10,10,10,25165824,301916160,{},9.697197986632682,"{'preprocessing time': 0.5743359923362732, 'coarse solver setup time': 3031.083251953125, 'local solver setup time': 351.1295471191406, 'coarse solver solve time': 8.778089904785157, 'local solver solve time': 0.5325151920318604}","[10.948358154296875, 10.936463928222656, 10.948524475097656, 10.943875122070313, 10.94705581665039, 10.939775848388672, 10.948579406738281, 10.934393310546875, 10.943158721923828, 10.935491180419922]",[407.2889099121094],[1714.5625],[7564.5322265625],[12.203136444091797],[11.756192207336426],
2026-10-05T09:32:06.677101+00:00,continuous coefficient 2D,1,"uniform(2D,11)",S11,S11,S11,"AdditiveSchwarz(torch.float64, Inv(), CUDSS, const_dofs_per_coarse=False)",False,10,10,10,25165824,301916160,{},5.773838161003606,"{'preprocessing time': 1.7059839963912964, 'coarse solver setup time': 9679.5654296875, 'local solver setup time': 177.4297332763672, 'coarse solver solve time': 34.288150024414065, 'local solver solve time': 0.6101856231689453}","[37.20487060546875, 37.1872802734375, 37.220700073242185, 37.209869384765625, 37.2093994140625, 37.19993286132812, 37.205099487304686, 37.207559204101564, 37.22010498046875, 37.20100402832031]",[553.2646484375],[1668.7999267578125],[23832.763671875],[12.43068790435791],[18.761024475097656],
2026-10-05T09:32:42.346609+00:00,continuous coefficient 2D,1,"uniform(2D,11)",S11,S11,S11,"HybridSchwarz(torch.float64, Inv(), CUDSS)",False,10,10,10,25165824,301916160,{},5.773804180080619,"{'preprocessing time': 1.7042880058288574, 'coarse solver setup time': 9728.3076171875, 'local solver setup time': 213.44137573242188, 'coarse solver solve time': 34.294134521484374, 'local solver solve time': 0.6101119995117188}","[38.23659973144531, 38.24312133789063, 38.264462280273435, 38.24095153808594, 38.240667724609374, 38.23625793457031, 38.25403747558594, 38.24415283203125, 38.23582153320312, 38.276422119140626]",[391.0953674316406],[1713.231201171875],[24364.1640625],[75.05030059814453],[10.887007713317871],
2026-10-05T09:33:17.439610+00:00,continuous coefficient 2D,1,"uniform(2D,11)",S11,S11,S11,"AdditiveSchwarz(torch.float64, Inv(torch.float32), CUDSS, const_dofs_per_coarse=False)",False,10,10,10,25165824,301916160,{},5.77383816100338,"{'preprocessing time': 1.7163519859313965, 'coarse solver setup time': 9750.064453125, 'local solver setup time': 172.4407958984375, 'coarse solver solve time': 34.28824462890625, 'local solver solve time': 0.4220287799835205}","[37.03284606933594, 37.033050537109375, 37.0318603515625, 37.0517822265625, 37.035308837890625, 37.0285888671875, 37.046896362304686, 37.031671142578126, 37.01644287109375, 37.02567749023437]",[661.1427001953125],[1713.0179443359375],[23821.291015625],[67.1220474243164],[10.930208206176758],
2026-10-05T09:33:52.923418+00:00,continuous coefficient 2D,1,"uniform(2D,11)",S11,S11,S11,"HybridSchwarz(torch.float64, Inv(torch.float32), CUDSS)",False,10,10,10,25165824,301916160,{},5.773804180080348,"{'preprocessing time': 1.7387839555740356, 'coarse solver setup time': 9669.546875, 'local solver setup time': 194.3424072265625, 'coarse solver solve time': 34.289895629882814, 'local solver solve time': 0.4224095821380615}","[38.08291015625, 38.068084716796875, 38.08485412597656, 38.07227478027344, 38.06752014160156, 38.06741638183594, 38.08548278808594, 38.07044677734375, 38.07557067871094, 38.0666748046875]",[384.9664001464844],[1723.704345703125],[24206.935546875],[67.12601470947266],[11.449567794799805],
2026-10-05T09:34:28.338856+00:00,continuous coefficient 2D,1,"uniform(2D,11)",S11,S11,S11,"AdditiveSchwarz(torch.float64, Inv(torch.float16), CUDSS, const_dofs_per_coarse=False)",False,10,10,10,25165824,301916160,{},5.773838160051269,"{'preprocessing time': 1.71561598777771, 'coarse solver setup time': 9847.39453125, 'local solver setup time': 187.63917541503906, 'coarse solver solve time': 34.287820434570314, 'local solver solve time': 0.33947200775146485}","[36.94404602050781, 36.927493286132815, 36.93403930664063, 36.941043090820315, 36.93110656738281, 36.92677612304688, 36.923342895507815, 36.92765502929687, 36.93331298828125, 36.93409423828125]",[656.3006591796875],[1950.162841796875],[23903.6328125],[68.92253112792969],[11.373824119567871],
2026-10-05T09:35:03.901867+00:00,continuous coefficient 2D,1,"uniform(2D,11)",S11,S11,S11,"HybridSchwarz(torch.float64, Inv(torch.float16), CUDSS)",False,10,10,10,25165824,301916160,{},5.773804177512581,"{'preprocessing time': 1.7284480333328247, 'coarse solver setup time': 9789.0595703125, 'local solver setup time': 200.2398681640625, 'coarse solver solve time': 34.290225219726565, 'local solver solve time': 0.33952960968017576}","[38.049496459960935, 37.986349487304686, 37.98900451660156, 37.986447143554685, 37.983831787109374, 38.01579895019531, 37.97503662109375, 37.983612060546875, 37.98017272949219, 37.98924865722656]",[368.407958984375],[1727.708984375],[24300.70703125],[60.77961730957031],[10.857728004455566],
2026-10-05T09:35:39.119091+00:00,continuous coefficient 2D,1,"uniform(2D,11)",S11,S11,S11,"AdditiveSchwarz(torch.float64, Inv(torch.bfloat16), CUDSS, const_dofs_per_coarse=False)",False,10,10,10,25165824,301916160,{},5.773838159159615,"{'preprocessing time': 1.7176320552825928, 'coarse solver setup time': 9880.2939453125, 'local solver setup time': 193.98060607910156, 'coarse solver solve time': 34.28651733398438, 'local solver solve time': 0.33926079273223875}","[36.933843994140624, 36.92075805664062, 36.927487182617185, 36.944027709960935, 36.933840942382815, 36.94466857910156, 36.92942504882812, 36.933648681640626, 36.94514465332031, 36.929629516601565]",[641.1104125976562],[1740.734130859375],[23940.419921875],[67.7227554321289],[11.56719970703125],
2026-10-05T09:36:14.705092+00:00,continuous coefficient 2D,1,"uniform(2D,11)",S11,S11,S11,"HybridSchwarz(torch.float64, Inv(torch.bfloat16), CUDSS)",False,10,10,10,25165824,301916160,{},5.773804183775892,"{'preprocessing time': 1.7237119674682617, 'coarse solver setup time': 9802.5078125, 'local solver setup time': 188.53318786621094, 'coarse solver solve time': 34.29355163574219, 'local solver solve time': 0.33966081142425536}","[37.96753845214844, 37.97245483398437, 37.99583740234375, 37.98252563476562, 37.98149108886719, 37.977777099609376, 37.9765869140625, 37.98753051757812, 37.994998168945315, 37.99896240234375]",[367.5735168457031],[1725.7210693359375],[24301.494140625],[71.55391693115234],[10.85433578491211],
2026-10-05T09:36:47.306439+00:00,continuous coefficient 2D,1,"uniform(2D,11)",S11,S11,S11,"AdditiveSchwarz(torch.float32, Inv(), CUDSS, const_dofs_per_coarse=False)",False,10,10,10,25165824,301916160,{},5.778985587713413,"{'preprocessing time': 1.7188160419464111, 'coarse solver setup time': 9782.3837890625, 'local solver setup time': 234.03677368164062, 'coarse solver solve time': 31.306240844726563, 'local solver solve time': 0.31415998935699463}","[33.95196533203125, 33.94876403808594, 33.96571350097656, 33.98257141113281, 33.96271667480469, 33.976409912109375, 33.95237426757812, 33.95631713867188, 33.95296020507813, 33.961981201171874]",[641.4443359375],[1723.4083251953125],[22681.142578125],[12.43609619140625],[12.33568000793457],
2026-10-05T09:37:20.056862+00:00,continuous coefficient 2D,1,"uniform(2D,11)",S11,S11,S11,"HybridSchwarz(torch.float32, Inv(), CUDSS)",False,10,10,10,25165824,301916160,{},5.778953685943058,"{'preprocessing time': 1.7128640413284302, 'coarse solver setup time': 9697.2998046875, 'local solver setup time': 203.41830444335938, 'coarse solver solve time': 31.30413818359375, 'local solver solve time': 0.3141439914703369}","[34.609249877929685, 34.59591064453125, 34.601141357421874, 34.5914794921875, 34.63175964355469, 34.60612182617187, 34.617367553710935, 34.623782348632815, 34.60301208496094, 34.6017578125]",[362.75421142578125],[1730.8116455078125],[22998.744140625],[11.96230411529541],[11.503264427185059],
2026-10-05T09:37:52.627709+00:00,continuous coefficient 2D,1,"uniform(2D,11)",S11,S11,S11,"AdditiveSchwarz(torch.float32, Inv(torch.float16), CUDSS, const_dofs_per_coarse=False)",False,10,10,10,25165824,301916160,{},5.7789854945253,"{'preprocessing time': 1.705888032913208, 'coarse solver setup time': 9834.0537109375, 'local solver setup time': 202.791748046875, 'coarse solver solve time': 31.303717041015624, 'local solver solve time': 0.22690560817718505}","[33.872320556640624, 33.860775756835935, 33.85111083984375, 33.895452880859374, 33.865936279296875, 33.8783447265625, 33.864813232421874, 33.868096923828126, 33.861203002929685, 33.86771240234375]",[612.5180053710938],[1760.90478515625],[22665.083984375],[11.90009593963623],[11.595871925354004],
2026-10-05T09:38:25.404010+00:00,continuous coefficient 2D,1,"uniform(2D,11)",S11,S11,S11,"HybridSchwarz(torch.float32, Inv(torch.float16), CUDSS)",False,10,10,10,25165824,301916160,{},5.7789554289084375,"{'preprocessing time': 1.7182079553604126, 'coarse solver setup time': 9742.6220703125, 'local solver setup time': 217.574462890625, 'coarse solver solve time': 31.301235961914063, 'local solver solve time': 0.22752959728240968}","[34.54805908203125, 34.538037109375, 34.548788452148436, 34.553445434570314, 34.55222778320312, 34.53141479492187, 34.546200561523435, 34.54701232910156, 34.532894897460935, 34.53584594726563]",[351.8853454589844],[1729.33447265625],[23021.1796875],[12.516448020935059],[11.336895942687988],
2026-10-05T09:38:58.805651+00:00,continuous coefficient 2D,1,"uniform(2D,11)",S11,S11,S11,"AdditiveSchwarz(torch.float32, Inv(torch.bfloat16), CUDSS, const_dofs_per_coarse=False)",False,10,10,10,25165824,301916160,{},5.778988142364144,"{'preprocessing time': 1.7334400415420532, 'coarse solver setup time': 10269.302734375, 'local solver setup time': 519.7940063476562, 'coarse solver solve time': 31.305526733398438, 'local solver solve time': 0.22761919498443603}","[33.85279235839844, 33.872744750976565, 33.8486083984375, 33.842169189453124, 33.85102844238281, 33.8572265625, 33.85567016601563, 33.85212707519531, 33.86514587402344, 33.84853820800781]",[606.5570678710938],[1764.427734375],[23418.02734375],[55.45635223388672],[11.542976379394531],
2026-10-05T09:39:32.208758+00:00,continuous coefficient 2D,1,"uniform(2D,11)",S11,S11,S11,"HybridSchwarz(torch.float32, Inv(torch.bfloat16), CUDSS)",False,10,10,10,25165824,301916160,{},5.778955165828089,"{'preprocessing time': 1.7202880382537842, 'coarse solver setup time': 10323.2314453125, 'local solver setup time': 205.04908752441406, 'coarse solver solve time': 31.29761657714844, 'local solver solve time': 0.22606399059295654}","[34.523712158203125, 34.55168151855469, 34.555487060546874, 34.53519287109375, 34.56221008300781, 34.53634338378906, 34.54288024902344, 34.543341064453124, 34.5380126953125, 34.547604370117185]",[357.11663818359375],[1694.37548828125],[23591.955078125],[68.16796875],[11.352128028869629],
2026-10-05T09:40:04.098443+00:00,continuous coefficient 2D,3,"uniform(2D,9)",S9,S7,S7,"CG(AdditiveSchwarz(torch.float64, Inv(), CUDSS, const_dofs_per_coarse=False), bsr_matmul=True)",False,0,1,10,5242880,209510400,"{'iterations': 219, 'residual norms': [0.18571504386934493, 8.168962482770766, 8.697688900740433, 10.73493454214572, 9.009449315623137, 10.695102371127966, 7.223170122287449, 11.704163202142523, 8.809083175721721, 9.338413082271467, 9.491206171900382, 6.771455353011942, 6.090234040423058, 6.694355282729416, 4.539613092119131, 4.367914312778655, 3.6043763339359423, 2.9843904673583554, 2.5319729020402564, 2.005628343925466, 1.7781833836514036, 1.4306143365711388, 1.2099979893015218, 1.131375137988103, 0.9336396046295888, 0.8449512594995973, 0.7435191483398471, 0.40091982000106907, 0.3728630311838731, 0.3367400934057257, 0.26615058806563047, 0.2057823257221248, 0.18890402657601862, 0.1936217249694963, 0.15458114955315408, 0.15896178217319198, 0.16614752892800416, 0.13578785237902036, 0.14991644116295672, 0.17867945352998763, 0.1259362110573828, 0.12620258513086674, 0.11420772043265298, 0.08096786291038799, 0.05740990105880003, 0.049622824489538676, 0.034131561083861374, 0.027123339319056767, 0.020530137422547484, 0.020110808847947963, 0.012413149977940876, 0.01632492654346084, 0.02104746264063358, 0.0211245629077162, 0.022089400205492025, 0.02393242844337668, 0.022855219276695867, 0.016355937923319755, 0.015879697585803258, 0.016587479394825067, 0.016707037320158383, 0.01388222923748251, 0.013367962569195735, 0.006473400702318392, 0.005856796816456941, 0.005378545379878352, 0.005251058144892075, 0.005030641150284575, 0.005132529908986733, 0.004590752162967229, 0.003103627429814878, 0.0027109693251043698, 0.002244424149049771, 0.0018938169179355908, 0.0009282339451283229, 0.0010424711419397602, 0.0009645535422308882, 0.0009640800993251339, 0.0007852715679648192, 0.0006308367335628439, 0.00041878757833260945, 0.0004058253620550339, 0.0003919020256163562, 0.0002857734238449362, 0.0002329882578330352, 0.0002415771837105512, 0.0001801573267516923, 0.00019342964775201748, 0.0002859160952994734, 0.00023391198138254882, 0.00019107315578559955, 0.0002124183319225747, 0.00018006945720339175, 0.00013689160861466462, 0.00016678470151377907, 0.00015942546034851597, 0.00015674052519463457, 0.0001447624709732576, 0.0001246690281608173, 0.00010256257162699499, 8.675002036281943e-05, 8.442219102261896e-05, 8.041599128409346e-05, 6.169245059024023e-05, 5.020167968138524e-05, 5.836567279481681e-05, 5.134107015297956e-05, 4.745551048209369e-05, 4.321573610885469e-05, 4.883488927405497e-05, 4.238482008418525e-05, 3.6154682997970395e-05, 2.4734541020058734e-05, 2.2872392027213006e-05, 1.91625347101939e-05, 1.7472500572813467e-05, 1.698653157413581e-05, 1.5638576680980314e-05, 1.2842886838602752e-05, 1.2577293368380434e-05, 1.4346344642642204e-05, 1.2916920905571995e-05, 1.240277175288863e-05, 1.0642664369340352e-05, 6.417691280602476e-06, 4.999891408382368e-06, 4.78142521352963e-06, 3.075845447429066e-06, 2.1738749207160687e-06, 1.9642477030984973e-06, 1.8206264269876903e-06, 1.0492338786098998e-06, 1.1634414653035107e-06, 1.069706015269409e-06, 8.24104028259605e-07, 9.280617909138117e-07, 1.1068278963423486e-06, 1.1430132572767926e-06, 1.067254787373761e-06, 1.0926357384981786e-06, 8.612072230666176e-07, 8.56111670452605e-07, 1.005548352928627e-06, 8.910688077218433e-07, 7.487646732914059e-07, 7.022446945090783e-07, 6.372567718273432e-07, 4.708943696035339e-07, 4.172041981546385e-07, 3.116757776684206e-07, 2.5565363543032656e-07, 2.4643870036510876e-07, 2.6598810176546215e-07, 2.522515103586244e-07, 2.0248670554527748e-07, 1.607735871272755e-07, 1.7678396585139952e-07, 1.488733719102883e-07, 1.6414475908594067e-07, 1.5844032619541376e-07, 1.1914497778457989e-07, 1.0644083444684442e-07, 1.0667977016989837e-07, 8.1582018573715e-08, 5.7663451585352104e-08, 5.8506359509127893e-08, 5.754179073684564e-08, 4.826833703421973e-08, 4.8238935966099973e-08, 5.856422047517405e-08, 3.379057739795987e-08, 3.435124260438843e-08, 3.075860660286427e-08, 2.2610421632333353e-08, 1.9830783918702772e-08, 1.6719438926643238e-08, 1.2462164833566811e-08, 1.086100215391953e-08, 1.360041835378453e-08, 1.217987481530668e-08, 1.017916640811402e-08, 7.919460480321463e-09, 6.778202804987422e-09, 5.587171752452265e-09, 5.55500447285748e-09, 7.582264230920373e-09, 7.62687927828803e-09, 7.085560378308763e-09, 5.981384909369795e-09, 5.502379287604125e-09, 4.734724007661893e-09, 5.4853419770362476e-09, 6.035228261394894e-09, 4.667056245786038e-09, 4.379419428226269e-09, 4.778969289407159e-09, 4.209982529284329e-09, 2.989364572731133e-09, 2.9958737551509698e-09, 2.1588031281290723e-09, 1.5458994763564925e-09, 1.3566795999645026e-09, 1.1975147202263446e-09, 9.556791709485458e-10, 7.813013367562967e-10, 7.266736586545345e-10, 6.37292452290524e-10, 5.244686596356048e-10, 6.373862687978237e-10, 5.999161116670036e-10, 4.906032812793576e-10, 4.5235935913624913e-10, 3.930744581333542e-10, 2.972258888476304e-10, 2.8286770701525003e-10, 3.4142296076819415e-10, 3.071347798255817e-10, 3.0380284801130835e-10, 2.2321654948043927e-10, 1.70174610920108e-10], 'preconditioner metadata': [{}, {}, {}, {}, {}, {}, {}, {}, {}, {}, {}, {}, {}, {}, {}, {}, {}, {}, {}, {}, {}, {}, {}, {}, {}, {}, {}, {}, {}, {}, {}, {}, {}, {}, {}, {}, {}, {}, {}, {}, {}, {}, {}, {}, {}, {}, {}, {}, {}, {}, {}, {}, {}, {}, {}, {}, {}, {}, {}, {}, {}, {}, {}, {}, {}, {}, {}, {}, {}, {}, {}, {}, {}, {}, {}, {}, {}, {}, {}, {}, {}, {}, {}, {}, {}, {}, {}, {}, {}, {}, {}, {}, {}, {}, {}, {}, {}, {}, {}, {}, {}, {}, {}, {}, {}, {}, {}, {}, {}, {}, {}, {}, {}, {}, {}, {}, {}, {}, {}, {}, {}, {}, {}, {}, {}, {}, {}, {}, {}, {}, {}, {}, {}, {}, {}, {}, {}, {}, {}, {}, {}, {}, {}, {}, {}, {}, {}, {}, {}, {}, {}, {}, {}, {}, {}, {}, {}, {}, {}, {}, {}, {}, {}, {}, {}, {}, {}, {}, {}, {}, {}, {}, {}, {}, {}, {}, {}, {}, {}, {}, {}, {}, {}, {}, {}, {}, {}, {}, {}, {}, {}, {}, {}, {}, {}, {}, {}, {}, {}, {}, {}, {}, {}, {}, {}, {}, {}, {}, {}, {}, {}, {}, {}, {}, {}, {}, {}, {}, {}]}",1.7090056440722868e-10,,"[1358.3118896484375, 1356.6961669921875, 1359.2430419921875, 1357.3828125, 1360.1781005859375, 1357.6353759765625, 1358.199462890625, 1357.7442626953125, 1360.8883056640625, 1357.0853271484375]",[142.56668090820312],[1597.809326171875],[1960.8687744140625],[3.076064109802246],[2.850048065185547],
2026-10-05T09:40:21.371626+00:00,continuous coefficient 2D,3,"uniform(2D,9)",S9,S7,S7,"CG(HybridSchwarz(torch.float64, Inv(), CUDSS), bsr_matmul=True)",False,0,1,10,5242880,209510400,"{'iterations': 186, 'residual norms': [8.162323061742626, 8.124886882675385, 11.121855331971878, 8.241866291324722, 7.715880468646789, 10.890681993402168, 8.242889718134927, 8.378107223161226, 6.412895568970705, 5.8993392255013015, 5.575410091269174, 3.9247208359470713, 3.6752073322888403, 2.7155826754290864, 1.9166797496730956, 1.7570869883267652, 1.262516880863867, 0.8546996318574636, 0.7429658313183255, 0.5719137674081787, 0.6435828988013288, 0.4297917866754053, 0.29711963942104846, 0.2552382389389098, 0.1858779876474036, 0.14682522309137622, 0.16236102646561174, 0.12228424336462032, 0.14642539246129607, 0.1120263210468897, 0.11600300909302821, 0.13733082818962686, 0.1073912443748196, 0.10835851737929986, 0.07871707759574074, 0.05494671875571894, 0.049475575805204904, 0.030183226429489566, 0.03320007948299743, 0.02457821055633391, 0.017805488375341502, 0.026377406474713698, 0.024715303963638264, 0.020609372046404874, 0.021511868620776583, 0.013485989736524793, 0.013767037683709796, 0.010700127987018816, 0.013610678573716237, 0.01305593357275961, 0.008139767651835828, 0.008397117281797905, 0.007387410842371, 0.008751340571432892, 0.007711782037787646, 0.005235871346272052, 0.0032935234995181252, 0.002542707252507827, 0.00163488416196357, 0.001038960602834816, 0.0010178634573478683, 0.0009308016572953721, 0.0011022555074170855, 0.0008295083289058838, 0.000851671448613834, 0.0008868487844810886, 0.0007937863175952365, 0.0009470124255084813, 0.0005929271309076467, 0.0006829024259631257, 0.0007040194554685336, 0.0005268726446303745, 0.0004120061766040984, 0.0002720631843324167, 0.00021959279457182783, 0.00017779471384175418, 0.00019040745939045463, 0.00019540132866757603, 0.00018214880173640007, 0.0001621929711161582, 0.00010040111480912112, 0.00011051536605523741, 8.937583213741231e-05, 6.326233603801877e-05, 7.079950674634284e-05, 6.549722296477578e-05, 6.050819086807906e-05, 5.7300429338147605e-05, 5.2013671559286226e-05, 4.4209764627475834e-05, 3.468156646703346e-05, 2.373108428616703e-05, 2.001753829719181e-05, 1.849024935952344e-05, 1.4620100727906814e-05, 1.7079778903696038e-05, 1.3177942524913324e-05, 1.5506617427448795e-05, 1.4231472240690337e-05, 1.2694539793058883e-05, 1.3256713779878561e-05, 1.01427729806384e-05, 1.0662557825415444e-05, 9.740506569090728e-06, 7.028597828809474e-06, 6.324118306706855e-06, 4.442339167629686e-06, 3.693634212929176e-06, 2.8059907333906512e-06, 2.766217861029897e-06, 2.1803309108367345e-06, 2.0365874383166426e-06, 1.5454261249454327e-06, 1.3089310657849567e-06, 1.5904226230657398e-06, 1.1355479971184998e-06, 1.2794147073826474e-06, 1.031816762774726e-06, 9.744251721555402e-07, 9.61150996537601e-07, 6.535305783852135e-07, 6.793476066132002e-07, 6.171255355382987e-07, 5.83489528529001e-07, 4.78491848899534e-07, 2.753234387193633e-07, 3.646493064056062e-07, 3.0070681625360033e-07, 2.8718634257767016e-07, 3.060504616457393e-07, 2.0143414808413275e-07, 2.246389869438765e-07, 1.816433100163355e-07, 1.5034919413651382e-07, 1.6676514579678393e-07, 1.333586357541125e-07, 1.3460307367569865e-07, 1.048128406353934e-07, 9.487066129010645e-08, 9.443547102284443e-08, 7.911754397864351e-08, 6.686825398113648e-08, 5.3618631537358665e-08, 4.269494455674389e-08, 3.177976301279672e-08, 2.8907123662236737e-08, 1.9480620896790735e-08, 1.857494886420341e-08, 1.8843709665059803e-08, 1.7320789181347556e-08, 1.9473688906002103e-08, 1.258168366814753e-08, 1.2753160758299523e-08, 1.2963315360993266e-08, 9.59854417233565e-09, 1.2055177693326793e-08, 9.10935628394647e-09, 1.006880319711353e-08, 8.878239972662596e-09, 5.932021741434204e-09, 6.13653291566103e-09, 4.186230260194093e-09, 3.905464596089738e-09, 3.8398895708292295e-09, 2.9836548454211248e-09, 2.8562487015490664e-09, 2.3498800165590468e-09, 1.9801741983600572e-09, 2.3639279767962e-09, 1.6715971506064247e-09, 1.5388332116058038e-09, 1.4312052090873082e-09, 1.3306852387540596e-09, 1.7564643161532387e-09, 1.0194758416661593e-09, 8.261171870568333e-10, 5.928082509082714e-10, 4.741897247340737e-10, 5.10664480022248e-10, 4.877207471799698e-10, 3.943090155391097e-10, 2.8670460804230054e-10, 2.5685409380628427e-10, 2.4545729918163095e-10, 2.290898544771529e-10, 2.10276042860832e-10, 1.797022201284025e-10], 'preconditioner metadata': [{}, {}, {}, {}, {}, {}, {}, {}, {}, {}, {}, {}, {}, {}, {}, {}, {}, {}, {}, {}, {}, {}, {}, {}, {}, {}, {}, {}, {}, {}, {}, {}, {}, {}, {}, {}, {}, {}, {}, {}, {}, {}, {}, {}, {}, {}, {}, {}, {}, {}, {}, {}, {}, {}, {}, {}, {}, {}, {}, {}, {}, {}, {}, {}, {}, {}, {}, {}, {}, {}, {}, {}, {}, {}, {}, {}, {}, {}, {}, {}, {}, {}, {}, {}, {}, {}, {}, {}, {}, {}, {}, {}, {}, {}, {}, {}, {}, {}, {}, {}, {}, {}, {}, {}, {}, {}, {}, {}, {}, {}, {}, {}, {}, {}, {}, {}, {}, {}, {}, {}, {}, {}, {}, {}, {}, {}, {}, {}, {}, {}, {}, {}, {}, {}, {}, {}, {}, {}, {}, {}, {}, {}, {}, {}, {}, {}, {}, {}, {}, {}, {}, {}, {}, {}, {}, {}, {}, {}, {}, {}, {}, {}, {}, {}, {}, {}, {}, {}, {}, {}, {}, {}, {}, {}, {}, {}, {}, {}, {}, {}, {}, {}, {}, {}, {}, {}]}",1.8029136269176748e-10,,"[1175.1552734375, 1174.4490966796875, 1174.3497314453125, 1174.47509765625, 1175.2332763671875, 1174.609375, 1174.5565185546875, 1174.392333984375, 1174.2174072265625, 1174.2940673828125]",[909.4111938476562],[1603.0655517578125],[2212.01513671875],[2.955552101135254],[2.4237120151519775],
2026-10-05T09:40:36.064803+00:00,continuous coefficient 2D,3,"uniform(2D,9)",S9,S7,S7,"CG(AdditiveSchwarz(torch.float64, Inv(torch.float32), CUDSS, const_dofs_per_coarse=False), bsr_matmul=True)",False,0,1,10,5242880,209510400,"{'iterations': 219, 'residual norms': [0.18571504386934493, 8.168962482782444, 8.697688899091133, 10.734934544472399, 9.00944931576303, 10.695102372910004, 7.223170120000211, 11.70416320670149, 8.809083176227333, 9.338413088482618, 9.491206158152801, 6.771455353810959, 6.090234053706651, 6.694355338820922, 4.5396130971484725, 4.3679143164797605, 3.6043763440598036, 2.9843904674007806, 2.5319729024696147, 2.0056283497677776, 1.7781834047854226, 1.4306143516860736, 1.20999799262759, 1.1313751444517564, 0.9336396214820454, 0.8449512504380756, 0.7435191438698416, 0.40091981250515907, 0.37286301699562513, 0.3367400738829449, 0.26615058183774026, 0.2057823284801229, 0.18890402635760578, 0.19362169359595058, 0.1545811327393733, 0.1589617849633981, 0.16614753547452055, 0.13578783866019373, 0.1499164357349495, 0.17867945175882724, 0.12593620614975912, 0.12620256541919736, 0.11420771803029894, 0.0809678736091623, 0.05740989959638134, 0.049622799058346545, 0.03413155860772575, 0.027123343422713175, 0.020530138209171458, 0.02011080037385112, 0.01241314954622229, 0.01632493097523911, 0.021047465211231995, 0.021124557832049473, 0.022089402739224474, 0.02393243102972708, 0.022855200000962823, 0.01635593517368813, 0.015879699757214073, 0.016587475476048125, 0.016707034464414232, 0.013882227063783482, 0.013367956991869587, 0.006473396782094593, 0.00585679602733223, 0.005378545197996501, 0.005251057645967264, 0.005030639276142794, 0.005132529389198209, 0.004590749088944293, 0.0031036276521456195, 0.0027109699632254366, 0.0022444239862575177, 0.001893816861448502, 0.0009282337806925836, 0.001042470991122158, 0.0009645533002447527, 0.0009640799034541119, 0.0007852714202668486, 0.0006308369178831095, 0.00041878753120378804, 0.0004058252468130981, 0.0003919022347534047, 0.00028577400023439636, 0.0002329881577961235, 0.00024157697588648202, 0.00018015735003522906, 0.00019342959856674376, 0.0002859161888473462, 0.00023391191580610226, 0.00019107288999684258, 0.000212418314960599, 0.00018006952251658587, 0.00013689148932324573, 0.00016678463429777786, 0.00015942548192185457, 0.00015674036142163575, 0.00014476240308640808, 0.00012466903080136075, 0.00010256250893004901, 8.674992441759467e-05, 8.442219426460939e-05, 8.041592663149566e-05, 6.169234579626543e-05, 5.020165390516826e-05, 5.8365703903218646e-05, 5.134100178652695e-05, 4.745544806306804e-05, 4.3215749933213164e-05, 4.883486755223076e-05, 4.2384737165951355e-05, 3.615466611327969e-05, 2.473453182469748e-05, 2.2872354438924415e-05, 1.9162524104517415e-05, 1.7472502462228706e-05, 1.6986513949776664e-05, 1.5638560909770865e-05, 1.2842886814592694e-05, 1.257728696707482e-05, 1.4346337364502377e-05, 1.2916920459985099e-05, 1.240276397502817e-05, 1.0642654366586854e-05, 6.417688130657091e-06, 4.9998885428188415e-06, 4.781421848109291e-06, 3.0758441154585386e-06, 2.173874081998797e-06, 1.9642459325882084e-06, 1.8206251478193964e-06, 1.0492333893703416e-06, 1.1634417249638095e-06, 1.0697048808837588e-06, 8.241040531671776e-07, 9.280614719379081e-07, 1.1068280547776314e-06, 1.1430130013064647e-06, 1.0672545820462075e-06, 1.0926352258218931e-06, 8.612073309241958e-07, 8.561115260899261e-07, 1.00554760490723e-06, 8.910687449779855e-07, 7.487647908143181e-07, 7.022443291566815e-07, 6.372564380008902e-07, 4.7089449094443473e-07, 4.172038311481446e-07, 3.116757987407303e-07, 2.5565371410993393e-07, 2.4643850144656015e-07, 2.6598796670005086e-07, 2.5225170704294605e-07, 2.0248660758802322e-07, 1.6077347539499593e-07, 1.767839755720443e-07, 1.4887333429056487e-07, 1.6414471682624273e-07, 1.5844026342400474e-07, 1.1914497350951413e-07, 1.0644080037305657e-07, 1.0667978371353568e-07, 8.15819871501251e-08, 5.766344627578321e-08, 5.850634441344848e-08, 5.7541818076579694e-08, 4.826831155283539e-08, 4.823893545126147e-08, 5.856420063264603e-08, 3.37905925089436e-08, 3.4351237900980734e-08, 3.0758599115769445e-08, 2.2610431591630107e-08, 1.983078467262338e-08, 1.6719438353637377e-08, 1.2462163134625393e-08, 1.0861002801711369e-08, 1.3600418416164319e-08, 1.2179877960546165e-08, 1.0179165160707043e-08, 7.919457221973249e-09, 6.778206002480064e-09, 5.587172811206383e-09, 5.555003181251615e-09, 7.582262219980528e-09, 7.626879565247013e-09, 7.085561322940782e-09, 5.981383762112811e-09, 5.502377898898536e-09, 4.734724475931067e-09, 5.48534266463259e-09, 6.0352264408590936e-09, 4.6670579168275e-09, 4.379419033865325e-09, 4.778969752092614e-09, 4.209983835520595e-09, 2.989363554396058e-09, 2.9958712897942062e-09, 2.15880554498406e-09, 1.5458998066536836e-09, 1.3566788571522498e-09, 1.1975151292943974e-09, 9.556794202365152e-10, 7.813013704159064e-10, 7.26673813708135e-10, 6.372924513822349e-10, 5.244686788690785e-10, 6.373868470039835e-10, 5.999160903393222e-10, 4.90603252199853e-10, 4.523593454471778e-10, 3.9307453998957916e-10, 2.9722581875054116e-10, 2.8286773474055027e-10, 3.4142289405020534e-10, 3.0713489447818505e-10, 3.038030136707412e-10, 2.232163707909405e-10, 1.7017455696928819e-10], 'preconditioner metadata': [{}, {}, {}, {}, {}, {}, {}, {}, {}, {}, {}, {}, {}, {}, {}, {}, {}, {}, {}, {}, {}, {}, {}, {}, {}, {}, {}, {}, {}, {}, {}, {}, {}, {}, {}, {}, {}, {}, {}, {}, {}, {}, {}, {}, {}, {}, {}, {}, {}, {}, {}, {}, {}, {}, {}, {}, {}, {}, {}, {}, {}, {}, {}, {}, {}, {}, {}, {}, {}, {}, {}, {}, {}, {}, {}, {}, {}, {}, {}, {}, {}, {}, {}, {}, {}, {}, {}, {}, {}, {}, {}, {}, {}, {}, {}, {}, {}, {}, {}, {}, {}, {}, {}, {}, {}, {}, {}, {}, {}, {}, {}, {}, {}, {}, {}, {}, {}, {}, {}, {}, {}, {}, {}, {}, {}, {}, {}, {}, {}, {}, {}, {}, {}, {}, {}, {}, {}, {}, {}, {}, {}, {}, {}, {}, {}, {}, {}, {}, {}, {}, {}, {}, {}, {}, {}, {}, {}, {}, {}, {}, {}, {}, {}, {}, {}, {}, {}, {}, {}, {}, {}, {}, {}, {}, {}, {}, {}, {}, {}, {}, {}, {}, {}, {}, {}, {}, {}, {}, {}, {}, {}, {}, {}, {}, {}, {}, {}, {}, {}, {}, {}, {}, {}, {}, {}, {}, {}, {}, {}, {}, {}, {}, {}, {}, {}, {}, {}, {}, {}]}",1.7090927353726942e-10,,"[970.96826171875, 971.2603149414062, 971.0578002929688, 970.72509765625, 970.6456909179688, 970.9603271484375, 971.3698120117188, 971.2896118164062, 971.0509033203125, 970.6577758789062]",[864.6829223632812],[1648.247314453125],[1883.896240234375],[2.7830400466918945],[2.8405439853668213],
2026-10-05T09:40:49.766299+00:00,continuous coefficient 2D,3,"uniform(2D,9)",S9,S7,S7,"CG(HybridSchwarz(torch.float64, Inv(torch.float32), CUDSS), bsr_matmul=True)",False,0,1,10,5242880,209510400,"{'iterations': 186, 'residual norms': [8.162323061742624, 8.124886881940041, 11.121855335754297, 8.24186629294945, 7.715880465986282, 10.890682001900084, 8.242889720213523, 8.37810722309505, 6.412895564062046, 5.899339215564445, 5.575410083077695, 3.9247208346597278, 3.675207332163118, 2.7155826772221556, 1.9166797487243452, 1.7570869892745404, 1.2625168810978749, 0.8546996310091871, 0.7429658287272858, 0.5719137644107745, 0.6435828929129802, 0.429791786105304, 0.2971196397928294, 0.2552382401557098, 0.18587798779650372, 0.14682522271393816, 0.16236102356551813, 0.12228424259645841, 0.14642539093857743, 0.11202631963334406, 0.11600300729595754, 0.13733082505057181, 0.1073912417317289, 0.10835851335016246, 0.07871707233887691, 0.0549467156414668, 0.049475572764110416, 0.030183224110250914, 0.033200076416946306, 0.024578207995770294, 0.017805487769997096, 0.026377405330678734, 0.024715303894459053, 0.02060937230729006, 0.021511868734861262, 0.013485992299526565, 0.013767035071301318, 0.010700127653086394, 0.013610676881151735, 0.013055932557314862, 0.00813976921859213, 0.00839711370032525, 0.007387410427471688, 0.008751339339060065, 0.007711780991120004, 0.005235871625894258, 0.003293523392232449, 0.0025427070885175778, 0.0016348841039962956, 0.001038960594019401, 0.0010178634783748215, 0.0009308015761789921, 0.0011022554573963438, 0.0008295083394818109, 0.0008516713668646753, 0.0008868488095042419, 0.0007937862100423431, 0.0009470125615122308, 0.0005929269767567218, 0.0006829024128908765, 0.0007040196473566587, 0.0005268720590437962, 0.0004120062950407177, 0.0002720629614962495, 0.00021959252119215964, 0.00017779485658611543, 0.00019040732963811774, 0.00019540131296068603, 0.0001821488754460061, 0.000162192746017945, 0.00010040112796936255, 0.00011051540303074605, 8.937573276250687e-05, 6.32623651316727e-05, 7.079949969576305e-05, 6.549720949062497e-05, 6.050820758054497e-05, 5.730039377121744e-05, 5.201367664722515e-05, 4.420976216415102e-05, 3.468155432118342e-05, 2.3731087317837226e-05, 2.001753404107418e-05, 1.8490247849088666e-05, 1.4620101364014693e-05, 1.7079776410755847e-05, 1.3177942988846782e-05, 1.550661458876938e-05, 1.4231471705397558e-05, 1.2694539532032255e-05, 1.3256709717335697e-05, 1.0142773793932521e-05, 1.0662554714709175e-05, 9.740505465088984e-06, 7.028598786627486e-06, 6.324116463997734e-06, 4.4423398826199505e-06, 3.6936338789553362e-06, 2.8059898371488705e-06, 2.7662182759168075e-06, 2.1803304349446456e-06, 2.036587690963751e-06, 1.545426126597755e-06, 1.3089308738750155e-06, 1.5904228548434787e-06, 1.1355479559123758e-06, 1.2794147831892627e-06, 1.0318168379342646e-06, 9.744251015170813e-07, 9.611510652935963e-07, 6.53530531833625e-07, 6.793475424621606e-07, 6.171255588319977e-07, 5.834894377469911e-07, 4.784918568494858e-07, 2.7532342394394366e-07, 3.64649246461328e-07, 3.007068349018715e-07, 2.871862875590557e-07, 3.060504400754341e-07, 2.0143413797518784e-07, 2.246389672659239e-07, 1.8164329720159262e-07, 1.503491833436877e-07, 1.6676515237830722e-07, 1.3335863492728672e-07, 1.346030770197633e-07, 1.0481282660908769e-07, 9.487064984813253e-08, 9.443546010481432e-08, 7.911753910773686e-08, 6.686824421879553e-08, 5.3618618528601455e-08, 4.269493854339175e-08, 3.177975625775121e-08, 2.8907121001657896e-08, 1.948062068435627e-08, 1.8574946612206825e-08, 1.884370527680261e-08, 1.732078685450633e-08, 1.9473688883133937e-08, 1.2581684717185946e-08, 1.2753159325205245e-08, 1.2963314400797157e-08, 9.598544384735193e-09, 1.2055176442706104e-08, 9.109358369108583e-09, 1.0068801166589145e-08, 8.878242479202504e-09, 5.932022716125121e-09, 6.13653308580399e-09, 4.186232593974055e-09, 3.90546321864066e-09, 3.839891702118152e-09, 2.9836564338719704e-09, 2.8562483927868745e-09, 2.3498818825676884e-09, 1.980174530183872e-09, 2.363928823178481e-09, 1.6715990843647682e-09, 1.5388330566225055e-09, 1.431206161873463e-09, 1.3306859157545194e-09, 1.7564641203166122e-09, 1.0194791296765237e-09, 8.261174496482669e-10, 5.928089772784276e-10, 4.741907514898874e-10, 5.106641869918011e-10, 4.877230892193763e-10, 3.9431011561692795e-10, 2.867046857804971e-10, 2.568553196043386e-10, 2.4545747196384775e-10, 2.2909057673742917e-10, 2.1027692641268847e-10, 1.797022225659035e-10], 'preconditioner metadata': [{}, {}, {}, {}, {}, {}, {}, {}, {}, {}, {}, {}, {}, {}, {}, {}, {}, {}, {}, {}, {}, {}, {}, {}, {}, {}, {}, {}, {}, {}, {}, {}, {}, {}, {}, {}, {}, {}, {}, {}, {}, {}, {}, {}, {}, {}, {}, {}, {}, {}, {}, {}, {}, {}, {}, {}, {}, {}, {}, {}, {}, {}, {}, {}, {}, {}, {}, {}, {}, {}, {}, {}, {}, {}, {}, {}, {}, {}, {}, {}, {}, {}, {}, {}, {}, {}, {}, {}, {}, {}, {}, {}, {}, {}, {}, {}, {}, {}, {}, {}, {}, {}, {}, {}, {}, {}, {}, {}, {}, {}, {}, {}, {}, {}, {}, {}, {}, {}, {}, {}, {}, {}, {}, {}, {}, {}, {}, {}, {}, {}, {}, {}, {}, {}, {}, {}, {}, {}, {}, {}, {}, {}, {}, {}, {}, {}, {}, {}, {}, {}, {}, {}, {}, {}, {}, {}, {}, {}, {}, {}, {}, {}, {}, {}, {}, {}, {}, {}, {}, {}, {}, {}, {}, {}, {}, {}, {}, {}, {}, {}, {}, {}, {}, {}, {}, {}]}",1.8029131635358486e-10,,"[845.614013671875, 845.1959838867188, 845.4918212890625, 846.2891235351562, 845.5234985351562, 845.7543334960938, 845.35546875, 846.1159057617188, 845.82666015625, 846.382568359375]",[865.0013427734375],[1617.7340087890625],[2171.259521484375],[3.0872321128845215],[2.3560640811920166],
2026-10-05T09:41:02.456985+00:00,continuous coefficient 2D,3,"uniform(2D,9)",S9,S7,S7,"CG(AdditiveSchwarz(torch.float64, Inv(torch.float16), CUDSS, const_dofs_per_coarse=False), bsr_matmul=True)",False,0,1,10,5242880,209510400,"{'iterations': 219, 'residual norms': [0.18571504386934493, 8.168962412065925, 8.697729936011376, 10.734922892045258, 9.009456926489745, 10.69516516164796, 7.223151079671545, 11.704181849183778, 8.809121553077293, 9.338344635708062, 9.490866951435168, 6.77139063152149, 6.0902423025139125, 6.69456067162571, 4.539585505273033, 4.367693862448556, 3.6055155714709186, 2.9847315535617125, 2.5314954572608275, 2.0057196370182493, 1.780000383402295, 1.4323409909685125, 1.206510258264933, 1.1297238159170386, 0.9399483108574467, 0.8364611572829835, 0.7482446265066159, 0.4059008795341122, 0.3712385899975833, 0.3357842958930494, 0.2654571237588931, 0.20693773921306519, 0.1882458348406457, 0.1979407373139304, 0.153044759592551, 0.1582295330414617, 0.16613093475430352, 0.13656674703270094, 0.14760713321531488, 0.17903413486276873, 0.12669904148419947, 0.1262557506019806, 0.11376203989434824, 0.0823767105900991, 0.05736917695665573, 0.05056877109168371, 0.03434214577084205, 0.02708878565214614, 0.02060845686397838, 0.02052517678788245, 0.012454620874942757, 0.015966864592770094, 0.02084725759988851, 0.02125253220659682, 0.021988666008318773, 0.023649694616188495, 0.02330479114146469, 0.01642089713745342, 0.01581501119275255, 0.01655659980279691, 0.016673449913260478, 0.013935719477100298, 0.013540496299920837, 0.006600914310300056, 0.005840860533593644, 0.005382818420004657, 0.005292377772595112, 0.005074732021999905, 0.005013877398591329, 0.004647854877053906, 0.003125321149873002, 0.0027246387447527978, 0.002245188595291358, 0.0019378275712037425, 0.0009463196069307655, 0.0010296370749096255, 0.0009633052467866832, 0.0009666287996915807, 0.0007930139108014691, 0.0006386021131854802, 0.0004285938630352698, 0.00040115033900925455, 0.00039020629732791976, 0.00029130505908242217, 0.00023698834326619058, 0.00023709935367267475, 0.0001830182471661458, 0.00019733238526129868, 0.00026330631239437127, 0.00024169272336636608, 0.00020867186808183835, 0.0001995607925640123, 0.0001716329666457905, 0.00016102776709409124, 0.00015210770053817834, 0.00014642766836477108, 0.00018266914679346854, 0.00015268682131481577, 0.00011281009281141526, 0.00011602814780670589, 9.588661230021611e-05, 7.76836190997414e-05, 8.016896323589119e-05, 7.083667885184815e-05, 5.288997334322904e-05, 5.003010128860824e-05, 5.4231311604297876e-05, 4.9167405221267245e-05, 4.363971914581524e-05, 4.274972600203303e-05, 4.857814992592639e-05, 3.469864821191834e-05, 2.6732251349703364e-05, 2.1943969100942933e-05, 2.0983875583202946e-05, 1.6047079004377192e-05, 1.7711463742027272e-05, 1.5716420670081658e-05, 1.3104885161193913e-05, 1.2169644201106677e-05, 1.4663582039906528e-05, 1.2841201499803406e-05, 1.2042323255047822e-05, 1.0944392104074396e-05, 6.869654223579059e-06, 5.108557579250981e-06, 4.757956952119771e-06, 3.404111498206731e-06, 2.1900342438660565e-06, 2.0795516089224703e-06, 1.8283619587139596e-06, 1.2357062541630923e-06, 1.0432534229549594e-06, 1.1723160523679947e-06, 8.20305648808968e-07, 9.476031002331175e-07, 9.91510351365942e-07, 1.256773487471435e-06, 1.0552215310766225e-06, 1.0428157424728823e-06, 9.201106125921361e-07, 8.993097594792288e-07, 8.83028139750046e-07, 9.439992285702281e-07, 8.266635155692909e-07, 6.46153298757628e-07, 6.392955035602706e-07, 5.169698084872658e-07, 4.0314309318162567e-07, 3.1889241729986014e-07, 2.876721826962441e-07, 2.330036495791808e-07, 2.5415451693101765e-07, 2.757798352449939e-07, 2.1247515546628908e-07, 1.5395012015693483e-07, 1.8049216856889226e-07, 1.523094182942533e-07, 1.581085533451743e-07, 1.6036832964382858e-07, 1.260500940821934e-07, 1.0702963877015143e-07, 1.0251082384914259e-07, 8.803994171591052e-08, 5.95497306031545e-08, 5.58008714463731e-08, 5.7947040305845335e-08, 5.111216898795626e-08, 4.5732147246184157e-08, 5.746810505498391e-08, 3.8642270110294565e-08, 3.514522439447622e-08, 2.904644674670587e-08, 2.537721186232098e-08, 2.1155856162419016e-08, 1.6837193136698487e-08, 1.3134674370391816e-08, 1.1839862389209668e-08, 1.2504755130283102e-08, 1.15999101775391e-08, 1.183142025486349e-08, 8.328793859868287e-09, 6.806343624635652e-09, 5.801275096711124e-09, 5.830991886882165e-09, 6.367152224815205e-09, 7.2788251532983495e-09, 8.487184604168715e-09, 6.164174775281547e-09, 5.041390739904275e-09, 5.1331475687895435e-09, 5.467566117670277e-09, 5.142227722853996e-09, 5.29880832638232e-09, 4.642247841895903e-09, 4.262885998219491e-09, 4.162583234197591e-09, 3.619018455200811e-09, 2.9125265127517226e-09, 2.1433975644468905e-09, 1.866428288300892e-09, 1.5027473900883979e-09, 1.0633753769418576e-09, 1.0440608371504972e-09, 9.336360829681182e-10, 6.935717277126619e-10, 5.944430703009874e-10, 6.259233608925339e-10, 6.10464622428749e-10, 5.141924710531877e-10, 6.075934728024308e-10, 4.949387784669398e-10, 3.4675385332606357e-10, 3.302339109052668e-10, 3.131496776280977e-10, 2.7791565886769656e-10, 3.237749375582921e-10, 3.469280482373682e-10, 2.1782344614804162e-10, 1.7222621733079572e-10], 'preconditioner metadata': [{}, {}, {}, {}, {}, {}, {}, {}, {}, {}, {}, {}, {}, {}, {}, {}, {}, {}, {}, {}, {}, {}, {}, {}, {}, {}, {}, {}, {}, {}, {}, {}, {}, {}, {}, {}, {}, {}, {}, {}, {}, {}, {}, {}, {}, {}, {}, {}, {}, {}, {}, {}, {}, {}, {}, {}, {}, {}, {}, {}, {}, {}, {}, {}, {}, {}, {}, {}, {}, {}, {}, {}, {}, {}, {}, {}, {}, {}, {}, {}, {}, {}, {}, {}, {}, {}, {}, {}, {}, {}, {}, {}, {}, {}, {}, {}, {}, {}, {}, {}, {}, {}, {}, {}, {}, {}, {}, {}, {}, {}, {}, {}, {}, {}, {}, {}, {}, {}, {}, {}, {}, {}, {}, {}, {}, {}, {}, {}, {}, {}, {}, {}, {}, {}, {}, {}, {}, {}, {}, {}, {}, {}, {}, {}, {}, {}, {}, {}, {}, {}, {}, {}, {}, {}, {}, {}, {}, {}, {}, {}, {}, {}, {}, {}, {}, {}, {}, {}, {}, {}, {}, {}, {}, {}, {}, {}, {}, {}, {}, {}, {}, {}, {}, {}, {}, {}, {}, {}, {}, {}, {}, {}, {}, {}, {}, {}, {}, {}, {}, {}, {}, {}, {}, {}, {}, {}, {}, {}, {}, {}, {}, {}, {}, {}, {}, {}, {}, {}, {}]}",1.729412817887529e-10,,"[772.4832763671875, 771.0123291015625, 776.5518188476562, 771.5311279296875, 771.7052612304688, 771.7321166992188, 770.9107666015625, 770.9938354492188, 771.0831298828125, 772.7293090820312]",[868.5032958984375],[1653.2637939453125],[1865.9041748046875],[3.1320319175720215],[2.4284799098968506],
2026-10-05T09:41:14.506771+00:00,continuous coefficient 2D,3,"uniform(2D,9)",S9,S7,S7,"CG(HybridSchwarz(torch.float64, Inv(torch.float16), CUDSS), bsr_matmul=True)",False,0,1,10,5242880,209510400,"{'iterations': 187, 'residual norms': [8.162323061742626, 8.124941559485222, 11.121858399420782, 8.241899537262338, 7.715905412333107, 10.890690981355288, 8.242940112934345, 8.378319835231647, 6.413118182476463, 5.899366200245545, 5.575393107450937, 3.924686955449419, 3.6753267520714457, 2.7155865125738017, 1.9168137987107905, 1.7571142235991255, 1.2626688037333735, 0.854766841135413, 0.7431902855995205, 0.5721601138478042, 0.6441130581267318, 0.42995238145269765, 0.29714756041196083, 0.25515482662253053, 0.1860050125419042, 0.14702648640827032, 0.16317918710195928, 0.12217837332502314, 0.146504873531385, 0.11211657832261764, 0.11592409072367674, 0.13766015309244595, 0.10746416532020957, 0.10860358306478171, 0.07851419224108427, 0.05495777837127014, 0.049871076453303596, 0.03003331620795769, 0.03307466041442101, 0.024388172061335898, 0.017756398691251583, 0.02627657118431794, 0.024753570199240862, 0.02067633037166076, 0.0215542260142176, 0.01378146947160501, 0.013536496995582068, 0.01071704790445683, 0.013504901354788955, 0.013075327627531202, 0.008267657909982304, 0.008217528323247328, 0.007384797901865301, 0.008723963809536767, 0.00766121085434542, 0.005311054984453876, 0.0033081509051117296, 0.0025347419911218826, 0.0016632114442394477, 0.0010571901881069104, 0.0010264156131223803, 0.0009249144628478064, 0.0010842098728739398, 0.0008526366538694792, 0.0008437687985496405, 0.0008585733752022647, 0.0008263253986055299, 0.0009053896090669706, 0.0006357588188169377, 0.0006771362360883845, 0.0006272175154484093, 0.0006406528851495279, 0.0003922769401484763, 0.00028999301432707647, 0.00024696202714346547, 0.00016379066545059112, 0.00019201327087656076, 0.00019556950958605387, 0.0001754880162300139, 0.00017200574407497587, 0.00010232739005520092, 0.00010576551908647301, 9.399084468036774e-05, 6.431835378636394e-05, 6.671848683407706e-05, 6.915372004192892e-05, 5.900467776102823e-05, 5.5812242861899537e-05, 5.4135260667764875e-05, 4.168240664000492e-05, 3.6285181195529e-05, 2.3769121494179936e-05, 1.9273682535873533e-05, 1.9188774139016125e-05, 1.4156325577852704e-05, 1.678786787441883e-05, 1.3529517172806061e-05, 1.4411801578105617e-05, 1.49647524148366e-05, 1.2708590397698213e-05, 1.2761211091243284e-05, 1.1032220845206015e-05, 9.825586207170963e-06, 1.0312356238298064e-05, 7.516094289228424e-06, 5.896741348344229e-06, 5.130594050973562e-06, 3.5154688750804155e-06, 2.8691517309214596e-06, 2.8223368735671435e-06, 2.088615449964765e-06, 2.1575170410307947e-06, 1.477119372588246e-06, 1.3141290031297497e-06, 1.5156943387725681e-06, 1.12059119371115e-06, 1.321868335917175e-06, 1.0260455239059234e-06, 1.0024737449847643e-06, 1.0167456861034838e-06, 6.906263474504921e-07, 6.867307960985246e-07, 6.249647575533775e-07, 5.947217346180075e-07, 5.240935064332945e-07, 2.922039292631732e-07, 3.3334699449704386e-07, 3.2027387389648063e-07, 2.9283543892989695e-07, 2.9320193857338534e-07, 2.275847997847528e-07, 2.091491824623066e-07, 1.945203721643298e-07, 1.6536650279660076e-07, 1.526993793765136e-07, 1.4558501388151622e-07, 1.4257097268823464e-07, 1.0564718564774579e-07, 1.0204689668469209e-07, 9.374473975436314e-08, 8.020207509743922e-08, 7.790968132233766e-08, 5.204005682883009e-08, 4.549867461844064e-08, 3.726578690214705e-08, 2.6472396293559667e-08, 2.456634062415331e-08, 1.8105832655238734e-08, 1.710930706375191e-08, 1.968634507602238e-08, 1.7528032772816278e-08, 1.533084524487762e-08, 1.2877790487833582e-08, 1.1067785634278733e-08, 1.1730552647908206e-08, 1.0411871127966246e-08, 9.44326209349101e-09, 1.1778853479008615e-08, 8.04504856307464e-09, 7.889347102866295e-09, 5.910360693565042e-09, 4.573421048509194e-09, 4.538962468501506e-09, 3.421755297171241e-09, 3.4280489742726233e-09, 2.8618876529319355e-09, 2.3466760819745495e-09, 2.224811105731763e-09, 2.0460197471220284e-09, 1.925373822342708e-09, 1.660634279915514e-09, 1.2973202662457614e-09, 1.4462695292023741e-09, 1.5093444307225633e-09, 1.2198507753693663e-09, 9.894131797150411e-10, 5.797948476467808e-10, 5.271349646824564e-10, 4.797650398465008e-10, 4.781691333335391e-10, 4.4528276587457816e-10, 3.254969913502639e-10, 2.4781129309176885e-10, 2.6423901563311553e-10, 2.2939391810878192e-10, 2.0769978132403672e-10, 1.9628160232646298e-10, 1.6978765921536685e-10], 'preconditioner metadata': [{}, {}, {}, {}, {}, {}, {}, {}, {}, {}, {}, {}, {}, {}, {}, {}, {}, {}, {}, {}, {}, {}, {}, {}, {}, {}, {}, {}, {}, {}, {}, {}, {}, {}, {}, {}, {}, {}, {}, {}, {}, {}, {}, {}, {}, {}, {}, {}, {}, {}, {}, {}, {}, {}, {}, {}, {}, {}, {}, {}, {}, {}, {}, {}, {}, {}, {}, {}, {}, {}, {}, {}, {}, {}, {}, {}, {}, {}, {}, {}, {}, {}, {}, {}, {}, {}, {}, {}, {}, {}, {}, {}, {}, {}, {}, {}, {}, {}, {}, {}, {}, {}, {}, {}, {}, {}, {}, {}, {}, {}, {}, {}, {}, {}, {}, {}, {}, {}, {}, {}, {}, {}, {}, {}, {}, {}, {}, {}, {}, {}, {}, {}, {}, {}, {}, {}, {}, {}, {}, {}, {}, {}, {}, {}, {}, {}, {}, {}, {}, {}, {}, {}, {}, {}, {}, {}, {}, {}, {}, {}, {}, {}, {}, {}, {}, {}, {}, {}, {}, {}, {}, {}, {}, {}, {}, {}, {}, {}, {}, {}, {}, {}, {}, {}, {}, {}, {}]}",1.7041725053179283e-10,,"[680.3072509765625, 680.5626220703125, 680.1463623046875, 680.1782836914062, 680.2708740234375, 680.007568359375, 680.3946533203125, 680.260986328125, 680.626708984375, 680.6531982421875]",[867.9215698242188],[1617.5460205078125],[2192.67041015625],[2.452064037322998],[2.3874239921569824],
2026-10-05T09:41:27.279968+00:00,continuous coefficient 2D,3,"uniform(2D,9)",S9,S7,S7,"CG(AdditiveSchwarz(torch.float64, Inv(torch.bfloat16), CUDSS, const_dofs_per_coarse=False), bsr_matmul=True)",False,0,1,10,5242880,209510400,"{'iterations': 221, 'residual norms': [0.18571504386934493, 8.168962303135702, 8.699777635239936, 10.735013397065618, 9.010480397878279, 10.697580771368964, 7.2236446199577795, 11.702361844419741, 8.814837807821343, 9.33940637268085, 9.481079235460383, 6.765873269683284, 6.087953321665122, 6.713475663037953, 4.54574022495561, 4.3596105244202175, 3.6872574145908055, 3.0084787890904066, 2.5145998388043718, 2.014667821116638, 1.8580759824700928, 1.4724640758635097, 1.1797284225165976, 1.1354366977277182, 1.0016149520769062, 0.8032087635641999, 0.7847097462469022, 0.43315897014108334, 0.3673385437160054, 0.34291986528278323, 0.27427306975451365, 0.21396046729397003, 0.1852152656603661, 0.2041245797918402, 0.1551020398692114, 0.15655479175460996, 0.1653664148696425, 0.14394735119367708, 0.1395571479529658, 0.18186998624242345, 0.13551439120261047, 0.12459761335120527, 0.11859666622461898, 0.091233264831961, 0.05683425878878088, 0.053676731800390474, 0.03609557019106474, 0.027166217545239117, 0.022125333397902305, 0.021361234824607125, 0.013447062001651711, 0.014950290479270994, 0.01994031878388055, 0.022628960456184802, 0.02157379860589172, 0.02296221128040925, 0.024765335697416048, 0.0168558796910716, 0.016053513870886757, 0.016400462598586456, 0.016708885868746373, 0.014573296938296634, 0.01389090784794797, 0.007453315132971101, 0.006006710392875227, 0.0052327563086978866, 0.0056594296930909905, 0.0051367482335431345, 0.004863926044501304, 0.004591971562328324, 0.0035551135760596457, 0.0028223210741841363, 0.0022310014033570685, 0.002034947902905358, 0.0011663841276536079, 0.0009736048166134448, 0.0009467598084912206, 0.0009701365829886549, 0.0008934970183494012, 0.0006796801181239115, 0.00047326897529083827, 0.00040011052225918627, 0.0004063564204379236, 0.00033127446762912504, 0.000266201503428215, 0.0002238372896142766, 0.00018794096279370714, 0.00022079124251167127, 0.00023229340185284165, 0.0002251174406075725, 0.00024888283008969806, 0.0002105749033621198, 0.00015588654606668722, 0.00017468241022110576, 0.00015489574521511862, 0.00014394348588789679, 0.00016858307266017097, 0.00016914879466026363, 0.00012007306429824009, 0.00011373207981386196, 9.896145637174963e-05, 8.505789114180284e-05, 7.535987001604304e-05, 7.272070160393343e-05, 6.386423720976313e-05, 4.920087092959176e-05, 4.704284353424618e-05, 5.5933545166375545e-05, 5.098711721350263e-05, 3.718915582260285e-05, 4.8015361197180015e-05, 4.3465144618283845e-05, 2.9897503541788004e-05, 2.1033444233390636e-05, 2.243302061923071e-05, 1.767208621522196e-05, 1.6507647942811204e-05, 1.5413414274817152e-05, 1.4862391063750048e-05, 1.1984296647279024e-05, 1.3431415923611826e-05, 1.3816456169973932e-05, 1.1625251871643767e-05, 1.1383714409397221e-05, 8.49349520308919e-06, 5.616998184862473e-06, 4.4588894134142984e-06, 4.015299856869293e-06, 2.667408806264186e-06, 2.1105788033359367e-06, 1.7732497788966788e-06, 1.5738952936587552e-06, 1.1433318501063586e-06, 1.0542124425495332e-06, 9.145130720873782e-07, 9.971778736423862e-07, 9.231752612052415e-07, 1.1037046725399112e-06, 1.1425019498522541e-06, 1.079406887932442e-06, 9.64577516450474e-07, 9.081786073875308e-07, 9.352818210759123e-07, 8.813206256108856e-07, 9.138542596449964e-07, 7.990083834371585e-07, 6.826466865443409e-07, 5.372208389844717e-07, 5.171881880417989e-07, 4.2309108808658375e-07, 3.047354901405724e-07, 2.6265482833132644e-07, 2.6135525674581426e-07, 2.739709941868091e-07, 2.520526610036203e-07, 2.0650347852534738e-07, 1.723219480397087e-07, 1.46583231191338e-07, 1.581681838370918e-07, 1.6896035954398187e-07, 1.332615443697071e-07, 1.221029132738951e-07, 1.1684614318158562e-07, 9.251650079732044e-08, 7.549710485709296e-08, 7.039193211479082e-08, 6.196652733410305e-08, 4.956724071963055e-08, 5.817613793187832e-08, 5.428113454588924e-08, 4.530605913980728e-08, 4.529785422134041e-08, 3.7194310668446256e-08, 2.3842616194295184e-08, 2.3789551346135437e-08, 2.327575088765095e-08, 1.519800245092948e-08, 1.3036620735497716e-08, 1.3762742085855237e-08, 1.2402995988261168e-08, 1.1763307411721766e-08, 1.1450905472496098e-08, 8.31215358825157e-09, 6.933562317035758e-09, 5.667780955170509e-09, 6.376739078816499e-09, 6.398645901951462e-09, 7.463378384873428e-09, 7.044424861536525e-09, 6.043544869895267e-09, 4.864948971664099e-09, 5.417980269128781e-09, 5.5604908007272125e-09, 5.321740524144691e-09, 4.797855400210199e-09, 4.8631488253837086e-09, 4.662487752305269e-09, 4.050243341573742e-09, 3.912144006808993e-09, 3.0813336953694674e-09, 2.4509092114514023e-09, 1.90160189693106e-09, 1.576383189985934e-09, 1.3185580568106483e-09, 1.241050190146095e-09, 9.54887572906588e-10, 8.630829613686435e-10, 7.469619839056316e-10, 6.238301745927516e-10, 6.407630390464394e-10, 6.256949551593772e-10, 5.500305165184299e-10, 5.045599319052047e-10, 4.198195259115074e-10, 2.946980918469072e-10, 2.9554117147650166e-10, 3.455264207678539e-10, 3.215979473721966e-10, 3.0940206164539036e-10, 3.0091605435486404e-10, 2.2104541354150977e-10, 1.5407098514380376e-10], 'preconditioner metadata': [{}, {}, {}, {}, {}, {}, {}, {}, {}, {}, {}, {}, {}, {}, {}, {}, {}, {}, {}, {}, {}, {}, {}, {}, {}, {}, {}, {}, {}, {}, {}, {}, {}, {}, {}, {}, {}, {}, {}, {}, {}, {}, {}, {}, {}, {}, {}, {}, {}, {}, {}, {}, {}, {}, {}, {}, {}, {}, {}, {}, {}, {}, {}, {}, {}, {}, {}, {}, {}, {}, {}, {}, {}, {}, {}, {}, {}, {}, {}, {}, {}, {}, {}, {}, {}, {}, {}, {}, {}, {}, {}, {}, {}, {}, {}, {}, {}, {}, {}, {}, {}, {}, {}, {}, {}, {}, {}, {}, {}, {}, {}, {}, {}, {}, {}, {}, {}, {}, {}, {}, {}, {}, {}, {}, {}, {}, {}, {}, {}, {}, {}, {}, {}, {}, {}, {}, {}, {}, {}, {}, {}, {}, {}, {}, {}, {}, {}, {}, {}, {}, {}, {}, {}, {}, {}, {}, {}, {}, {}, {}, {}, {}, {}, {}, {}, {}, {}, {}, {}, {}, {}, {}, {}, {}, {}, {}, {}, {}, {}, {}, {}, {}, {}, {}, {}, {}, {}, {}, {}, {}, {}, {}, {}, {}, {}, {}, {}, {}, {}, {}, {}, {}, {}, {}, {}, {}, {}, {}, {}, {}, {}, {}, {}, {}, {}, {}, {}, {}, {}, {}, {}]}",1.5488457657799097e-10,,"[779.670166015625, 778.4370727539062, 778.5023803710938, 778.5596923828125, 778.23046875, 778.2009887695312, 778.0933227539062, 779.3780517578125, 778.6328125, 778.8370971679688]",[868.1292724609375],[1647.9097900390625],[1891.0738525390625],[3.137216091156006],[2.405280113220215],
2026-10-05T09:41:39.404288+00:00,continuous coefficient 2D,3,"uniform(2D,9)",S9,S7,S7,"CG(HybridSchwarz(torch.float64, Inv(torch.bfloat16), CUDSS), bsr_matmul=True)",False,0,1,10,5242880,209510400,"{'iterations': 187, 'residual norms': [8.162323061742626, 8.127837537465282, 11.122133291705403, 8.245143331528, 7.71692831247658, 10.887740348769933, 8.244708377506669, 8.388325906276783, 6.42573928158308, 5.901490283259728, 5.5785081186166625, 3.9243242839442347, 3.6860725212325587, 2.718349065596621, 1.9280153954329506, 1.761389107280561, 1.2747708590968696, 0.8610381818956974, 0.7600302491657261, 0.5895602703924592, 0.6713509361341001, 0.4356199738433975, 0.29695121142012737, 0.25174025257417637, 0.19102818837562252, 0.1535661505369944, 0.17470352070310113, 0.11928756434497766, 0.14630345145404475, 0.11540608490079145, 0.11530435158046609, 0.1431766425764847, 0.10775217058451791, 0.11070538559483098, 0.07882144964987196, 0.05708113969430559, 0.05111858375219969, 0.03084916213428698, 0.03254450319244478, 0.025531931965563786, 0.018055406660990488, 0.025755741074629142, 0.025994766588340774, 0.02170242325700833, 0.02128377302919833, 0.01581205504478914, 0.012474121917168677, 0.0112839661612171, 0.013292434192093295, 0.013777824667109098, 0.009180920691216852, 0.008015019026551037, 0.007635108061137574, 0.009002858987573983, 0.0075750900907413845, 0.006474484721869488, 0.0037113680880622116, 0.0025664775071606366, 0.001998269616860181, 0.0013069792213000373, 0.0010274183518497468, 0.0008973786931035069, 0.0010795673764366057, 0.0009236350051193799, 0.0008836483033526422, 0.0007769027408329307, 0.0008633244376972614, 0.0008974138865305799, 0.0006852035277000067, 0.0006926667628073027, 0.0005531387683105721, 0.0006705842448469938, 0.00046685196970837914, 0.0003019781490008238, 0.00025860390224649517, 0.0001857086263817289, 0.00016761065049128457, 0.0001968124740441229, 0.00019326855108553562, 0.00015884634595711658, 0.00013898523498458046, 0.00010272790664146376, 9.316742927187278e-05, 8.441042465917462e-05, 5.945514283127296e-05, 6.968017928880467e-05, 6.875439880690888e-05, 4.9515618728867975e-05, 6.104140854892779e-05, 4.520291881486349e-05, 3.6750928326595424e-05, 2.9499444267498488e-05, 1.9204611014328425e-05, 1.958448846440366e-05, 1.6434778902109876e-05, 1.489943031238072e-05, 1.525649750901999e-05, 1.317243934464863e-05, 1.4757671700092934e-05, 1.4616996124176653e-05, 1.1884258899290808e-05, 1.2162263562007562e-05, 1.0158022596380814e-05, 9.833119214143386e-06, 9.192509218756935e-06, 6.826367596405373e-06, 5.393931372428834e-06, 4.2272802196406835e-06, 3.3202162376143677e-06, 2.7158332964662196e-06, 2.5500804382999915e-06, 2.226579053896279e-06, 1.7300098242014172e-06, 1.5047607118454724e-06, 1.3406300339209892e-06, 1.2458445694737299e-06, 1.3577667505499485e-06, 1.0457001055311086e-06, 1.0338859705632459e-06, 1.0087374956430271e-06, 7.955986422059547e-07, 7.315879598927313e-07, 5.94596923843053e-07, 6.003847551432264e-07, 6.224942153157193e-07, 3.671043117336049e-07, 3.3913017261983016e-07, 2.9234707706858863e-07, 3.0808493831919093e-07, 3.257467704279203e-07, 2.274223993353825e-07, 2.429728649463189e-07, 1.9516990208804032e-07, 1.7241600489526455e-07, 1.7819336159886005e-07, 1.4024404026101726e-07, 1.4280124607922635e-07, 1.3298193157309834e-07, 9.803956429158891e-08, 9.895921545893389e-08, 8.739878040200028e-08, 8.049398665544501e-08, 6.602756630258043e-08, 5.0277905712567514e-08, 4.139510767562342e-08, 3.381952772948726e-08, 2.6010353992753464e-08, 2.125672013101033e-08, 1.882408427598527e-08, 1.723241346677559e-08, 1.8738488908102844e-08, 1.854296844364213e-08, 1.3353062357315089e-08, 1.2392635316967349e-08, 1.1651892791956722e-08, 1.0844646678983283e-08, 1.0741193656620773e-08, 1.0012353227383793e-08, 9.715179748260434e-09, 8.801130556109879e-09, 6.6506993202888515e-09, 5.873286467485084e-09, 4.827016280959281e-09, 3.738388955001851e-09, 3.731625786325405e-09, 3.1833658468792757e-09, 2.86251732676982e-09, 2.5749216594190706e-09, 1.989004684924048e-09, 2.133180939326234e-09, 2.002226965022704e-09, 1.4908091527073895e-09, 1.462914675569971e-09, 1.2692259541198172e-09, 1.4393512740057421e-09, 1.3205688297677863e-09, 8.728821013348701e-10, 6.646290138821929e-10, 5.261651770518137e-10, 4.66256753074185e-10, 4.80650701930386e-10, 4.2601677621342846e-10, 3.290629495457718e-10, 2.7920934314092676e-10, 2.440491229484561e-10, 2.2842034325236732e-10, 2.2199695088094099e-10, 1.7715247621471444e-10], 'preconditioner metadata': [{}, {}, {}, {}, {}, {}, {}, {}, {}, {}, {}, {}, {}, {}, {}, {}, {}, {}, {}, {}, {}, {}, {}, {}, {}, {}, {}, {}, {}, {}, {}, {}, {}, {}, {}, {}, {}, {}, {}, {}, {}, {}, {}, {}, {}, {}, {}, {}, {}, {}, {}, {}, {}, {}, {}, {}, {}, {}, {}, {}, {}, {}, {}, {}, {}, {}, {}, {}, {}, {}, {}, {}, {}, {}, {}, {}, {}, {}, {}, {}, {}, {}, {}, {}, {}, {}, {}, {}, {}, {}, {}, {}, {}, {}, {}, {}, {}, {}, {}, {}, {}, {}, {}, {}, {}, {}, {}, {}, {}, {}, {}, {}, {}, {}, {}, {}, {}, {}, {}, {}, {}, {}, {}, {}, {}, {}, {}, {}, {}, {}, {}, {}, {}, {}, {}, {}, {}, {}, {}, {}, {}, {}, {}, {}, {}, {}, {}, {}, {}, {}, {}, {}, {}, {}, {}, {}, {}, {}, {}, {}, {}, {}, {}, {}, {}, {}, {}, {}, {}, {}, {}, {}, {}, {}, {}, {}, {}, {}, {}, {}, {}, {}, {}, {}, {}, {}, {}]}",1.7775087410173702e-10,,"[680.7100219726562, 680.7576293945312, 680.68115234375, 680.4544067382812, 680.127685546875, 680.4327392578125, 680.3487548828125, 680.5838623046875, 681.0643310546875, 680.9336547851562]",[866.70751953125],[1660.094482421875],[2213.64990234375],[2.472127914428711],[2.369856119155884],
2026-10-05T09:41:53.908745+00:00,continuous coefficient 2D,3,"uniform(2D,9)",S9,S7,S7,"CG(AdditiveSchwarz(torch.float32, Inv(), CUDSS, const_dofs_per_coarse=False), bsr_matmul=True)",False,0,1,10,5242880,209510400,"{'iterations': 219, 'residual norms': [0.18571504386934493, 8.168957094810102, 8.69768321300477, 10.734941815649822, 9.009407106970448, 10.694910086559767, 7.223174881912833, 11.704365219141739, 8.808993265951173, 9.338559155362084, 9.491343535926214, 6.771512650502338, 6.090245144372054, 6.69442031698113, 4.5396612762408335, 4.3678045906256875, 3.6045045354347467, 2.9843512024853807, 2.5319863638174462, 2.0056755919436435, 1.7782649979197018, 1.4307323273015364, 1.2099172067611745, 1.131333232301951, 0.9338206695126147, 0.8447751794614384, 0.7436256262989751, 0.4010621213827038, 0.37275978094594164, 0.3367046516207553, 0.26612071359422906, 0.20582021756200125, 0.1888737335545119, 0.19377286308187525, 0.15447428595312004, 0.1588712588335307, 0.16616299129469142, 0.13586759834734596, 0.1497231405367377, 0.1787671689932689, 0.1260493261403327, 0.12618049382964436, 0.11427681790368036, 0.08104764759271274, 0.05740945814849354, 0.04969403789784605, 0.03413940582807987, 0.02712103015142254, 0.02054269797817519, 0.020131772092509714, 0.012424175245534736, 0.01629490258336104, 0.021047361743352203, 0.021151039304974684, 0.022078079803432897, 0.023937793203110954, 0.022880861571945122, 0.016363995906616878, 0.015884142977798683, 0.016577657860739527, 0.016712560807645948, 0.013886895094963528, 0.013384858924653117, 0.006499600158987142, 0.005853741618534679, 0.005391740062290358, 0.005264000289011718, 0.005033681136072912, 0.0051351233425740595, 0.004591028012104442, 0.0031093893181294648, 0.002713486390494018, 0.0022452193410208983, 0.0018992644175563696, 0.0009293524632892036, 0.0010416099549709881, 0.0009654119084073245, 0.0009636618494282662, 0.0007862673510544916, 0.0006321177391385131, 0.000419340932393794, 0.000405341396398971, 0.00039230889796957246, 0.00028673989663241913, 0.00023301613955176753, 0.00024130723669518484, 0.00018065402100804218, 0.00019334659731996075, 0.000285217038692521, 0.0002352531897879588, 0.00019129077702833696, 0.00021245666098397868, 0.00018047360572246473, 0.0001378221231680139, 0.0001658296357652508, 0.00015907700704726358, 0.00015852578963790012, 0.00014543150858606005, 0.00012358558257135463, 0.00010438815529002821, 8.798633780592799e-05, 8.325047584883258e-05, 8.071907911932471e-05, 6.306989186292856e-05, 5.043651876772057e-05, 5.688583770359971e-05, 5.211394962504459e-05, 4.7719283793018885e-05, 4.318096182951507e-05, 4.761229496696781e-05, 4.407763018417753e-05, 3.544738421821084e-05, 2.5299342103274595e-05, 2.241642225089905e-05, 1.9633632532098056e-05, 1.6870310327537433e-05, 1.729820705290732e-05, 1.54985308557522e-05, 1.2934538033940204e-05, 1.237950293851483e-05, 1.4413624250265977e-05, 1.2819576576525104e-05, 1.2226134438798065e-05, 1.0752378796394731e-05, 6.552714069426082e-06, 5.049628190491414e-06, 4.7434909674577285e-06, 3.2512393620573617e-06, 2.142109555337605e-06, 2.049043103900153e-06, 1.7981583391750325e-06, 1.1610483548046381e-06, 1.0663484103562878e-06, 1.180903747813839e-06, 7.912950648045889e-07, 9.570337134429405e-07, 1.0619506987997857e-06, 1.1819749333858725e-06, 1.046318137559449e-06, 1.1067987959420441e-06, 8.570615570361802e-07, 8.601567633891178e-07, 9.907402571202341e-07, 8.99074598614588e-07, 7.571794663604662e-07, 6.899008828722378e-07, 6.458359458730905e-07, 4.726512557412784e-07, 4.173542824110616e-07, 3.127943905013207e-07, 2.6154167384597233e-07, 2.4230454061907197e-07, 2.67203234513865e-07, 2.5457496822434425e-07, 2.0581273519283953e-07, 1.5842396350148328e-07, 1.8020725957026894e-07, 1.4914344983484604e-07, 1.634456582564123e-07, 1.6045620064516742e-07, 1.203920299212477e-07, 1.0634032457863989e-07, 1.069727788179554e-07, 8.296124364899338e-08, 5.781803865992638e-08, 5.8650174773115395e-08, 5.7583771409277464e-08, 4.906426829198129e-08, 4.775527659866931e-08, 5.948734731419207e-08, 3.4669401811635576e-08, 3.3952397967784756e-08, 3.116689194604542e-08, 2.3433480957030786e-08, 1.974920362344853e-08, 1.6874261995369906e-08, 1.2865609916610614e-08, 1.0822286779661399e-08, 1.3320633341455142e-08, 1.2252408450315073e-08, 1.0508862616233483e-08, 8.141049290219478e-09, 6.948640432267134e-09, 5.658348769460868e-09, 5.4826353806121055e-09, 7.617137457951897e-09, 7.647822046863156e-09, 7.13833573159625e-09, 6.1041314998760935e-09, 5.52038254978232e-09, 4.7842902379039815e-09, 5.265478263095156e-09, 6.13568175403908e-09, 4.861432228411966e-09, 4.3843535009201135e-09, 4.556058351633072e-09, 4.352413595433104e-09, 3.2522948914900557e-09, 3.0082410646668944e-09, 2.238706865999207e-09, 1.7094304718955257e-09, 1.344321392919842e-09, 1.2096302527771242e-09, 1.0475696461599164e-09, 8.083847863081159e-10, 7.206929114044185e-10, 6.641802354482526e-10, 5.311371555174866e-10, 6.175184898697566e-10, 6.021088557881894e-10, 5.427678662235183e-10, 4.605712382513216e-10, 3.6668568511450187e-10, 3.3479247775009213e-10, 2.992253989114199e-10, 3.0230155881271406e-10, 3.1971780408198033e-10, 3.439513650432892e-10, 2.2042140115599344e-10, 1.7630981447350904e-10], 'preconditioner metadata': [{}, {}, {}, {}, {}, {}, {}, {}, {}, {}, {}, {}, {}, {}, {}, {}, {}, {}, {}, {}, {}, {}, {}, {}, {}, {}, {}, {}, {}, {}, {}, {}, {}, {}, {}, {}, {}, {}, {}, {}, {}, {}, {}, {}, {}, {}, {}, {}, {}, {}, {}, {}, {}, {}, {}, {}, {}, {}, {}, {}, {}, {}, {}, {}, {}, {}, {}, {}, {}, {}, {}, {}, {}, {}, {}, {}, {}, {}, {}, {}, {}, {}, {}, {}, {}, {}, {}, {}, {}, {}, {}, {}, {}, {}, {}, {}, {}, {}, {}, {}, {}, {}, {}, {}, {}, {}, {}, {}, {}, {}, {}, {}, {}, {}, {}, {}, {}, {}, {}, {}, {}, {}, {}, {}, {}, {}, {}, {}, {}, {}, {}, {}, {}, {}, {}, {}, {}, {}, {}, {}, {}, {}, {}, {}, {}, {}, {}, {}, {}, {}, {}, {}, {}, {}, {}, {}, {}, {}, {}, {}, {}, {}, {}, {}, {}, {}, {}, {}, {}, {}, {}, {}, {}, {}, {}, {}, {}, {}, {}, {}, {}, {}, {}, {}, {}, {}, {}, {}, {}, {}, {}, {}, {}, {}, {}, {}, {}, {}, {}, {}, {}, {}, {}, {}, {}, {}, {}, {}, {}, {}, {}, {}, {}, {}, {}, {}, {}, {}, {}]}",1.7700491420084161e-10,,"[953.7144165039062, 953.7443237304688, 953.4998779296875, 953.9337158203125, 953.1616821289062, 953.314697265625, 953.5228881835938, 953.750244140625, 953.1341552734375, 953.9379272460938]",[868.0521240234375],[1697.20458984375],[1828.709716796875],[2.6170239448547363],[2.452064037322998],
2026-10-05T09:42:07.105754+00:00,continuous coefficient 2D,3,"uniform(2D,9)",S9,S7,S7,"CG(HybridSchwarz(torch.float32, Inv(), CUDSS), bsr_matmul=True)",False,0,1,10,5242880,209510400,"{'iterations': 187, 'residual norms': [8.162227841352944, 8.124856090275346, 11.12187637304825, 8.24186449469046, 7.715962638563736, 10.890603998757923, 8.242759116285496, 8.378126107291251, 6.412901126784487, 5.899384918553902, 5.575289633000985, 3.924652177319631, 3.6754226028856785, 2.7155307041174677, 1.9167079167720182, 1.7570547478958674, 1.2625983913412253, 0.8547054347116777, 0.7429907749237619, 0.5719157266783318, 0.6435727908549677, 0.4298125520499078, 0.2971456882223357, 0.255261204485596, 0.18589576894429805, 0.146826138059772, 0.16239677098707708, 0.12229998335809412, 0.14646138785983406, 0.11205838717312917, 0.11603981050911785, 0.13737638460398272, 0.10739043086188245, 0.10837047632798243, 0.07871416026073727, 0.05496176356148598, 0.04948817889462645, 0.030187421640852675, 0.03319506368059377, 0.024590936730432385, 0.017802058417661814, 0.026380424116488027, 0.02471786751786783, 0.020618539173494158, 0.021517514580483628, 0.013518406641574783, 0.013752169829948521, 0.010719106658106247, 0.013603087438313106, 0.013111644549211328, 0.008150245249342278, 0.008390276363545697, 0.007390454821639622, 0.008749385070301421, 0.007710449759065228, 0.005242518528938183, 0.003294685243697557, 0.002543027731685367, 0.0016372121064434121, 0.001040609643496789, 0.0010194776364930162, 0.0009304448307901547, 0.001102100798535963, 0.0008328738559313607, 0.0008497899904631216, 0.0008888651056375833, 0.0007940952767026324, 0.0009485207035206422, 0.0005951118456468425, 0.0006825711011196956, 0.0007027907140074882, 0.0005321269348993933, 0.00041110134431167166, 0.00027399788911350016, 0.00022195226776006575, 0.0001763607557051058, 0.00019104691681584926, 0.00019539444082816905, 0.00018132574656686435, 0.0001637862496818207, 0.00010049193905265357, 0.00011009602919039124, 9.019674666892108e-05, 6.322128243862207e-05, 7.057300987619123e-05, 6.588075421775201e-05, 6.032321263911885e-05, 5.73342223888393e-05, 5.2138416505002696e-05, 4.401425700738336e-05, 3.486262363856192e-05, 2.3705306890178943e-05, 1.9958353087982125e-05, 1.8563564228701533e-05, 1.45581586557539e-05, 1.707206467568577e-05, 1.3211490264944357e-05, 1.537870535833843e-05, 1.4341595371886734e-05, 1.2658368693686267e-05, 1.325648022370725e-05, 1.0202773291811064e-05, 1.0546255991379638e-05, 9.82891649293804e-06, 7.042709883350404e-06, 6.255853723787527e-06, 4.537432502186095e-06, 3.6098939472473477e-06, 2.843928504515752e-06, 2.7227733324752997e-06, 2.1635768141512956e-06, 2.0470744949732174e-06, 1.4976037916338578e-06, 1.3171097087507663e-06, 1.5372442740122625e-06, 1.123634215473079e-06, 1.2995051207995205e-06, 1.0106214642093123e-06, 1.0022247035840161e-06, 9.649349177532583e-07, 6.608905091339958e-07, 7.000635479052178e-07, 6.028178540411168e-07, 6.029793957679347e-07, 4.940071779119857e-07, 2.775890153013226e-07, 3.6263085131414417e-07, 2.983647336172471e-07, 2.9413316989078395e-07, 3.004285669210626e-07, 2.07753397809354e-07, 2.1923526573777337e-07, 1.851945634204059e-07, 1.5348855916129137e-07, 1.6181979985966418e-07, 1.3918771568814395e-07, 1.3220952593068128e-07, 1.0757252981796723e-07, 9.600010833756664e-08, 9.318621775182385e-08, 8.17382083515517e-08, 6.704806378789191e-08, 5.4496506040919814e-08, 4.378280993815859e-08, 3.2345089084438195e-08, 2.908041737338215e-08, 2.058568965832539e-08, 1.804841660601416e-08, 1.9340024194933298e-08, 1.754510823074744e-08, 1.8834852038652908e-08, 1.429237809456823e-08, 1.1503506706778715e-08, 1.3562716914898548e-08, 9.969729022113194e-09, 1.0821174670050762e-08, 1.0175516177141743e-08, 9.501371397601217e-09, 8.9469994718908e-09, 6.766743165587179e-09, 5.727262018317038e-09, 4.5700535266161395e-09, 4.234224070683651e-09, 3.4717547773568096e-09, 3.458279611627449e-09, 2.745500132871544e-09, 2.3540200290127637e-09, 2.219213192875762e-09, 1.9929151759249222e-09, 2.000474295073599e-09, 1.4940225042181672e-09, 1.3652552528802431e-09, 1.4660271452533044e-09, 1.5174849343154867e-09, 1.2204419239685142e-09, 9.188495977250413e-10, 5.511923338311849e-10, 5.383061993598605e-10, 4.711626119663051e-10, 4.833585471726713e-10, 4.5182432923423605e-10, 2.818078637821729e-10, 2.633062624809856e-10, 2.5748186658451214e-10, 2.2198021399193662e-10, 2.1896676410808869e-10, 1.883092509838321e-10, 1.7119051145025578e-10], 'preconditioner metadata': [{}, {}, {}, {}, {}, {}, {}, {}, {}, {}, {}, {}, {}, {}, {}, {}, {}, {}, {}, {}, {}, {}, {}, {}, {}, {}, {}, {}, {}, {}, {}, {}, {}, {}, {}, {}, {}, {}, {}, {}, {}, {}, {}, {}, {}, {}, {}, {}, {}, {}, {}, {}, {}, {}, {}, {}, {}, {}, {}, {}, {}, {}, {}, {}, {}, {}, {}, {}, {}, {}, {}, {}, {}, {}, {}, {}, {}, {}, {}, {}, {}, {}, {}, {}, {}, {}, {}, {}, {}, {}, {}, {}, {}, {}, {}, {}, {}, {}, {}, {}, {}, {}, {}, {}, {}, {}, {}, {}, {}, {}, {}, {}, {}, {}, {}, {}, {}, {}, {}, {}, {}, {}, {}, {}, {}, {}, {}, {}, {}, {}, {}, {}, {}, {}, {}, {}, {}, {}, {}, {}, {}, {}, {}, {}, {}, {}, {}, {}, {}, {}, {}, {}, {}, {}, {}, {}, {}, {}, {}, {}, {}, {}, {}, {}, {}, {}, {}, {}, {}, {}, {}, {}, {}, {}, {}, {}, {}, {}, {}, {}, {}, {}, {}, {}, {}, {}, {}]}",1.7181032474258943e-10,,"[828.1658935546875, 828.0940551757812, 828.3463134765625, 827.8108520507812, 828.3862915039062, 827.9088134765625, 827.6181030273438, 828.1985473632812, 827.83154296875, 827.7144775390625]",[530.4448852539062],[1671.2901611328125],[2143.72021484375],[2.7913599014282227],[2.9911038875579834],
2026-10-05T09:42:19.477828+00:00,continuous coefficient 2D,3,"uniform(2D,9)",S9,S7,S7,"CG(AdditiveSchwarz(torch.float32, Inv(torch.float16), CUDSS, const_dofs_per_coarse=False), bsr_matmul=True)",False,0,1,10,5242880,209510400,"{'iterations': 219, 'residual norms': [0.18571504386934493, 8.168957031068405, 8.697721689339708, 10.734929225275536, 9.009410374264869, 10.694984902678849, 7.22315420680778, 11.704377729980992, 8.809022707258798, 9.338481406243103, 9.491057898883707, 6.771445517193812, 6.090269076608631, 6.694683319375504, 4.539629888792443, 4.367596867643113, 3.6055984741446596, 2.984724306408345, 2.5315117996390217, 2.0057445220600556, 1.7800689226398343, 1.432420308847915, 1.2065031789817775, 1.1297314198969417, 0.94008812890526, 0.836455607302587, 0.7483416524925055, 0.40600607570738306, 0.37127800880410616, 0.33584905140742216, 0.2655121917579742, 0.2069851833342587, 0.18827029257663097, 0.19796764809387749, 0.15311313644408223, 0.15825658685846178, 0.16617211045040967, 0.13661084937853354, 0.14760745337862458, 0.17913391357248798, 0.1267783145042507, 0.12626231214588704, 0.11384322334369423, 0.08243202189815323, 0.057390158211292584, 0.050602470829380304, 0.034352662137138695, 0.027099847236361663, 0.020626617341159944, 0.02053635229338695, 0.012462983925892372, 0.015969964133711705, 0.020860817820030433, 0.021268629160433677, 0.02198547967611942, 0.023666691432335525, 0.023317297245279422, 0.016422229647852796, 0.015825703248474227, 0.016558323846802434, 0.016680367898319705, 0.013935977968558855, 0.013545348413413613, 0.006610277693143688, 0.0058392886315339785, 0.005389452244724114, 0.005301018592187223, 0.00507241162264412, 0.005022178558674499, 0.004647214526667032, 0.0031266060834792037, 0.0027269722784122223, 0.002245505619106079, 0.001939033898635685, 0.0009458064581787514, 0.0010303028595394369, 0.0009640432315013789, 0.000966446197160208, 0.0007930036838626526, 0.0006396021028912799, 0.00042810728540958865, 0.0004011216673999288, 0.0003911310608436195, 0.00029114450096225954, 0.00023640985641680253, 0.00023767786260947947, 0.00018315680421355414, 0.00019655406808062582, 0.00026575463544614545, 0.0002418441300535627, 0.0002066094244038668, 0.0002011289187928406, 0.0001726733258969956, 0.00015900710792257294, 0.0001531544759587238, 0.00014716636506681703, 0.00018155322068845827, 0.00015260344444889207, 0.00011324987730456585, 0.00011586861980468727, 9.589730253265959e-05, 7.774890870696426e-05, 8.030075867744435e-05, 7.075963578014379e-05, 5.277881439463326e-05, 5.023227020660582e-05, 5.424585691959898e-05, 4.917708463070091e-05, 4.3627212295701425e-05, 4.2885262162754444e-05, 4.857440532748279e-05, 3.4682344961735966e-05, 2.671231055405615e-05, 2.1977339332049418e-05, 2.0944812408229893e-05, 1.607675893213689e-05, 1.7717774240761977e-05, 1.5708113421308864e-05, 1.3121123691938587e-05, 1.2173934443724823e-05, 1.4670935190744104e-05, 1.283572061235941e-05, 1.2049836429114885e-05, 1.0955341931798372e-05, 6.85732081267378e-06, 5.110236796829638e-06, 4.763046835540706e-06, 3.401240847742077e-06, 2.188697655331129e-06, 2.0801752299040766e-06, 1.8295483797678676e-06, 1.2337932651565204e-06, 1.0431885452323095e-06, 1.1760634207086067e-06, 8.177453306755812e-07, 9.478293511368175e-07, 1.0002522135250757e-06, 1.2496100254659343e-06, 1.054978332340451e-06, 1.04916405171634e-06, 9.163008103973134e-07, 8.972281405161018e-07, 8.884122572271852e-07, 9.437814099348399e-07, 8.248997142716272e-07, 6.470300144877552e-07, 6.410355308197805e-07, 5.157355828703135e-07, 4.054360815718845e-07, 3.190013758498616e-07, 2.8682994834678805e-07, 2.3418243246259156e-07, 2.5471322159029643e-07, 2.77094508099602e-07, 2.126657963411006e-07, 1.5447865619353156e-07, 1.822654823238473e-07, 1.5335667770125064e-07, 1.565615118664327e-07, 1.6146654983765624e-07, 1.2760877552899076e-07, 1.0719169438494635e-07, 1.0226591289639808e-07, 8.902398664828456e-08, 6.162027336525367e-08, 5.647173441818319e-08, 5.7198202414029306e-08, 5.177178009488139e-08, 4.6662600526321965e-08, 5.773444322593443e-08, 3.90830167070951e-08, 3.4978806925168424e-08, 3.017409838453501e-08, 2.5734115620256417e-08, 2.146950530596394e-08, 1.6850735845104705e-08, 1.4337555107922477e-08, 1.1708195459604462e-08, 1.2216559989525129e-08, 1.1722894693276636e-08, 1.2037496373426953e-08, 9.07175731594587e-09, 6.893674216864059e-09, 5.847424046841386e-09, 5.8604009406123666e-09, 6.61243477364284e-09, 6.9436671853932665e-09, 8.5932009224321e-09, 6.639035001238586e-09, 5.030333346166564e-09, 5.082647966459237e-09, 5.3798105875383976e-09, 5.344408538099568e-09, 5.12439983406942e-09, 4.765091087430815e-09, 4.156246245096239e-09, 4.252484484898716e-09, 3.818253590313186e-09, 3.1500552469930172e-09, 2.1225929373967614e-09, 1.9407349676311055e-09, 1.5199549482621374e-09, 1.1175194105203433e-09, 1.0624650309087422e-09, 9.53188445545509e-10, 7.361318189289605e-10, 5.994413777900694e-10, 6.050534750896985e-10, 6.269444687236341e-10, 5.251518118164802e-10, 5.822493423100129e-10, 5.049115553527451e-10, 3.457718692405162e-10, 3.393604557537364e-10, 3.212912064387264e-10, 2.809687022259945e-10, 3.1243804851423815e-10, 3.5184523362506483e-10, 2.337885762659773e-10, 1.7535070718012038e-10], 'preconditioner metadata': [{}, {}, {}, {}, {}, {}, {}, {}, {}, {}, {}, {}, {}, {}, {}, {}, {}, {}, {}, {}, {}, {}, {}, {}, {}, {}, {}, {}, {}, {}, {}, {}, {}, {}, {}, {}, {}, {}, {}, {}, {}, {}, {}, {}, {}, {}, {}, {}, {}, {}, {}, {}, {}, {}, {}, {}, {}, {}, {}, {}, {}, {}, {}, {}, {}, {}, {}, {}, {}, {}, {}, {}, {}, {}, {}, {}, {}, {}, {}, {}, {}, {}, {}, {}, {}, {}, {}, {}, {}, {}, {}, {}, {}, {}, {}, {}, {}, {}, {}, {}, {}, {}, {}, {}, {}, {}, {}, {}, {}, {}, {}, {}, {}, {}, {}, {}, {}, {}, {}, {}, {}, {}, {}, {}, {}, {}, {}, {}, {}, {}, {}, {}, {}, {}, {}, {}, {}, {}, {}, {}, {}, {}, {}, {}, {}, {}, {}, {}, {}, {}, {}, {}, {}, {}, {}, {}, {}, {}, {}, {}, {}, {}, {}, {}, {}, {}, {}, {}, {}, {}, {}, {}, {}, {}, {}, {}, {}, {}, {}, {}, {}, {}, {}, {}, {}, {}, {}, {}, {}, {}, {}, {}, {}, {}, {}, {}, {}, {}, {}, {}, {}, {}, {}, {}, {}, {}, {}, {}, {}, {}, {}, {}, {}, {}, {}, {}, {}, {}, {}]}",1.7603678725241551e-10,,"[765.6947021484375, 765.050537109375, 765.1154174804688, 765.4541625976562, 764.9668579101562, 765.3356323242188, 765.6030883789062, 765.208251953125, 764.977294921875, 764.9097290039062]",[633.6685180664062],[1672.435791015625],[1820.1234130859375],[2.5155200958251953],[2.8088319301605225],
2026-10-05T09:42:31.084123+00:00,continuous coefficient 2D,3,"uniform(2D,9)",S9,S7,S7,"CG(HybridSchwarz(torch.float32, Inv(torch.float16), CUDSS), bsr_matmul=True)",False,0,1,10,5242880,209510400,"{'iterations': 187, 'residual norms': [8.16222888588142, 8.12490166896302, 11.121873329706519, 8.241873595985886, 7.715983812314307, 10.890617495046069, 8.24280971565855, 8.378340134775547, 6.413131620604301, 5.899418722591055, 5.575316645440455, 3.9246293413472824, 3.6755278022288014, 2.715539045876267, 1.9168287768300767, 1.757089201635512, 1.262719427921601, 0.8547739282983347, 0.743202047453611, 0.572161762053184, 0.6441091981905055, 0.4299674892952419, 0.29717338792382214, 0.2551752596402594, 0.1860162200668522, 0.14702982162130454, 0.1632235395358533, 0.12219395107835593, 0.14653064774044683, 0.11214489891578025, 0.11595025979715205, 0.13770925654375227, 0.10747441330187478, 0.10862911714345372, 0.07852970039826768, 0.054977501460232565, 0.04988952445661203, 0.030040845783014154, 0.03307795474675844, 0.024400828048870962, 0.017755106334119496, 0.026282763347851214, 0.02475590795277946, 0.020683637081477812, 0.021559726782498626, 0.013803257538337298, 0.0135263073625721, 0.010727328648662299, 0.013499018961681375, 0.013108103366740604, 0.00826763347807755, 0.008219260550272858, 0.007385593753666722, 0.008722143808079157, 0.0076638806488569, 0.0053078101901422176, 0.003307344905586609, 0.0025359189215268165, 0.0016620604285453328, 0.0010573234247196867, 0.001028159917398863, 0.0009237544852711137, 0.0010848533466098127, 0.0008534048760537176, 0.0008412061251673643, 0.0008633373398279109, 0.0008218862089805869, 0.0009117245476595186, 0.0006324076406567764, 0.0006774434094686591, 0.0006337059372512488, 0.0006333680918470334, 0.00039331325603546324, 0.0002895168659939565, 0.0002462119474334294, 0.00016407064320232126, 0.0001922163897120993, 0.000195561648180174, 0.00017554572321511858, 0.00017206420107965457, 0.00010218504891705824, 0.00010605226159400252, 9.396161101393134e-05, 6.41998651708858e-05, 6.699758334671717e-05, 6.896525804124308e-05, 5.9036972967319047e-05, 5.588840513361671e-05, 5.3971438148234385e-05, 4.181187455914927e-05, 3.6217297486304907e-05, 2.374333397261011e-05, 1.9311484321653642e-05, 1.915395587824836e-05, 1.417431769705031e-05, 1.6812100508837053e-05, 1.3517500743231205e-05, 1.4428036249875128e-05, 1.496178178550096e-05, 1.268946728628706e-05, 1.2799337200147452e-05, 1.0980001132524973e-05, 9.847355984078037e-06, 1.0300463354465085e-05, 7.48687694803601e-06, 5.912006159614755e-06, 5.114753697123882e-06, 3.5068840983026757e-06, 2.8772519965247453e-06, 2.8082485450303664e-06, 2.0951364191957283e-06, 2.1521893522720566e-06, 1.4790601652068962e-06, 1.3134170557510272e-06, 1.5164918608708989e-06, 1.118721265417213e-06, 1.3254816499118385e-06, 1.0227954022657556e-06, 1.0053906097168021e-06, 1.0149888982744672e-06, 6.899856554497925e-07, 6.881395368666923e-07, 6.239644841636788e-07, 5.956237045489618e-07, 5.234372614014069e-07, 2.912905385047643e-07, 3.3454424006941663e-07, 3.1934928494974015e-07, 2.9263441482493583e-07, 2.93532898834227e-07, 2.2683320829998444e-07, 2.0888542031443107e-07, 1.9510048316938396e-07, 1.6459968757055259e-07, 1.5268015264481893e-07, 1.46121073071011e-07, 1.4122206418633996e-07, 1.0596092153039608e-07, 1.0190640215054906e-07, 9.33611992231656e-08, 8.05305364711331e-08, 7.754767703576168e-08, 5.191561024207741e-08, 4.56177435770282e-08, 3.708761868464885e-08, 2.6470656127062796e-08, 2.462841729740547e-08, 1.797230863609237e-08, 1.7203721390873194e-08, 1.965690187444308e-08, 1.7444021939293093e-08, 1.5409822528093447e-08, 1.2754417972400496e-08, 1.1126632874447405e-08, 1.1706715703412157e-08, 1.0372042834069775e-08, 9.479380425473109e-09, 1.1715049230305696e-08, 8.05035267251784e-09, 7.87507090442761e-09, 5.902538225301603e-09, 4.571487830829153e-09, 4.533268180138099e-09, 3.4205724071429116e-09, 3.427595341306982e-09, 2.8552600596461997e-09, 2.3478128967154966e-09, 2.223423604244709e-09, 2.0450165015835014e-09, 1.9275271115885305e-09, 1.6552679504097468e-09, 1.2998769436961983e-09, 1.4457661497084865e-09, 1.5133547172180205e-09, 1.2158246549289574e-09, 9.877858130642125e-10, 5.780092048826393e-10, 5.272851559928799e-10, 4.804281604719335e-10, 4.770180579982463e-10, 4.467934134625674e-10, 3.2348616180017103e-10, 2.482049365070543e-10, 2.6483465941380903e-10, 2.2841667302693945e-10, 2.0818751427763535e-10, 1.9617984545560935e-10, 1.6918165515954462e-10], 'preconditioner metadata': [{}, {}, {}, {}, {}, {}, {}, {}, {}, {}, {}, {}, {}, {}, {}, {}, {}, {}, {}, {}, {}, {}, {}, {}, {}, {}, {}, {}, {}, {}, {}, {}, {}, {}, {}, {}, {}, {}, {}, {}, {}, {}, {}, {}, {}, {}, {}, {}, {}, {}, {}, {}, {}, {}, {}, {}, {}, {}, {}, {}, {}, {}, {}, {}, {}, {}, {}, {}, {}, {}, {}, {}, {}, {}, {}, {}, {}, {}, {}, {}, {}, {}, {}, {}, {}, {}, {}, {}, {}, {}, {}, {}, {}, {}, {}, {}, {}, {}, {}, {}, {}, {}, {}, {}, {}, {}, {}, {}, {}, {}, {}, {}, {}, {}, {}, {}, {}, {}, {}, {}, {}, {}, {}, {}, {}, {}, {}, {}, {}, {}, {}, {}, {}, {}, {}, {}, {}, {}, {}, {}, {}, {}, {}, {}, {}, {}, {}, {}, {}, {}, {}, {}, {}, {}, {}, {}, {}, {}, {}, {}, {}, {}, {}, {}, {}, {}, {}, {}, {}, {}, {}, {}, {}, {}, {}, {}, {}, {}, {}, {}, {}, {}, {}, {}, {}, {}, {}]}",1.6980562097502285e-10,,"[668.6796264648438, 667.5558471679688, 668.2819213867188, 668.1223754882812, 668.1243896484375, 668.03125, 667.9786987304688, 667.9461059570312, 668.027099609375, 668.5064086914062]",[529.93115234375],[1668.52392578125],[2135.185302734375],[2.9017601013183594],[2.3792641162872314],
2026-10-05T09:42:43.577276+00:00,continuous coefficient 2D,3,"uniform(2D,9)",S9,S7,S7,"CG(AdditiveSchwarz(torch.float32, Inv(torch.bfloat16), CUDSS, const_dofs_per_coarse=False), bsr_matmul=True)",False,0,1,10,5242880,209510400,"{'iterations': 221, 'residual norms': [0.18571504386934493, 8.168956805588705, 8.699762261433346, 10.735025944702748, 9.0104621215559, 10.69742667753134, 7.223676620533382, 11.70249711879158, 8.814878584471861, 9.339488841363377, 9.482163249552698, 6.766217542432028, 6.088009551887982, 6.713687583807854, 4.545884378746644, 4.359572600497665, 3.6873264693883874, 3.0087520352337838, 2.5146133333089535, 2.014851605921732, 1.857574501515731, 1.4726804901466135, 1.1796939412400074, 1.1351288900420746, 1.0012733399056029, 0.8031797734028427, 0.7846454160675247, 0.43310652651927806, 0.3672907158248785, 0.34299662617686655, 0.27415911732256365, 0.21383388436869247, 0.18526031718206676, 0.20407759203286527, 0.1551746029520772, 0.15647203487405673, 0.16539889886498998, 0.14406381531360676, 0.13953094441296482, 0.18188483436265962, 0.1356607504720027, 0.12456962362844098, 0.11870552849776927, 0.09122699717460865, 0.0568352723409523, 0.0537033943759119, 0.03609030130360088, 0.02716435931496252, 0.022125088290024898, 0.021368468678528374, 0.013460671471051724, 0.014945647412894874, 0.01995204032823828, 0.02265640122472162, 0.021564740231786925, 0.022977846226414456, 0.024758161958509304, 0.01685280967949686, 0.0160676199836027, 0.016394913257057157, 0.016714696315128764, 0.014572728481697559, 0.013895753179335817, 0.007466859923258316, 0.0060006871627934595, 0.005239327136292602, 0.005669769492021624, 0.005130094297144489, 0.004870849318806865, 0.004595699561376605, 0.003552270068050913, 0.002823123489969691, 0.0022350260549579555, 0.0020375091630930446, 0.0011650854576481526, 0.0009736054398425323, 0.000949622699364942, 0.0009748028462831366, 0.0008898775636708763, 0.0006821349755567135, 0.0004758113660480606, 0.0004010036714137295, 0.000407652025090037, 0.000331227675471796, 0.0002672278068687122, 0.00023045011603320934, 0.00018794744739050663, 0.00021692395134242316, 0.0002343977615262163, 0.0002292530738791925, 0.0002446782345823963, 0.00020923060506902418, 0.00015800067009095667, 0.00017805333352208984, 0.00015820303450155357, 0.00014103018215704154, 0.00017116922604194416, 0.0001760540026298313, 0.00012010847671577487, 0.00011189675901387241, 0.0001007505880702133, 8.7423930419694e-05, 7.599924297327627e-05, 7.150112427652271e-05, 6.557687557820766e-05, 5.189341517438642e-05, 4.593223514640882e-05, 5.461733919034086e-05, 5.175893800358679e-05, 3.8099890452060126e-05, 4.6692346359952884e-05, 4.3403388458847254e-05, 3.0220946196950583e-05, 2.155854296849327e-05, 2.229404197604134e-05, 1.756700015156163e-05, 1.6715080034944135e-05, 1.582003630191551e-05, 1.4973123441422652e-05, 1.1773425503397664e-05, 1.3547635292057214e-05, 1.4181239689695899e-05, 1.1878323333829348e-05, 1.1126912244134409e-05, 8.510386663826381e-06, 5.798783076918066e-06, 4.482584230155376e-06, 4.00985766988535e-06, 2.6920989595103528e-06, 2.1376039975343534e-06, 1.8099429056408701e-06, 1.5707951172537122e-06, 1.156990755352355e-06, 1.0817536029032397e-06, 9.110139891809815e-07, 9.871253112742223e-07, 9.059961017536151e-07, 1.1137481179653209e-06, 1.1379114525537423e-06, 1.0796933038883923e-06, 9.484632986997894e-07, 9.038429170546984e-07, 9.394735163946041e-07, 8.795397767916414e-07, 9.004200047533835e-07, 8.050305263137998e-07, 6.965892804241599e-07, 5.414993730034104e-07, 5.193710608129291e-07, 4.195383243529213e-07, 3.1328983599581773e-07, 2.64402727324684e-07, 2.5601724508277153e-07, 2.7232019942520755e-07, 2.514936294342861e-07, 2.1230008382659476e-07, 1.835753903805666e-07, 1.440906539506938e-07, 1.5222991432913642e-07, 1.676342763576838e-07, 1.3694904672873437e-07, 1.2010919997285677e-07, 1.164894750735078e-07, 9.507453895419627e-08, 7.740257491675568e-08, 7.020895639194657e-08, 6.107732430529596e-08, 5.11568916583067e-08, 5.722709949664672e-08, 5.707898104317157e-08, 4.495357592134584e-08, 4.5881745667921764e-08, 3.874906945482688e-08, 2.5439381682598073e-08, 2.2912307549285327e-08, 2.4171352971626344e-08, 1.6542416408873534e-08, 1.2768339102572078e-08, 1.3414550622523533e-08, 1.2935939995935787e-08, 1.1430385162798842e-08, 1.1943833161493668e-08, 8.500277409879565e-09, 6.909518740897674e-09, 5.8996364927498585e-09, 6.347698198258212e-09, 6.410184125041769e-09, 7.212245537663826e-09, 7.380959013712328e-09, 6.146373219556653e-09, 4.972438118286232e-09, 5.23148160214424e-09, 5.6837502409935405e-09, 5.308672463771417e-09, 4.805059857639696e-09, 4.771597825149869e-09, 4.753963700126872e-09, 4.241398725326664e-09, 4.0228385330033174e-09, 3.09063194369115e-09, 2.5205870037206056e-09, 1.9698211677624956e-09, 1.644348825786225e-09, 1.4203732512426088e-09, 1.1920906672268783e-09, 1.0352101880142043e-09, 8.635283672198425e-10, 7.497940169623752e-10, 6.348136789644193e-10, 6.423659609480859e-10, 6.349274326474182e-10, 5.658751041605495e-10, 4.957917026305447e-10, 4.4181634204847516e-10, 3.3058385721088665e-10, 2.797012370781281e-10, 3.3352757473710596e-10, 3.346634109419322e-10, 3.1279108602632997e-10, 3.13965366739295e-10, 2.3309673694942114e-10, 1.6660094376505333e-10], 'preconditioner metadata': [{}, {}, {}, {}, {}, {}, {}, {}, {}, {}, {}, {}, {}, {}, {}, {}, {}, {}, {}, {}, {}, {}, {}, {}, {}, {}, {}, {}, {}, {}, {}, {}, {}, {}, {}, {}, {}, {}, {}, {}, {}, {}, {}, {}, {}, {}, {}, {}, {}, {}, {}, {}, {}, {}, {}, {}, {}, {}, {}, {}, {}, {}, {}, {}, {}, {}, {}, {}, {}, {}, {}, {}, {}, {}, {}, {}, {}, {}, {}, {}, {}, {}, {}, {}, {}, {}, {}, {}, {}, {}, {}, {}, {}, {}, {}, {}, {}, {}, {}, {}, {}, {}, {}, {}, {}, {}, {}, {}, {}, {}, {}, {}, {}, {}, {}, {}, {}, {}, {}, {}, {}, {}, {}, {}, {}, {}, {}, {}, {}, {}, {}, {}, {}, {}, {}, {}, {}, {}, {}, {}, {}, {}, {}, {}, {}, {}, {}, {}, {}, {}, {}, {}, {}, {}, {}, {}, {}, {}, {}, {}, {}, {}, {}, {}, {}, {}, {}, {}, {}, {}, {}, {}, {}, {}, {}, {}, {}, {}, {}, {}, {}, {}, {}, {}, {}, {}, {}, {}, {}, {}, {}, {}, {}, {}, {}, {}, {}, {}, {}, {}, {}, {}, {}, {}, {}, {}, {}, {}, {}, {}, {}, {}, {}, {}, {}, {}, {}, {}, {}, {}, {}]}",1.673311587994811e-10,,"[771.255859375, 771.2393798828125, 770.6228637695312, 770.7996215820312, 771.0661010742188, 771.2963256835938, 770.5621337890625, 770.58642578125, 770.970458984375, 771.461181640625]",[634.3319091796875],[1689.321044921875],[1862.1025390625],[3.30403208732605],[3.081631898880005],
2026-10-05T09:42:55.255098+00:00,continuous coefficient 2D,3,"uniform(2D,9)",S9,S7,S7,"CG(HybridSchwarz(torch.float32, Inv(torch.bfloat16), CUDSS), bsr_matmul=True)",False,0,1,10,5242880,209510400,"{'iterations': 187, 'residual norms': [8.162227974678746, 8.127798225136155, 11.122099679547159, 8.245098696974976, 7.717007170508127, 10.88774826263833, 8.244650296470049, 8.38819688452694, 6.425905079211547, 5.901415231721551, 5.578692765303904, 3.9243455383778088, 3.6860692412433007, 2.7184328164673754, 1.9280887191992129, 1.761367204625773, 1.2748526096328696, 0.8610103668228868, 0.7601156678050548, 0.5895489294221924, 0.671331850399347, 0.43568053477841134, 0.29699161906119986, 0.2517634806335543, 0.1911164985455613, 0.153549431689205, 0.1747289702930563, 0.11934090648120672, 0.1463586444105409, 0.11549904021221304, 0.11530259020342877, 0.14325198552081034, 0.10775730205080687, 0.11072683609242004, 0.0788529452379185, 0.05709864444410119, 0.05112531380802672, 0.03088727745569591, 0.03254156310521569, 0.025591309919664986, 0.018046251173649285, 0.025783727358352417, 0.025992448215041784, 0.021717772645343764, 0.021282951298985633, 0.015835077407253158, 0.012466726466542838, 0.011310759237795832, 0.013276449181297587, 0.013835002893193334, 0.009164366853959804, 0.008021920959047283, 0.007642279238650191, 0.008998155430604894, 0.0075813876155651945, 0.0064749575875338175, 0.003711065344947815, 0.00256596658072649, 0.0020026109707131936, 0.0013037163367311732, 0.001029603285978381, 0.0008971508261806015, 0.001079783924303751, 0.0009258210479961758, 0.0008817238037251362, 0.0007792785403900702, 0.0008628264850308818, 0.0008991277597084176, 0.0006854364329766291, 0.0006934363703577872, 0.0005538163421522458, 0.0006707804455953292, 0.00046850430374449246, 0.00030184794526934847, 0.00025943282574688795, 0.00018571204288392722, 0.000167981110929796, 0.00019699450616663723, 0.00019347384306568527, 0.00015897978685891807, 0.00013944861032764907, 0.0001028164464346153, 9.332909191252472e-05, 8.453957768658621e-05, 5.952895611556868e-05, 6.975871358146871e-05, 6.890165895164245e-05, 4.955833042245073e-05, 6.110644723677375e-05, 4.535888613993509e-05, 3.679928322736037e-05, 2.9635335550168628e-05, 1.921824771804753e-05, 1.9634984596856603e-05, 1.646403676062344e-05, 1.491205710237229e-05, 1.530089658526727e-05, 1.3173918258399695e-05, 1.4799874859471058e-05, 1.4631354397708023e-05, 1.1897205825669925e-05, 1.2185771698945342e-05, 1.0182775019522483e-05, 9.84146351493582e-06, 9.240644075570875e-06, 6.816116313562911e-06, 5.4164867366413444e-06, 4.23400696404296e-06, 3.327904098966588e-06, 2.7225540484077855e-06, 2.5577754112783013e-06, 2.229934241289048e-06, 1.736397635184208e-06, 1.50691288886403e-06, 1.3435776606499741e-06, 1.2504559290305064e-06, 1.3600054083675435e-06, 1.0485866998900787e-06, 1.0360867407340933e-06, 1.0112009492776247e-06, 7.980326712454701e-07, 7.327041303812532e-07, 5.968926237203847e-07, 6.007585741992994e-07, 6.257240877342122e-07, 3.690646911401669e-07, 3.390998084744194e-07, 2.9439107249545255e-07, 3.0747506334011034e-07, 3.2812117669765713e-07, 2.2766070092139848e-07, 2.435626928594648e-07, 1.958776501299712e-07, 1.724910132519122e-07, 1.7874780921750035e-07, 1.405068096887172e-07, 1.429444008819457e-07, 1.3359353433449112e-07, 9.820081327075865e-08, 9.918786532514125e-08, 8.774113983062094e-08, 8.056161767205634e-08, 6.646349188526824e-08, 5.037696378271431e-08, 4.156813126010981e-08, 3.396218231304771e-08, 2.6131835664962185e-08, 2.129827224823166e-08, 1.8910879220096218e-08, 1.7213072827280883e-08, 1.8840401962108042e-08, 1.853320474652747e-08, 1.3433576144284914e-08, 1.2399417153462542e-08, 1.1701780090302616e-08, 1.0876894595077268e-08, 1.0781880065032276e-08, 1.0036158861172575e-08, 9.76055919848218e-09, 8.801854503700472e-09, 6.699266002627858e-09, 5.8640439719241404e-09, 4.870026633380834e-09, 3.740394313276858e-09, 3.7384599329114274e-09, 3.2014561112249007e-09, 2.863604076270288e-09, 2.5901470731287823e-09, 1.9952180815594644e-09, 2.133240021710929e-09, 2.0153023363713948e-09, 1.4959219919785107e-09, 1.4642026061955575e-09, 1.279483885635668e-09, 1.4347222858025924e-09, 1.342189204025574e-09, 8.749918855645668e-10, 6.706369749840667e-10, 5.292611059913615e-10, 4.664831915763453e-10, 4.838961686643685e-10, 4.2831957409514516e-10, 3.3089084052156297e-10, 2.809988592829505e-10, 2.452453692475704e-10, 2.287496121847803e-10, 2.2414611069905686e-10, 1.7773813819832893e-10], 'preconditioner metadata': [{}, {}, {}, {}, {}, {}, {}, {}, {}, {}, {}, {}, {}, {}, {}, {}, {}, {}, {}, {}, {}, {}, {}, {}, {}, {}, {}, {}, {}, {}, {}, {}, {}, {}, {}, {}, {}, {}, {}, {}, {}, {}, {}, {}, {}, {}, {}, {}, {}, {}, {}, {}, {}, {}, {}, {}, {}, {}, {}, {}, {}, {}, {}, {}, {}, {}, {}, {}, {}, {}, {}, {}, {}, {}, {}, {}, {}, {}, {}, {}, {}, {}, {}, {}, {}, {}, {}, {}, {}, {}, {}, {}, {}, {}, {}, {}, {}, {}, {}, {}, {}, {}, {}, {}, {}, {}, {}, {}, {}, {}, {}, {}, {}, {}, {}, {}, {}, {}, {}, {}, {}, {}, {}, {}, {}, {}, {}, {}, {}, {}, {}, {}, {}, {}, {}, {}, {}, {}, {}, {}, {}, {}, {}, {}, {}, {}, {}, {}, {}, {}, {}, {}, {}, {}, {}, {}, {}, {}, {}, {}, {}, {}, {}, {}, {}, {}, {}, {}, {}, {}, {}, {}, {}, {}, {}, {}, {}, {}, {}, {}, {}, {}, {}, {}, {}, {}, {}]}",1.783432500674985e-10,,"[667.1010131835938, 666.8336791992188, 667.24755859375, 667.0554809570312, 666.4588623046875, 667.0640258789062, 666.6673583984375, 666.7202758789062, 670.4380493164062, 667.1077270507812]",[537.1664428710938],[1689.5574951171875],[2170.832763671875],[3.3261120319366455],[2.426208019256592],
2026-10-05T09:43:06.433856+00:00,continuous coefficient 2D,3,"uniform(2D,9)",S9,S8,S8,"CG(AdditiveSchwarz(torch.float64, Inv(), CUDSS, const_dofs_per_coarse=False), bsr_matmul=True)",False,0,1,10,5242880,209510400,"{'iterations': 153, 'residual norms': [0.18571504386934493, 11.459594261694635, 9.495568929011577, 14.638973237761245, 11.723483957050153, 9.862889746396078, 10.715285139463795, 11.317606634692947, 7.518611175235415, 8.732510560832669, 5.526249461697967, 3.608711130356234, 2.925239794064245, 2.8113591300320095, 1.941862744544798, 1.743676769945693, 1.4468207479677677, 1.1150907397856382, 0.5972466233082934, 0.4724969576918269, 0.3502034573695907, 0.2605710671243004, 0.16395512214657385, 0.12341283705481267, 0.07753970804492075, 0.08082522430687993, 0.11130577936590788, 0.1338736987715843, 0.08923524328856028, 0.09212280997944403, 0.052181650713694794, 0.02677921550572597, 0.01500133063500547, 0.019754294840721984, 0.02206930817653655, 0.014268752837821072, 0.015532822120482823, 0.01928161722836319, 0.022975345677538717, 0.019121752048249605, 0.01518945904326568, 0.009133216742282384, 0.0061048861686842475, 0.0078212150067053, 0.006018811282711942, 0.005190862579543786, 0.00411864213519905, 0.0033239020158859433, 0.0019451433521522996, 0.0023035455001991553, 0.0015035854462167259, 0.001165400170788216, 0.0007845385940911044, 0.0007938280394261012, 0.0005878984268360024, 0.000497972730599322, 0.0003445807700815516, 0.0002901616736053814, 0.00023024052277295914, 0.00018639898620342453, 0.00022682408193077763, 0.00022322076819478775, 0.00019955370700407377, 0.00015908162057725751, 0.00016799998243616503, 0.00013616954753689444, 0.00016277895032559356, 0.00012249297218512058, 0.00014927511429574237, 8.812112020632514e-05, 7.49692257954939e-05, 5.5910803517369244e-05, 5.754804010276851e-05, 4.5399463322552826e-05, 5.538490450610572e-05, 5.4520840955329014e-05, 3.219390105017812e-05, 2.7935597143973076e-05, 2.410744475059982e-05, 1.3161055309875656e-05, 1.480589043554619e-05, 1.870683412598947e-05, 1.5168067707347823e-05, 1.1907940550856118e-05, 9.908809658335791e-06, 7.968357747109894e-06, 5.683896153311991e-06, 4.4581422708476665e-06, 2.8852812037391987e-06, 1.6153435974403291e-06, 1.4103804744797194e-06, 1.3679217532539889e-06, 1.1805073925215162e-06, 8.76310005614898e-07, 8.53410559648566e-07, 7.707461200919071e-07, 8.493190188478688e-07, 1.0015650139754045e-06, 9.702491358617697e-07, 8.619367159729745e-07, 7.608564529301797e-07, 5.32331727610418e-07, 3.8997682686681363e-07, 3.527521299989135e-07, 2.9528811571766993e-07, 2.665111933997772e-07, 2.5808500493573576e-07, 1.9479812456166982e-07, 1.9992512823595784e-07, 1.428372639790945e-07, 1.3260018272855465e-07, 1.3593024901459422e-07, 1.2052138543488997e-07, 7.520250040904981e-08, 6.279810688468955e-08, 5.4206825402489844e-08, 5.509413595189364e-08, 5.00784233612348e-08, 4.437861887655317e-08, 3.9100073310006865e-08, 2.5521224080894098e-08, 1.9091175857802473e-08, 1.5814013885240227e-08, 1.3895548415661005e-08, 9.642772179609959e-09, 9.870963547429497e-09, 8.914387566688179e-09, 6.777194615506141e-09, 5.589016279823159e-09, 5.4799330048020476e-09, 4.466851780422477e-09, 3.841187017558728e-09, 4.879367758958854e-09, 4.196607280879255e-09, 3.764056137242747e-09, 4.6554266819481485e-09, 4.437474325292863e-09, 3.1602487316564487e-09, 3.151329101270333e-09, 1.902825039445652e-09, 1.299539106702873e-09, 9.472020485082218e-10, 9.846644417962334e-10, 7.872459305406981e-10, 6.705953711523241e-10, 6.664665708512184e-10, 4.891387681693085e-10, 4.084172395788042e-10, 3.6546205232386894e-10, 3.721238971296537e-10, 3.332424428448233e-10, 2.968943493211069e-10, 2.1136107462235438e-10, 1.7779562989214337e-10], 'preconditioner metadata': [{}, {}, {}, {}, {}, {}, {}, {}, {}, {}, {}, {}, {}, {}, {}, {}, {}, {}, {}, {}, {}, {}, {}, {}, {}, {}, {}, {}, {}, {}, {}, {}, {}, {}, {}, {}, {}, {}, {}, {}, {}, {}, {}, {}, {}, {}, {}, {}, {}, {}, {}, {}, {}, {}, {}, {}, {}, {}, {}, {}, {}, {}, {}, {}, {}, {}, {}, {}, {}, {}, {}, {}, {}, {}, {}, {}, {}, {}, {}, {}, {}, {}, {}, {}, {}, {}, {}, {}, {}, {}, {}, {}, {}, {}, {}, {}, {}, {}, {}, {}, {}, {}, {}, {}, {}, {}, {}, {}, {}, {}, {}, {}, {}, {}, {}, {}, {}, {}, {}, {}, {}, {}, {}, {}, {}, {}, {}, {}, {}, {}, {}, {}, {}, {}, {}, {}, {}, {}, {}, {}, {}, {}, {}, {}, {}, {}, {}, {}, {}, {}, {}, {}, {}]}",1.783019587830648e-10,,"[632.0630493164062, 636.1393432617188, 631.7516479492188, 635.43408203125, 632.170654296875, 632.2222900390625, 632.1289672851562, 632.12255859375, 631.80615234375, 631.6338500976562]",[634.5691528320312],[1692.754150390625],[1870.9825439453125],[3.1983039379119873],[16.39142417907715],
2026-10-05T09:43:16.941900+00:00,continuous coefficient 2D,3,"uniform(2D,9)",S9,S8,S8,"CG(HybridSchwarz(torch.float64, Inv(), CUDSS), bsr_matmul=True)",False,0,1,10,5242880,209510400,"{'iterations': 130, 'residual norms': [11.457752084391133, 9.168501943470593, 14.894348114716903, 8.597476043588921, 10.825949653846013, 10.042943880391139, 7.298044378155688, 6.108975044236873, 4.087622208652273, 2.647804730190279, 1.9245036099396509, 1.3541455745939337, 1.056691494178342, 0.8455330676788487, 0.503356497491198, 0.3521921620493966, 0.23621260270445685, 0.1856267756180198, 0.103695461030441, 0.06963365146885632, 0.0827206000383318, 0.11309860073315194, 0.08363982463625605, 0.07368432903838437, 0.04208953603144858, 0.020588959109843746, 0.02706962773869772, 0.019350939897730245, 0.013561413024700203, 0.018739326406258236, 0.0166649830329833, 0.013981394856789916, 0.007488352353970662, 0.007709169569082557, 0.010667282690008058, 0.007365496922908743, 0.006423418375634602, 0.0034218581808015797, 0.002300432109264093, 0.001854288509219868, 0.0013522682881052977, 0.0011022950049935953, 0.0009344741146355797, 0.00087486237670487, 0.0007446252460236575, 0.0007533595450827816, 0.0006865471114992658, 0.0007565347668424626, 0.00042216252973056477, 0.0003440994399310366, 0.00029870642807473406, 0.00021414821838543565, 0.0001933727545338217, 0.00017274170847052714, 0.00015364204610379865, 0.00010889900998802759, 9.712788024440512e-05, 6.135533219152525e-05, 7.073019912748907e-05, 6.783979029297379e-05, 5.285451324385738e-05, 4.454536979887755e-05, 2.9077996500064655e-05, 2.4757177842669306e-05, 2.1146451716196922e-05, 1.6976909806849902e-05, 1.2602020809316229e-05, 1.2190112873446536e-05, 1.4246358095329943e-05, 1.3070209553850663e-05, 9.685411633406975e-06, 1.0061150292035868e-05, 7.636640021570667e-06, 4.561583480377239e-06, 3.83677904310078e-06, 2.811592812169877e-06, 2.1504591294548976e-06, 1.8308903005692778e-06, 1.6089978242931802e-06, 1.1997233618840556e-06, 1.1931833802069917e-06, 9.130206355387958e-07, 1.0134340237820109e-06, 8.529916413724655e-07, 6.628872078204344e-07, 4.6775286804465385e-07, 3.849931854102498e-07, 3.7244443471505606e-07, 3.420311121136078e-07, 3.1359335453210116e-07, 1.911056148679031e-07, 1.898614289858876e-07, 1.7156527603072579e-07, 1.4400793333716331e-07, 1.3991651683389995e-07, 9.895559639285679e-08, 1.3070511690186134e-07, 7.368055907134417e-08, 5.923926830369539e-08, 4.680805255952333e-08, 3.117885522310329e-08, 3.01937560529017e-08, 2.0536267423134023e-08, 1.8882200327384684e-08, 1.5598934117247202e-08, 1.2210795220088215e-08, 1.4153298453040088e-08, 1.1761414132225034e-08, 9.902622336447197e-09, 8.93487691116094e-09, 6.776710926052432e-09, 7.453084983204405e-09, 5.283999673410436e-09, 4.209277034586859e-09, 2.9833334756736713e-09, 2.3816484817964715e-09, 2.096780731652037e-09, 2.2050235143556217e-09, 1.8474255874141113e-09, 1.3565163406999875e-09, 1.1639120787432088e-09, 1.2146566988158711e-09, 8.962988483891922e-10, 7.354200099513401e-10, 4.523549793218489e-10, 3.9207229366330033e-10, 3.5780191367097046e-10, 2.864768648888473e-10, 2.376307499680947e-10, 2.1834856470412922e-10, 1.749169046838221e-10], 'preconditioner metadata': [{}, {}, {}, {}, {}, {}, {}, {}, {}, {}, {}, {}, {}, {}, {}, {}, {}, {}, {}, {}, {}, {}, {}, {}, {}, {}, {}, {}, {}, {}, {}, {}, {}, {}, {}, {}, {}, {}, {}, {}, {}, {}, {}, {}, {}, {}, {}, {}, {}, {}, {}, {}, {}, {}, {}, {}, {}, {}, {}, {}, {}, {}, {}, {}, {}, {}, {}, {}, {}, {}, {}, {}, {}, {}, {}, {}, {}, {}, {}, {}, {}, {}, {}, {}, {}, {}, {}, {}, {}, {}, {}, {}, {}, {}, {}, {}, {}, {}, {}, {}, {}, {}, {}, {}, {}, {}, {}, {}, {}, {}, {}, {}, {}, {}, {}, {}, {}, {}, {}, {}, {}, {}, {}, {}, {}, {}, {}, {}, {}, {}]}",1.7535391691617212e-10,,"[557.7138671875, 557.2067260742188, 556.736572265625, 556.6881103515625, 558.8903198242188, 556.7781982421875, 557.1893920898438, 556.9617919921875, 557.0253295898438, 556.8856201171875]",[367.5604553222656],[1731.35888671875],[2205.460693359375],[13.722463607788086],[13.241984367370605],
2026-10-05T09:43:27.243296+00:00,continuous coefficient 2D,3,"uniform(2D,9)",S9,S8,S8,"CG(AdditiveSchwarz(torch.float64, Inv(torch.float32), CUDSS, const_dofs_per_coarse=False), bsr_matmul=True)",False,0,1,10,5242880,209510400,"{'iterations': 153, 'residual norms': [0.18571504386934493, 11.459594261693695, 9.495568930243568, 14.638973237403768, 11.723483959279543, 9.862889744135488, 10.715285143169433, 11.317606636339493, 7.5186111894704, 8.732510656903383, 5.526249503460827, 3.60871113660502, 2.925239801150701, 2.8113591484217335, 1.9418627482387656, 1.743676772444279, 1.4468207536589428, 1.1150907486032122, 0.5972466243979144, 0.4724969616076736, 0.3502034827900472, 0.2605710525740565, 0.1639551322271731, 0.12341287295454763, 0.07753969934890786, 0.08082521038566598, 0.11130577880362107, 0.13387369412111091, 0.08923522940998797, 0.0921228075445677, 0.05218165475481017, 0.02677921772486768, 0.015001330416885832, 0.01975429002052994, 0.022069306934181118, 0.014268752845058186, 0.015532817625402187, 0.01928161505341878, 0.022975340289924765, 0.01912175071950534, 0.015189459896798943, 0.009133226077990443, 0.006104884003805758, 0.007821214681247576, 0.006018812286248985, 0.005190867293881505, 0.0041186419759392245, 0.0033239051961911144, 0.0019451438531943117, 0.0023035456809462804, 0.0015035864526762876, 0.0011654008238176786, 0.0007845393654102005, 0.0007938280593969016, 0.000587899131412419, 0.0004979733008168871, 0.0003445809445110989, 0.00029016179240718207, 0.00023024088601701777, 0.00018639902353339693, 0.000226824090863358, 0.0002232208955724123, 0.00019955382574777557, 0.00015908177349292243, 0.00016799996326366336, 0.00013616968261214948, 0.000162778881828867, 0.00012249304149165426, 0.00014927507983793104, 8.812125511972642e-05, 7.4969277218529e-05, 5.5910837713138514e-05, 5.754806983146301e-05, 4.539949385766147e-05, 5.53848525788054e-05, 5.45209469282002e-05, 3.2193914773476886e-05, 2.7935613301780258e-05, 2.4107478642393008e-05, 1.3161065272836998e-05, 1.4805881703016389e-05, 1.870683082910302e-05, 1.5168082932135805e-05, 1.1907944626345918e-05, 9.908811716258581e-06, 7.968362825566372e-06, 5.683898782873086e-06, 4.45814402841758e-06, 2.885282938216645e-06, 1.615344028489709e-06, 1.410381578980914e-06, 1.367920747209909e-06, 1.1805077359629284e-06, 8.763100731902342e-07, 8.534108711653705e-07, 7.70745879541447e-07, 8.493189533646018e-07, 1.0015654097711543e-06, 9.702493608028442e-07, 8.619364556129902e-07, 7.608572381670057e-07, 5.323315848098814e-07, 3.899766522372723e-07, 3.527521416731384e-07, 2.952882429432324e-07, 2.6651093960291656e-07, 2.58084954884383e-07, 1.947981807530418e-07, 1.9992503206347823e-07, 1.4283725915930036e-07, 1.326001881201054e-07, 1.3593019708972848e-07, 1.2052137459303683e-07, 7.520253296933662e-08, 6.27980923325261e-08, 5.4206820344235956e-08, 5.509410501185683e-08, 5.007841775772302e-08, 4.437860132054703e-08, 3.9100074767151814e-08, 2.5521218474824704e-08, 1.909116845256738e-08, 1.5814005126357593e-08, 1.3895543363497017e-08, 9.64276392758429e-09, 9.870954220704155e-09, 8.914380977567094e-09, 6.7771910275460886e-09, 5.589011785092511e-09, 5.47993120769623e-09, 4.466848271661037e-09, 3.841184367083555e-09, 4.8793630224006574e-09, 4.196607429164072e-09, 3.7640520674488885e-09, 4.655422116262488e-09, 4.437476222970933e-09, 3.16024798538787e-09, 3.1513267716894142e-09, 1.9028269676422032e-09, 1.299539632670458e-09, 9.472014529656545e-10, 9.84663890775466e-10, 7.872462132334772e-10, 6.705948124361529e-10, 6.664655243382518e-10, 4.891386223815215e-10, 4.084174734160572e-10, 3.654617373560608e-10, 3.721232699726841e-10, 3.332422654174969e-10, 2.9689451806638805e-10, 2.113610486889836e-10, 1.7779538481909975e-10], 'preconditioner metadata': [{}, {}, {}, {}, {}, {}, {}, {}, {}, {}, {}, {}, {}, {}, {}, {}, {}, {}, {}, {}, {}, {}, {}, {}, {}, {}, {}, {}, {}, {}, {}, {}, {}, {}, {}, {}, {}, {}, {}, {}, {}, {}, {}, {}, {}, {}, {}, {}, {}, {}, {}, {}, {}, {}, {}, {}, {}, {}, {}, {}, {}, {}, {}, {}, {}, {}, {}, {}, {}, {}, {}, {}, {}, {}, {}, {}, {}, {}, {}, {}, {}, {}, {}, {}, {}, {}, {}, {}, {}, {}, {}, {}, {}, {}, {}, {}, {}, {}, {}, {}, {}, {}, {}, {}, {}, {}, {}, {}, {}, {}, {}, {}, {}, {}, {}, {}, {}, {}, {}, {}, {}, {}, {}, {}, {}, {}, {}, {}, {}, {}, {}, {}, {}, {}, {}, {}, {}, {}, {}, {}, {}, {}, {}, {}, {}, {}, {}, {}, {}, {}, {}, {}, {}]}",1.7828758943214106e-10,,"[558.5310668945312, 557.7339477539062, 558.546142578125, 557.8779296875, 557.605712890625, 558.8779907226562, 557.879150390625, 558.5702514648438, 558.831298828125, 558.418701171875]",[470.0386657714844],[1751.4915771484375],[1862.4005126953125],[13.698752403259277],[13.184736251831055],
2026-10-05T09:43:37.141810+00:00,continuous coefficient 2D,3,"uniform(2D,9)",S9,S8,S8,"CG(HybridSchwarz(torch.float64, Inv(torch.float32), CUDSS), bsr_matmul=True)",False,0,1,10,5242880,209510400,"{'iterations': 130, 'residual norms': [11.457752084391139, 9.168501945302125, 14.894348116141972, 8.597476045302026, 10.825949660406913, 10.042943885551477, 7.2980443788991805, 6.108975057447088, 4.087622207862874, 2.6478047275202443, 1.9245036094924715, 1.3541455742971464, 1.0566914946580512, 0.8455330698725785, 0.5033564984688734, 0.3521921625707977, 0.23621260480045997, 0.18562677745729841, 0.10369546223255038, 0.06963365314275588, 0.08272060147701629, 0.11309860332141276, 0.08363982739745987, 0.07368434211045077, 0.042089552967827217, 0.020588960530972103, 0.027069629345611745, 0.019350939290868042, 0.013561413297775046, 0.018739328138868354, 0.016664983205177328, 0.013981395637831037, 0.0074883529868698135, 0.007709170275216783, 0.010667285527734592, 0.007365497402233953, 0.006423419423467893, 0.0034218583810511293, 0.0023004320574081727, 0.0018542885130797017, 0.0013522682644885782, 0.0011022950104980108, 0.0009344740725621758, 0.0008748623572869555, 0.0007446252222188912, 0.000753359515065285, 0.0006865471574902939, 0.0007565347637032566, 0.000422162564093244, 0.00034409946369534156, 0.0002987064288089373, 0.00021414822414723126, 0.00019337274385364568, 0.0001727417086650888, 0.00015364205555302526, 0.00010889901194176168, 9.712788548258887e-05, 6.135533215726121e-05, 7.073019739695177e-05, 6.783979218326273e-05, 5.285451176776874e-05, 4.454536931719957e-05, 2.907799608600301e-05, 2.47571777124078e-05, 2.11464511704918e-05, 1.6976909863984223e-05, 1.2602020763136979e-05, 1.2190112713982387e-05, 1.424635917249678e-05, 1.307020998279668e-05, 9.685411957541083e-06, 1.0061151098206188e-05, 7.636640448896701e-06, 4.561583640580207e-06, 3.836779701695749e-06, 2.811592842274628e-06, 2.150459477627391e-06, 1.8308905025766507e-06, 1.6089980118082071e-06, 1.1997235377776883e-06, 1.193183363378472e-06, 9.130207512824489e-07, 1.0134340355876567e-06, 8.529917464530442e-07, 6.628873463628159e-07, 4.6775292211281515e-07, 3.8499329712158655e-07, 3.724444336012472e-07, 3.420311777105858e-07, 3.135933710955605e-07, 1.9110562914055873e-07, 1.8986145146649975e-07, 1.715652930058222e-07, 1.4400796682766724e-07, 1.3991653694223776e-07, 9.895562458451584e-08, 1.307051704327758e-07, 7.368059536953122e-08, 5.923928405162841e-08, 4.680806416502097e-08, 3.1178864604213033e-08, 3.0193760979644566e-08, 2.053627456385003e-08, 1.888220295400937e-08, 1.5598936845054168e-08, 1.2210797632992363e-08, 1.4153297912135348e-08, 1.1761416726775993e-08, 9.902622521870874e-09, 8.934878219959237e-09, 6.776711839729323e-09, 7.453086199538764e-09, 5.284002569552577e-09, 4.2092779139304105e-09, 2.9833347796595975e-09, 2.381648897097299e-09, 2.0967809498326566e-09, 2.2050239733965583e-09, 1.8474256466558777e-09, 1.3565168997683456e-09, 1.1639122021447067e-09, 1.2146571785565424e-09, 8.962990759365481e-10, 7.354203257462637e-10, 4.5235514319922275e-10, 3.9207234550358055e-10, 3.578019393405432e-10, 2.864769302276884e-10, 2.3763076073046346e-10, 2.183485979126606e-10, 1.749169427750196e-10], 'preconditioner metadata': [{}, {}, {}, {}, {}, {}, {}, {}, {}, {}, {}, {}, {}, {}, {}, {}, {}, {}, {}, {}, {}, {}, {}, {}, {}, {}, {}, {}, {}, {}, {}, {}, {}, {}, {}, {}, {}, {}, {}, {}, {}, {}, {}, {}, {}, {}, {}, {}, {}, {}, {}, {}, {}, {}, {}, {}, {}, {}, {}, {}, {}, {}, {}, {}, {}, {}, {}, {}, {}, {}, {}, {}, {}, {}, {}, {}, {}, {}, {}, {}, {}, {}, {}, {}, {}, {}, {}, {}, {}, {}, {}, {}, {}, {}, {}, {}, {}, {}, {}, {}, {}, {}, {}, {}, {}, {}, {}, {}, {}, {}, {}, {}, {}, {}, {}, {}, {}, {}, {}, {}, {}, {}, {}, {}, {}, {}, {}, {}, {}, {}]}",1.7534499633834543e-10,,"[496.6642761230469, 494.5476379394531, 495.6712951660156, 495.23297119140625, 494.45465087890625, 494.85760498046875, 494.7940368652344, 494.7754821777344, 496.7635803222656, 495.0635070800781]",[366.9222106933594],[1728.9749755859375],[2196.425537109375],[2.76963210105896],[12.629023551940918],
2026-10-05T09:43:47.145772+00:00,continuous coefficient 2D,3,"uniform(2D,9)",S9,S8,S8,"CG(AdditiveSchwarz(torch.float64, Inv(torch.float16), CUDSS, const_dofs_per_coarse=False), bsr_matmul=True)",False,0,1,10,5242880,209510400,"{'iterations': 154, 'residual norms': [0.18571504386934493, 11.459594256816258, 9.495596339705992, 14.638979313265818, 11.723654703293038, 9.862864389107106, 10.715280587062976, 11.317704677908361, 7.519022458064343, 8.73363253749059, 5.526555076941464, 3.6087166468035283, 2.926962585593965, 2.814678320697184, 1.9412739565236554, 1.7450154780854428, 1.4506577701310825, 1.1211456469174752, 0.599359632032821, 0.4793872952263566, 0.3769463508239224, 0.25379184594882936, 0.17300586907628632, 0.13715288028450098, 0.07678417723803402, 0.07916546464717218, 0.11313732224805162, 0.1341147709282464, 0.08938218589190967, 0.09466873371578578, 0.05417042622114536, 0.028047597842832128, 0.015456958924562728, 0.018647571415742224, 0.02227566406656025, 0.014982557340512022, 0.014733006731644037, 0.019110091826526197, 0.02273659302907765, 0.01952294231136818, 0.015394555392112007, 0.009946147892522432, 0.00600994442545752, 0.007843808006950817, 0.006064067331438417, 0.005478134063336501, 0.00408769972476418, 0.0035179990493857216, 0.0019562273580782433, 0.002276939492111683, 0.001589832216940117, 0.001170029001116154, 0.000823609588014109, 0.0007766771655316474, 0.0006126044808411736, 0.0005060112223205778, 0.00035242147625818226, 0.00029230923271370105, 0.00023891536195698776, 0.00018619617652498128, 0.0002221950691145022, 0.00022466952742702508, 0.00019957738223847925, 0.00016319126523095707, 0.00016491917886018794, 0.00014231216637457624, 0.0001535521617468976, 0.00012543655903005799, 0.00014577444286539078, 9.518198755318819e-05, 7.481045020672983e-05, 5.783519854226641e-05, 5.824281043960746e-05, 4.552938755512791e-05, 5.29697624507845e-05, 5.685420523645032e-05, 3.63722990651268e-05, 2.617077246980422e-05, 2.6878646663777792e-05, 1.3754476556117633e-05, 1.4082532612818327e-05, 1.802649367772667e-05, 1.586754418571387e-05, 1.2116837629369705e-05, 1.0121849310036782e-05, 8.273138480536342e-06, 5.846423899057113e-06, 4.537955799729588e-06, 3.1312637042132016e-06, 1.7631500794091372e-06, 1.3934552764109643e-06, 1.3472309178015858e-06, 1.2193958751855615e-06, 9.501994326984674e-07, 7.937975068759817e-07, 8.265614262819509e-07, 8.043188516652401e-07, 9.710772475164585e-07, 9.579038185760388e-07, 9.174949021534142e-07, 7.642596270436672e-07, 5.555960494730423e-07, 4.2954829016288324e-07, 3.4537748708447007e-07, 3.077862482096202e-07, 2.76240634444171e-07, 2.5510016017459885e-07, 1.9992939791656787e-07, 2.1277763856401487e-07, 1.4106895099338963e-07, 1.3665296501542336e-07, 1.3701688401158457e-07, 1.1897349798540979e-07, 8.533451446766594e-08, 6.669767857387717e-08, 5.274389198438625e-08, 5.5605348241687655e-08, 5.319929307164161e-08, 4.318390351562638e-08, 4.1091781609243364e-08, 2.8479590029786856e-08, 1.9517624369083432e-08, 1.6098899243890473e-08, 1.4947656912742897e-08, 1.0105946256081323e-08, 9.417778538706065e-09, 9.249190372997088e-09, 7.174921043321583e-09, 5.539202514150367e-09, 5.481690846981108e-09, 4.723450421256513e-09, 3.823406263388694e-09, 4.481222089819036e-09, 4.350305477237106e-09, 3.870898137939115e-09, 4.067305562533462e-09, 4.5269025991654676e-09, 3.471824625113828e-09, 3.1189244568180846e-09, 2.0251659848701853e-09, 1.6225584361763418e-09, 1.0023344366129499e-09, 9.493856041908157e-10, 9.004153716571529e-10, 7.19893111617252e-10, 6.292183238964646e-10, 5.592183810257566e-10, 4.5178682622960157e-10, 3.519486549655317e-10, 3.5897865841505304e-10, 3.8247001845741767e-10, 2.8952606774373987e-10, 2.41957605653748e-10, 2.0660750658053137e-10, 1.680602152074749e-10], 'preconditioner metadata': [{}, {}, {}, {}, {}, {}, {}, {}, {}, {}, {}, {}, {}, {}, {}, {}, {}, {}, {}, {}, {}, {}, {}, {}, {}, {}, {}, {}, {}, {}, {}, {}, {}, {}, {}, {}, {}, {}, {}, {}, {}, {}, {}, {}, {}, {}, {}, {}, {}, {}, {}, {}, {}, {}, {}, {}, {}, {}, {}, {}, {}, {}, {}, {}, {}, {}, {}, {}, {}, {}, {}, {}, {}, {}, {}, {}, {}, {}, {}, {}, {}, {}, {}, {}, {}, {}, {}, {}, {}, {}, {}, {}, {}, {}, {}, {}, {}, {}, {}, {}, {}, {}, {}, {}, {}, {}, {}, {}, {}, {}, {}, {}, {}, {}, {}, {}, {}, {}, {}, {}, {}, {}, {}, {}, {}, {}, {}, {}, {}, {}, {}, {}, {}, {}, {}, {}, {}, {}, {}, {}, {}, {}, {}, {}, {}, {}, {}, {}, {}, {}, {}, {}, {}, {}]}",1.6860067620949351e-10,,"[526.9868774414062, 528.6177368164062, 526.2304077148438, 526.3819580078125, 528.7571411132812, 527.4647827148438, 526.6812744140625, 526.4854125976562, 526.434814453125, 526.7655639648438]",[471.958251953125],[1721.068603515625],[1892.5401611328125],[13.716383934020996],[13.46281623840332],
2026-10-05T09:43:57.227778+00:00,continuous coefficient 2D,3,"uniform(2D,9)",S9,S8,S8,"CG(HybridSchwarz(torch.float64, Inv(torch.float16), CUDSS), bsr_matmul=True)",False,0,1,10,5242880,209510400,"{'iterations': 131, 'residual norms': [11.457752084391139, 9.168524755068615, 14.894358486877653, 8.597506566805377, 10.825956958657592, 10.043115884733346, 7.298085401430185, 6.1094264928219, 4.087741744284241, 2.6478963895620105, 1.9245724557682942, 1.354241034193048, 1.0570645940849632, 0.8472612884300443, 0.5038848703671605, 0.35245792873148, 0.23714343188566642, 0.18621428697809483, 0.10420443656895752, 0.07027047467268899, 0.08280487937344794, 0.11335652571622744, 0.08380795626621186, 0.07694618961516274, 0.045415601055948725, 0.020506944621661298, 0.025768799765541278, 0.018699334818545486, 0.013579838114994164, 0.018967608017701247, 0.01640909740231684, 0.014090301506038386, 0.007610973677129516, 0.007668384575749457, 0.010703310963407008, 0.00719379568157934, 0.006520269224790873, 0.0034039498405194573, 0.0022830330022139416, 0.0018535112881208529, 0.0013647706245890575, 0.0011443951547617439, 0.0009162120575286412, 0.0008775198131895162, 0.0007308607050641002, 0.0007374437842039017, 0.0007050824311321689, 0.0007464010969520531, 0.000433432800600367, 0.00034772090997785873, 0.0002943533967127966, 0.0002154429578615043, 0.0001892064965750085, 0.0001733897683008458, 0.00015638231552265273, 0.00010957655547771769, 9.885554486128814e-05, 6.138455090672588e-05, 6.84774838003825e-05, 6.95556846756904e-05, 5.286568160371853e-05, 4.431207771375077e-05, 2.9607229163103908e-05, 2.4259030442973178e-05, 2.140094939374392e-05, 1.6963302959343312e-05, 1.2770133118115084e-05, 1.2496471436118557e-05, 1.3403672190971415e-05, 1.3416265907739985e-05, 9.683254041589979e-06, 1.003298168526712e-05, 7.978140557161917e-06, 4.591663362694217e-06, 3.866250311782191e-06, 2.914823258289371e-06, 2.1164677015402673e-06, 1.861106181040688e-06, 1.603325434482183e-06, 1.214209453175745e-06, 1.1696677610560685e-06, 9.253224218024575e-07, 9.89954522152645e-07, 8.541597786000522e-07, 7.297911035273211e-07, 4.5895711564580883e-07, 3.923679886091774e-07, 3.640459120737832e-07, 3.329430628044647e-07, 3.217805977039554e-07, 1.9938641065452397e-07, 1.8544250095127347e-07, 1.7535643887585814e-07, 1.4894532049296535e-07, 1.3739628693013344e-07, 1.0681055283545033e-07, 1.1148567359329113e-07, 8.904641319748173e-08, 5.4050241504786583e-08, 4.879998950414297e-08, 3.332337192852602e-08, 2.7764337328799467e-08, 2.4160610204961193e-08, 1.786853187253487e-08, 1.6883298801554e-08, 1.3223902607838296e-08, 1.2954855735798595e-08, 1.3583160407487687e-08, 9.904361895302734e-09, 9.127065773343007e-09, 7.478853690334325e-09, 7.013763070454269e-09, 6.141264565680687e-09, 4.575584484445212e-09, 3.0311698888582196e-09, 2.6181017837540318e-09, 2.0916727103128918e-09, 2.1428844740853754e-09, 2.030513642690458e-09, 1.4331496547968262e-09, 1.1663512458497956e-09, 1.19256336173392e-09, 9.622611876103423e-10, 7.785768181059784e-10, 4.939122568257256e-10, 4.233061888836194e-10, 3.277500121644374e-10, 3.265130972809769e-10, 2.2726149062507763e-10, 2.311090534801886e-10, 1.893592640072695e-10, 1.6262325500143552e-10], 'preconditioner metadata': [{}, {}, {}, {}, {}, {}, {}, {}, {}, {}, {}, {}, {}, {}, {}, {}, {}, {}, {}, {}, {}, {}, {}, {}, {}, {}, {}, {}, {}, {}, {}, {}, {}, {}, {}, {}, {}, {}, {}, {}, {}, {}, {}, {}, {}, {}, {}, {}, {}, {}, {}, {}, {}, {}, {}, {}, {}, {}, {}, {}, {}, {}, {}, {}, {}, {}, {}, {}, {}, {}, {}, {}, {}, {}, {}, {}, {}, {}, {}, {}, {}, {}, {}, {}, {}, {}, {}, {}, {}, {}, {}, {}, {}, {}, {}, {}, {}, {}, {}, {}, {}, {}, {}, {}, {}, {}, {}, {}, {}, {}, {}, {}, {}, {}, {}, {}, {}, {}, {}, {}, {}, {}, {}, {}, {}, {}, {}, {}, {}, {}, {}]}",1.6310338901462946e-10,,"[469.32647705078125, 467.67926025390625, 467.7767028808594, 468.3642272949219, 468.1473388671875, 470.6309509277344, 468.1346435546875, 467.7618408203125, 468.1741638183594, 467.5906982421875]",[369.2679138183594],[2132.057373046875],[2226.368408203125],[14.233535766601562],[13.482239723205566],
2026-10-05T09:44:07.323816+00:00,continuous coefficient 2D,3,"uniform(2D,9)",S9,S8,S8,"CG(AdditiveSchwarz(torch.float64, Inv(torch.bfloat16), CUDSS, const_dofs_per_coarse=False), bsr_matmul=True)",False,0,1,10,5242880,209510400,"{'iterations': 155, 'residual norms': [0.18571504386934493, 11.45959399171367, 9.49676712724079, 14.63805620308853, 11.727801202945606, 9.861979577063808, 10.715968383455834, 11.320963208264645, 7.5362783912612175, 8.740854772355103, 5.523518391672611, 3.605320528559445, 3.0058816144426816, 2.861256173499368, 1.9136577249291111, 1.766799700254747, 1.4928864555040222, 1.1536266541317055, 0.6127690320974459, 0.5022576583982276, 0.4054031096053914, 0.24908736000611212, 0.18698410998742016, 0.13868516594948133, 0.07896902254942102, 0.07807633631707278, 0.11019956749990178, 0.1240623269163266, 0.10236679009585553, 0.08670054324978065, 0.05747990196394552, 0.0323850061017351, 0.016200103850347775, 0.016994356158402054, 0.0226745986777357, 0.01610138971241099, 0.01367954110048007, 0.018763471630855746, 0.021149568713561634, 0.02055312706669522, 0.01583368818902101, 0.011169242073559233, 0.006322343612776838, 0.007244744831737592, 0.006248033924253639, 0.005776201100815324, 0.004260993676056527, 0.0036511105864330557, 0.0021518956696854933, 0.002142740836707483, 0.0017764146256725344, 0.0012816216904572993, 0.0009215283528691219, 0.0007444356399643488, 0.0006820225882799641, 0.0005343062539111603, 0.0003735613069323072, 0.00030743378427524134, 0.0002514446932125119, 0.00019246200195745787, 0.00020525395279549614, 0.00022796118247003026, 0.00019619545437485412, 0.0001817353028145722, 0.00015897825728214816, 0.00015112982872319714, 0.00014523977872240036, 0.00013314789838055595, 0.00013900855580788703, 0.00011575239796349839, 8.644103370701105e-05, 5.961185092003887e-05, 6.453048031542556e-05, 4.4061340367656996e-05, 4.9222159863249026e-05, 5.568306685769915e-05, 4.7972690102868704e-05, 2.8502330653390138e-05, 2.723960010349713e-05, 1.8320840932117016e-05, 1.4683574828230998e-05, 1.4421848812977121e-05, 1.6460871313783976e-05, 1.5482681609062146e-05, 1.1451991744504481e-05, 8.79295911212519e-06, 7.590396455275685e-06, 5.331467299990009e-06, 4.1713418499661426e-06, 2.8627741562955478e-06, 1.9035918067707974e-06, 1.5578713280003762e-06, 1.4474012882065716e-06, 1.324484600991161e-06, 8.441333154051089e-07, 8.371528700804353e-07, 8.159660575894278e-07, 8.655648295291672e-07, 7.906815871735139e-07, 9.433252558853167e-07, 8.915401956420787e-07, 6.613397822917943e-07, 6.763878722882373e-07, 4.6102120192092445e-07, 3.952611678370403e-07, 3.6235854270916227e-07, 3.197712417436153e-07, 2.4890565165812355e-07, 2.3300203006631094e-07, 1.672694549424152e-07, 1.4467194337831056e-07, 1.4001546608446805e-07, 1.2443496256268373e-07, 1.1038572287820405e-07, 9.257632412404491e-08, 7.238723005235935e-08, 6.899699460618629e-08, 6.265281415602023e-08, 5.263560622351397e-08, 4.6851047215119984e-08, 3.853659899844994e-08, 2.9778479828568556e-08, 2.273378481677625e-08, 1.9493800271790067e-08, 1.4862869497862852e-08, 1.2311792660712537e-08, 1.2057430623172818e-08, 1.0464661213565019e-08, 7.3546577345721415e-09, 6.176377273912221e-09, 6.005727593302375e-09, 4.840147094959231e-09, 4.311350606162663e-09, 4.184695754551667e-09, 4.115269066957008e-09, 3.56683012056813e-09, 3.739565878070405e-09, 4.1610475877847975e-09, 3.6910345502598307e-09, 3.007271650122638e-09, 2.7633386000014795e-09, 2.2574018205092185e-09, 1.725903462500856e-09, 1.7521460392517297e-09, 1.3564280375910623e-09, 1.0542127806921363e-09, 8.176421461964536e-10, 6.523668634756893e-10, 4.5926413196143204e-10, 3.607335245313482e-10, 4.429422178764005e-10, 3.5557621205498366e-10, 3.0789130467489044e-10, 2.9640649383766603e-10, 2.49731470078056e-10, 1.8422516958632828e-10], 'preconditioner metadata': [{}, {}, {}, {}, {}, {}, {}, {}, {}, {}, {}, {}, {}, {}, {}, {}, {}, {}, {}, {}, {}, {}, {}, {}, {}, {}, {}, {}, {}, {}, {}, {}, {}, {}, {}, {}, {}, {}, {}, {}, {}, {}, {}, {}, {}, {}, {}, {}, {}, {}, {}, {}, {}, {}, {}, {}, {}, {}, {}, {}, {}, {}, {}, {}, {}, {}, {}, {}, {}, {}, {}, {}, {}, {}, {}, {}, {}, {}, {}, {}, {}, {}, {}, {}, {}, {}, {}, {}, {}, {}, {}, {}, {}, {}, {}, {}, {}, {}, {}, {}, {}, {}, {}, {}, {}, {}, {}, {}, {}, {}, {}, {}, {}, {}, {}, {}, {}, {}, {}, {}, {}, {}, {}, {}, {}, {}, {}, {}, {}, {}, {}, {}, {}, {}, {}, {}, {}, {}, {}, {}, {}, {}, {}, {}, {}, {}, {}, {}, {}, {}, {}, {}, {}, {}, {}]}",1.8469766567714515e-10,,"[530.4740600585938, 529.6388549804688, 533.0142211914062, 530.0413208007812, 529.9601440429688, 532.7302856445312, 530.2512817382812, 530.0588989257812, 530.1062622070312, 530.134765625]",[471.86676025390625],[1738.1280517578125],[1893.48779296875],[13.092191696166992],[13.079423904418945],
2026-10-05T09:44:17.040794+00:00,continuous coefficient 2D,3,"uniform(2D,9)",S9,S8,S8,"CG(HybridSchwarz(torch.float64, Inv(torch.bfloat16), CUDSS), bsr_matmul=True)",False,0,1,10,5242880,209510400,"{'iterations': 132, 'residual norms': [11.457752084391133, 9.169682644569267, 14.89481686164423, 8.600820505076886, 10.832487975116521, 10.057437557740919, 7.304491064634679, 6.148970448626023, 4.0960335698825965, 2.651953598504311, 1.9280409863984875, 1.359440592082255, 1.081060664834797, 0.9347249670212517, 0.5143828870196644, 0.3575819934424515, 0.25734070251240426, 0.19017853460687356, 0.10936366537815793, 0.07490865162624516, 0.07999253273123381, 0.11160258625307276, 0.08467100677526841, 0.08531322436018365, 0.04915336096477928, 0.020649489940071146, 0.025379810024996913, 0.01979090504540982, 0.014845042939955281, 0.018546656198911347, 0.01508675576286806, 0.01493995420649788, 0.008314220876686486, 0.007407272735083065, 0.009611935779477308, 0.00746792850232035, 0.006721077889157634, 0.003940506862488409, 0.002503526818987156, 0.0018428085778046865, 0.001543777168325911, 0.0011787778961844856, 0.000884795170963751, 0.0008831339970043692, 0.0007164143864581135, 0.0007243393884978258, 0.000808709934184466, 0.0007297548468770488, 0.0005229129249798772, 0.00039479499753914413, 0.0002932811546546361, 0.0002497501150978588, 0.00020877910589165092, 0.00017146071364287896, 0.00018266503885575578, 0.00012035510407816572, 9.927428742861015e-05, 7.592077313658503e-05, 6.052635009563317e-05, 7.713712729484432e-05, 5.988845768990712e-05, 4.4178782487992766e-05, 3.7038734152894036e-05, 2.4460609432080653e-05, 2.435632468085508e-05, 1.88992735789263e-05, 1.4364879559394734e-05, 1.3126274885961501e-05, 1.1861640696806851e-05, 1.3489450950390317e-05, 1.0989811197840394e-05, 1.0200454830221043e-05, 8.824587163426169e-06, 6.886333858492766e-06, 4.226992168601435e-06, 3.69138236373983e-06, 2.5975503872794845e-06, 2.0180939439270064e-06, 1.7782659805022167e-06, 1.292712416909865e-06, 1.2673833914815271e-06, 1.0158596873702373e-06, 9.68099902818739e-07, 9.316634212347349e-07, 8.643703786813182e-07, 5.838862579595238e-07, 4.454842289469086e-07, 3.8734743205846236e-07, 3.3478423026627913e-07, 3.4721380898444175e-07, 2.760623637859251e-07, 1.943773284709185e-07, 1.9152513867982895e-07, 1.5783600149374214e-07, 1.498358500497533e-07, 1.2759241407696633e-07, 1.0972097961977477e-07, 1.0966395354665044e-07, 6.91127270091593e-08, 5.958685447305274e-08, 4.4732143645142706e-08, 3.423870272774824e-08, 2.5010489482774598e-08, 2.3392163216168053e-08, 1.773726178052388e-08, 1.5119800866573208e-08, 1.3622939080887024e-08, 1.1446036359271998e-08, 1.2292787711169944e-08, 1.039459926348706e-08, 8.518340196684109e-09, 8.563716341450567e-09, 6.260817114669437e-09, 5.835456498664981e-09, 4.259729162462506e-09, 3.212560201491947e-09, 2.6298202386351017e-09, 1.9867901321700123e-09, 2.138405408913963e-09, 1.9390933234550756e-09, 1.4497149833986291e-09, 1.3015680155067642e-09, 1.0613799502544698e-09, 9.240594353704166e-10, 7.699736143711208e-10, 5.618690983656129e-10, 4.277205897216585e-10, 3.5776789996485485e-10, 2.7629923409251977e-10, 2.4696068621774277e-10, 2.346789376582093e-10, 1.8639368755795675e-10, 1.5844408392523839e-10], 'preconditioner metadata': [{}, {}, {}, {}, {}, {}, {}, {}, {}, {}, {}, {}, {}, {}, {}, {}, {}, {}, {}, {}, {}, {}, {}, {}, {}, {}, {}, {}, {}, {}, {}, {}, {}, {}, {}, {}, {}, {}, {}, {}, {}, {}, {}, {}, {}, {}, {}, {}, {}, {}, {}, {}, {}, {}, {}, {}, {}, {}, {}, {}, {}, {}, {}, {}, {}, {}, {}, {}, {}, {}, {}, {}, {}, {}, {}, {}, {}, {}, {}, {}, {}, {}, {}, {}, {}, {}, {}, {}, {}, {}, {}, {}, {}, {}, {}, {}, {}, {}, {}, {}, {}, {}, {}, {}, {}, {}, {}, {}, {}, {}, {}, {}, {}, {}, {}, {}, {}, {}, {}, {}, {}, {}, {}, {}, {}, {}, {}, {}, {}, {}, {}, {}]}",1.589206533403108e-10,,"[473.6855163574219, 471.1572265625, 471.20904541015625, 471.4283447265625, 471.8843078613281, 471.64532470703125, 471.536865234375, 471.5584716796875, 471.1466369628906, 474.32476806640625]",[366.23651123046875],[1748.997314453125],[2216.794189453125],[2.7100799083709717],[13.453856468200684],
2026-10-05T09:44:27.169297+00:00,continuous coefficient 2D,3,"uniform(2D,9)",S9,S8,S8,"CG(AdditiveSchwarz(torch.float32, Inv(), CUDSS, const_dofs_per_coarse=False), bsr_matmul=True)",False,0,1,10,5242880,209510400,"{'iterations': 153, 'residual norms': [0.18571504386934493, 11.459597557075563, 9.495572745877634, 14.638968364072719, 11.723491265569937, 9.862894977042188, 10.715266057225778, 11.317630337677933, 7.518656741408705, 8.732592082851568, 5.526116296855602, 3.6086825714148154, 2.925274050201691, 2.811328474978048, 1.941828371562525, 1.7436794981037151, 1.4468225808708668, 1.1150994156320984, 0.5972480587505186, 0.4725092886904767, 0.35028397259742583, 0.2605269847691693, 0.16399916567487244, 0.12355485687112487, 0.07751179920549553, 0.08077488400211415, 0.11131544197339507, 0.13388333457304577, 0.089188005713436, 0.09214157418724696, 0.052219207660230145, 0.026795935688892464, 0.015003172439848356, 0.019736541515510332, 0.02206815397615551, 0.014271916279222708, 0.015518639017022376, 0.019273693540928748, 0.022956842829117027, 0.019121754449322348, 0.01519128387979786, 0.00915185185825589, 0.0060980761592375745, 0.007820078088133224, 0.0060191917271871405, 0.005197057145953579, 0.004114029690735658, 0.0033268558937973717, 0.0019451941834659526, 0.0023027579872292184, 0.001504501339669988, 0.0011652329574511709, 0.0007854630953823042, 0.0007931695096018494, 0.000588062370532906, 0.0004980624438852453, 0.0003448644727127102, 0.0002900672265687233, 0.00023029489434675182, 0.0001864128216506373, 0.00022671851367794848, 0.00022312224165430182, 0.00019948481148486372, 0.00015914692559180699, 0.0001679340879046562, 0.00013625666778646845, 0.00016251743559604043, 0.00012255502782295254, 0.00014920138130094339, 8.82230788028567e-05, 7.496421406020977e-05, 5.594808136044263e-05, 5.755156401557048e-05, 4.540383811984314e-05, 5.5284864752088365e-05, 5.462895077017386e-05, 3.221211554392386e-05, 2.7929058240941817e-05, 2.413267639758526e-05, 1.3179856719412547e-05, 1.4774001770445333e-05, 1.8681904464201786e-05, 1.5175640273256727e-05, 1.191211786169191e-05, 9.91792726445298e-06, 7.978268849244003e-06, 5.6845141567959345e-06, 4.460361798392841e-06, 2.8929569184241643e-06, 1.6158335557059942e-06, 1.4109788560903198e-06, 1.3671895539618818e-06, 1.1832028696269838e-06, 8.758591879797364e-07, 8.533326754053416e-07, 7.716702242338249e-07, 8.477122585813293e-07, 1.00132198366069e-06, 9.707489854063763e-07, 8.624947256307591e-07, 7.616968215016895e-07, 5.322847315143417e-07, 3.902750872723526e-07, 3.530545465444609e-07, 2.9557901899482054e-07, 2.6622452075144824e-07, 2.583128500869338e-07, 1.9488228674421134e-07, 1.9993296898742645e-07, 1.429093357855068e-07, 1.326443652272948e-07, 1.3593445496003382e-07, 1.205709074331881e-07, 7.528782770223233e-08, 6.2821679695777e-08, 5.4233291174698974e-08, 5.503923794922378e-08, 5.0113687594613977e-08, 4.44123606901696e-08, 3.915720132490354e-08, 2.5532021823387437e-08, 1.9103739910727737e-08, 1.58217862143888e-08, 1.3924399865227757e-08, 9.645228771425146e-09, 9.866438924765316e-09, 8.923657067127701e-09, 6.78251534508688e-09, 5.588444094173105e-09, 5.485319985869503e-09, 4.474316414052789e-09, 3.8378122184850555e-09, 4.8756431154916e-09, 4.202117945398966e-09, 3.761777212679153e-09, 4.648737833834141e-09, 4.443369030089647e-09, 3.16355729546842e-09, 3.1538041938161252e-09, 1.9057293660204168e-09, 1.300412877458265e-09, 9.481837684268604e-10, 9.8457859410909e-10, 7.882523415435722e-10, 6.702431160606657e-10, 6.673388006035786e-10, 4.893150578567142e-10, 4.0877742918074397e-10, 3.65503382352688e-10, 3.7230547658904615e-10, 3.3320028331491266e-10, 2.9689708274199387e-10, 2.1180571784168436e-10, 1.7772742515766083e-10], 'preconditioner metadata': [{}, {}, {}, {}, {}, {}, {}, {}, {}, {}, {}, {}, {}, {}, {}, {}, {}, {}, {}, {}, {}, {}, {}, {}, {}, {}, {}, {}, {}, {}, {}, {}, {}, {}, {}, {}, {}, {}, {}, {}, {}, {}, {}, {}, {}, {}, {}, {}, {}, {}, {}, {}, {}, {}, {}, {}, {}, {}, {}, {}, {}, {}, {}, {}, {}, {}, {}, {}, {}, {}, {}, {}, {}, {}, {}, {}, {}, {}, {}, {}, {}, {}, {}, {}, {}, {}, {}, {}, {}, {}, {}, {}, {}, {}, {}, {}, {}, {}, {}, {}, {}, {}, {}, {}, {}, {}, {}, {}, {}, {}, {}, {}, {}, {}, {}, {}, {}, {}, {}, {}, {}, {}, {}, {}, {}, {}, {}, {}, {}, {}, {}, {}, {}, {}, {}, {}, {}, {}, {}, {}, {}, {}, {}, {}, {}, {}, {}, {}, {}, {}, {}, {}, {}]}",1.7822055184462561e-10,,"[530.9639892578125, 530.1144409179688, 530.4014282226562, 532.9659423828125, 530.6221923828125, 530.4798583984375, 530.7880249023438, 531.307861328125, 530.4490356445312, 531.2876586914062]",[473.61529541015625],[1749.6033935546875],[1907.835205078125],[14.789504051208496],[13.640480041503906],
2026-10-05T09:44:36.772595+00:00,continuous coefficient 2D,3,"uniform(2D,9)",S9,S8,S8,"CG(HybridSchwarz(torch.float32, Inv(), CUDSS), bsr_matmul=True)",False,0,1,10,5242880,209510400,"{'iterations': 130, 'residual norms': [11.457593057248918, 9.168540875213248, 14.89434552648011, 8.597591672507258, 10.82658182331362, 10.042538989708357, 7.297823821883974, 6.108930500679255, 4.087598844367859, 2.6478891286333046, 1.9245078768446007, 1.3541470199910688, 1.0566972785940376, 0.8455483262507613, 0.5033597577429657, 0.3522036343190711, 0.2362130331864336, 0.18563429415947863, 0.10369644555556548, 0.06963415058070282, 0.08272090775417859, 0.11309748414975036, 0.08363989923448623, 0.0736860545475694, 0.042090623348908555, 0.02058927011923772, 0.027070078017155906, 0.019350744670401286, 0.013561690727244826, 0.018739286997128353, 0.016664488387794208, 0.013981276875212039, 0.007488321263525235, 0.0077090248649365764, 0.010667469550097359, 0.007365345368738524, 0.006423476354285631, 0.003421778056847869, 0.0023004250109088147, 0.0018542389891759569, 0.0013522727168044026, 0.0011022788200611747, 0.0009344681903773961, 0.0008748330197113235, 0.0007445998426079555, 0.0007533524519045984, 0.00068655051124974, 0.0007565213608582691, 0.0004221489372679615, 0.0003441004278323395, 0.00029869222568916596, 0.00021415048159750146, 0.00019336385630495598, 0.00017274640264657533, 0.00015364533036327704, 0.00010889992391825678, 9.71346459142597e-05, 6.135595123871597e-05, 7.073200958785364e-05, 6.784069850469907e-05, 5.28521317179116e-05, 4.454466759842368e-05, 2.907818422499532e-05, 2.4755191618674154e-05, 2.1148000985203084e-05, 1.697674706264132e-05, 1.2600957342985091e-05, 1.2191020565951442e-05, 1.4245598518823373e-05, 1.3069631951553336e-05, 9.685447909530261e-06, 1.0061017124399904e-05, 7.636715267095679e-06, 4.561627105241894e-06, 3.836707590840439e-06, 2.811590885665808e-06, 2.15035802976645e-06, 1.8308874334042166e-06, 1.608975498196625e-06, 1.1997377019616977e-06, 1.1931746956008647e-06, 9.130321545147392e-07, 1.01341732117211e-06, 8.529675293328314e-07, 6.62923700050808e-07, 4.6770935114553484e-07, 3.850351091012269e-07, 3.724218212642096e-07, 3.420512170204811e-07, 3.135851154625162e-07, 1.910985725306877e-07, 1.8985328087533368e-07, 1.7156196690368282e-07, 1.4400335138923866e-07, 1.3991454379391993e-07, 9.895883287437451e-08, 1.3069554931159187e-07, 7.368429354542385e-08, 5.9234863715228195e-08, 4.680981888769072e-08, 3.1178428586475376e-08, 3.0193790072747946e-08, 2.0538119437488517e-08, 1.8881843204494598e-08, 1.5599052425277908e-08, 1.221128015957512e-08, 1.415232097895417e-08, 1.1763393153792844e-08, 9.901849334882387e-09, 8.936125231760973e-09, 6.777210085334129e-09, 7.452350701371099e-09, 5.284938936056666e-09, 4.208343122288282e-09, 2.9835894712206046e-09, 2.381025957590424e-09, 2.09691196367572e-09, 2.204596418972091e-09, 1.847498537696471e-09, 1.356660920999525e-09, 1.1638889890744319e-09, 1.2147674891020788e-09, 8.963158461078931e-10, 7.354684473158925e-10, 4.5243372426738594e-10, 3.9210321973458214e-10, 3.578323133185111e-10, 2.865334238699317e-10, 2.3761672375665696e-10, 2.1841113626172957e-10, 1.7490359953019245e-10], 'preconditioner metadata': [{}, {}, {}, {}, {}, {}, {}, {}, {}, {}, {}, {}, {}, {}, {}, {}, {}, {}, {}, {}, {}, {}, {}, {}, {}, {}, {}, {}, {}, {}, {}, {}, {}, {}, {}, {}, {}, {}, {}, {}, {}, {}, {}, {}, {}, {}, {}, {}, {}, {}, {}, {}, {}, {}, {}, {}, {}, {}, {}, {}, {}, {}, {}, {}, {}, {}, {}, {}, {}, {}, {}, {}, {}, {}, {}, {}, {}, {}, {}, {}, {}, {}, {}, {}, {}, {}, {}, {}, {}, {}, {}, {}, {}, {}, {}, {}, {}, {}, {}, {}, {}, {}, {}, {}, {}, {}, {}, {}, {}, {}, {}, {}, {}, {}, {}, {}, {}, {}, {}, {}, {}, {}, {}, {}, {}, {}, {}, {}, {}, {}]}",1.7533922137185627e-10,,"[465.0788879394531, 468.4513854980469, 464.9177551269531, 465.3312072753906, 464.77374267578125, 464.3948059082031, 466.5845947265625, 464.5486755371094, 464.6010437011719, 464.300537109375]",[315.9437561035156],[1769.8411865234375],[2217.48974609375],[2.4318718910217285],[13.276543617248535],
2026-10-05T09:44:46.491571+00:00,continuous coefficient 2D,3,"uniform(2D,9)",S9,S8,S8,"CG(AdditiveSchwarz(torch.float32, Inv(torch.float16), CUDSS, const_dofs_per_coarse=False), bsr_matmul=True)",False,0,1,10,5242880,209510400,"{'iterations': 154, 'residual norms': [0.18571504386934493, 11.459597691302601, 9.495600397574245, 14.638975105208589, 11.723666761446776, 9.862869530973091, 10.715261244095927, 11.317727030028683, 7.519066361228056, 8.733721737200664, 5.526423756293188, 3.6086891418814466, 2.92699727347353, 2.8146464837871434, 1.941239985622877, 1.7450182038318145, 1.4506573599356722, 1.1211489023667218, 0.5993595529039702, 0.47939194100667515, 0.3769626151981344, 0.2537846090210245, 0.17301213312743044, 0.1371520360425084, 0.0767834455496109, 0.0791652944546027, 0.11313764463961372, 0.134108373360775, 0.08938074837832505, 0.09467310918495979, 0.05417353540236399, 0.028047408558546046, 0.015457785698224978, 0.018646895956990497, 0.02227455789046462, 0.01498334174623778, 0.014732288444247564, 0.019108896393711498, 0.022735253015663898, 0.019524434143109323, 0.015395249556319044, 0.009946970748920264, 0.006009966692757659, 0.007843886444569317, 0.006064084577216532, 0.005478051936186798, 0.004087673142782504, 0.0035183409018244185, 0.0019562175533871283, 0.002276789214391897, 0.001589969008322124, 0.0011700051831778071, 0.0008236292173654247, 0.0007766595859180563, 0.0006126180860611623, 0.0005060177140922647, 0.0003524152012039845, 0.00029231818413836066, 0.00023892197190062978, 0.0001861913621054571, 0.00022219130401605075, 0.00022465593659070078, 0.0001995810242769917, 0.0001631987323216428, 0.00016490880527543297, 0.00014232293477072712, 0.0001535357402851213, 0.00012543569602659565, 0.00014578059849100424, 9.518577145754162e-05, 7.481258291501295e-05, 5.783473658874509e-05, 5.8245109901557095e-05, 4.5530059653593025e-05, 5.2967289035473286e-05, 5.685455147246575e-05, 3.63741331294631e-05, 2.616772120529663e-05, 2.687412244113358e-05, 1.3755089085495817e-05, 1.408091192387815e-05, 1.8024246763470364e-05, 1.586410346696923e-05, 1.211795162102128e-05, 1.0122119993143886e-05, 8.271447114621818e-06, 5.846140078180364e-06, 4.538159636566398e-06, 3.131437719609572e-06, 1.7628410063985766e-06, 1.3934319928787652e-06, 1.347296933411807e-06, 1.2193037075870994e-06, 9.50252445383292e-07, 7.937629454887204e-07, 8.267797949799961e-07, 8.042354796173566e-07, 9.711910832594e-07, 9.580627756461055e-07, 9.174350990626649e-07, 7.642539625148877e-07, 5.555988400273839e-07, 4.2958478676160206e-07, 3.4538096445468537e-07, 3.077686074425032e-07, 2.762396491453468e-07, 2.5511099277942655e-07, 1.9993287439039295e-07, 2.1276174208251718e-07, 1.4107032476800696e-07, 1.3664133274113083e-07, 1.3701094952122004e-07, 1.1896988228017828e-07, 8.534080809049376e-08, 6.669192907705266e-08, 5.274515492496749e-08, 5.5599956287704515e-08, 5.3198331039313546e-08, 4.3184719611499156e-08, 4.108354614783511e-08, 2.84795640516922e-08, 1.9517478586266534e-08, 1.6097505763088012e-08, 1.4947085163487644e-08, 1.0105494463951992e-08, 9.417366435664447e-09, 9.248837174335987e-09, 7.174667781573767e-09, 5.539791069992152e-09, 5.481317004543325e-09, 4.723743511123347e-09, 3.823846466773732e-09, 4.4806847581163675e-09, 4.350679505047155e-09, 3.870560569398464e-09, 4.06725846545496e-09, 4.526880896219965e-09, 3.4719087387271126e-09, 3.1190011402707658e-09, 2.0248476013789226e-09, 1.622644058018374e-09, 1.0025208199499613e-09, 9.492191262192221e-10, 9.004214844420165e-10, 7.19953972404723e-10, 6.29204801242751e-10, 5.591873046674008e-10, 4.518314961861718e-10, 3.519383868083985e-10, 3.589407349537706e-10, 3.824841599761906e-10, 2.895510425028146e-10, 2.4194274529038136e-10, 2.0658654934745778e-10, 1.6807489735804642e-10], 'preconditioner metadata': [{}, {}, {}, {}, {}, {}, {}, {}, {}, {}, {}, {}, {}, {}, {}, {}, {}, {}, {}, {}, {}, {}, {}, {}, {}, {}, {}, {}, {}, {}, {}, {}, {}, {}, {}, {}, {}, {}, {}, {}, {}, {}, {}, {}, {}, {}, {}, {}, {}, {}, {}, {}, {}, {}, {}, {}, {}, {}, {}, {}, {}, {}, {}, {}, {}, {}, {}, {}, {}, {}, {}, {}, {}, {}, {}, {}, {}, {}, {}, {}, {}, {}, {}, {}, {}, {}, {}, {}, {}, {}, {}, {}, {}, {}, {}, {}, {}, {}, {}, {}, {}, {}, {}, {}, {}, {}, {}, {}, {}, {}, {}, {}, {}, {}, {}, {}, {}, {}, {}, {}, {}, {}, {}, {}, {}, {}, {}, {}, {}, {}, {}, {}, {}, {}, {}, {}, {}, {}, {}, {}, {}, {}, {}, {}, {}, {}, {}, {}, {}, {}, {}, {}, {}, {}]}",1.685977433691528e-10,,"[498.6648864746094, 498.017578125, 497.7707214355469, 499.4779052734375, 497.6201477050781, 499.0522766113281, 497.5836486816406, 497.7366638183594, 498.1294250488281, 497.8446350097656]",[387.60577392578125],[1779.9493408203125],[1918.1351318359375],[2.959552049636841],[12.956928253173828],
2026-10-05T09:44:55.810614+00:00,continuous coefficient 2D,3,"uniform(2D,9)",S9,S8,S8,"CG(HybridSchwarz(torch.float32, Inv(torch.float16), CUDSS), bsr_matmul=True)",False,0,1,10,5242880,209510400,"{'iterations': 131, 'residual norms': [11.457594591097367, 9.168563455738836, 14.894356037650127, 8.597620994030997, 10.826581354574975, 10.042715191097695, 7.2978684047425775, 6.109385414100709, 4.087720168517815, 2.64798018606769, 1.924576827576182, 1.3542425574323438, 1.057070192745657, 0.8472755023533457, 0.503888135399174, 0.35246920176020097, 0.23714366943214332, 0.1862218767271653, 0.1042055428152691, 0.0702711194888154, 0.08280566014520004, 0.11335639970945563, 0.083808970020647, 0.0769488621817585, 0.04541811786601707, 0.020507480383473962, 0.02577008828565902, 0.018699601813761724, 0.013580257968208461, 0.01896813845841706, 0.016408925266435632, 0.014090513668339988, 0.007611176241705303, 0.007668517863885796, 0.01070415189482092, 0.007193958059695476, 0.006520492266077789, 0.0034039722702424867, 0.0022830642667417047, 0.0018534846923167528, 0.0013648153310236244, 0.001144435408590737, 0.000916226866225257, 0.0008775218535277729, 0.000730850994607183, 0.0007374480820913293, 0.0007050895223966689, 0.0007463959827193698, 0.0004334215520793269, 0.0003477265853318016, 0.00029434372608516077, 0.00021544661936482573, 0.0001891984138473516, 0.00017339416187030064, 0.00015638722292210657, 0.00010957922470589854, 9.886388345450823e-05, 6.138670426193859e-05, 6.848004505208027e-05, 6.955840816830628e-05, 5.286458100956509e-05, 4.431238845344202e-05, 2.9608348519708195e-05, 2.425764592641929e-05, 2.140261152889909e-05, 1.6963775206730998e-05, 1.2769243551302175e-05, 1.2497855834302318e-05, 1.3403906008579055e-05, 1.341590122739337e-05, 9.683499187036049e-06, 1.0032979662859568e-05, 7.978227630611201e-06, 4.591789564194943e-06, 3.866226707804114e-06, 2.9149035579391913e-06, 2.116436161253366e-06, 1.8611521572885139e-06, 1.6033543770265432e-06, 1.2142437126372795e-06, 1.1696742468972226e-06, 9.253382936247983e-07, 9.899621638960113e-07, 8.541577515633742e-07, 7.29839225313313e-07, 4.589283438242239e-07, 3.923833121463886e-07, 3.64043699910461e-07, 3.3294004144001356e-07, 3.217719276052909e-07, 1.9938040103246789e-07, 1.8543798206990823e-07, 1.753608351488346e-07, 1.4894388756245076e-07, 1.3739665034362115e-07, 1.0681511014375432e-07, 1.1148242068822316e-07, 8.905163775032625e-08, 5.405150880807332e-08, 4.880159958403957e-08, 3.332518234069929e-08, 2.7763880738000905e-08, 2.416152201219964e-08, 1.786851994091326e-08, 1.688257888895908e-08, 1.3223527951496003e-08, 1.2954937343846994e-08, 1.358287344899826e-08, 9.904213590754183e-09, 9.126850657486865e-09, 7.47892736280014e-09, 7.013997676590327e-09, 6.141229743244619e-09, 4.575620929081621e-09, 3.0311882485165657e-09, 2.617994275850601e-09, 2.091783851621298e-09, 2.1428743144331794e-09, 2.030619480497515e-09, 1.4331596426231213e-09, 1.166382002090383e-09, 1.1926079230468934e-09, 9.622730904574507e-10, 7.785922148924194e-10, 4.939136584195944e-10, 4.233142383902536e-10, 3.277430277542963e-10, 3.2652244928376554e-10, 2.2724568339631388e-10, 2.3110321114711542e-10, 1.8934935221595686e-10, 1.626145177641947e-10], 'preconditioner metadata': [{}, {}, {}, {}, {}, {}, {}, {}, {}, {}, {}, {}, {}, {}, {}, {}, {}, {}, {}, {}, {}, {}, {}, {}, {}, {}, {}, {}, {}, {}, {}, {}, {}, {}, {}, {}, {}, {}, {}, {}, {}, {}, {}, {}, {}, {}, {}, {}, {}, {}, {}, {}, {}, {}, {}, {}, {}, {}, {}, {}, {}, {}, {}, {}, {}, {}, {}, {}, {}, {}, {}, {}, {}, {}, {}, {}, {}, {}, {}, {}, {}, {}, {}, {}, {}, {}, {}, {}, {}, {}, {}, {}, {}, {}, {}, {}, {}, {}, {}, {}, {}, {}, {}, {}, {}, {}, {}, {}, {}, {}, {}, {}, {}, {}, {}, {}, {}, {}, {}, {}, {}, {}, {}, {}, {}, {}, {}, {}, {}, {}, {}]}",1.6308132971498853e-10,,"[437.6410217285156, 437.572998046875, 438.23828125, 437.71881103515625, 437.6112976074219, 437.7370300292969, 437.4150695800781, 437.3934326171875, 437.205078125, 437.7216491699219]",[327.9378967285156],[1758.5570068359375],[2240.357666015625],[3.21126389503479],[2.5680320262908936],
2026-10-05T09:45:05.522134+00:00,continuous coefficient 2D,3,"uniform(2D,9)",S9,S8,S8,"CG(AdditiveSchwarz(torch.float32, Inv(torch.bfloat16), CUDSS, const_dofs_per_coarse=False), bsr_matmul=True)",False,0,1,10,5242880,209510400,"{'iterations': 155, 'residual norms': [0.18571504386934493, 11.459598241120556, 9.496771174067703, 14.63805340111503, 11.727813734899138, 9.861984258038566, 10.715948685860072, 11.320988251231153, 7.5363255043601445, 8.74093918505747, 5.5233830737859835, 3.6053017737196176, 3.005925852498484, 2.8612064070126175, 1.9136490839742308, 1.7668055201928905, 1.4928794992340642, 1.153628475524296, 0.612770372595693, 0.5022595519413455, 0.4054058477598003, 0.24908718881426653, 0.18698593713813466, 0.13868334786793277, 0.07896892842978429, 0.07807551714903568, 0.11019679887876921, 0.12406114408245601, 0.10236287327424667, 0.08669965814637369, 0.057481407583749505, 0.032384403458124704, 0.016200040598666005, 0.01699415354580174, 0.022673795491908844, 0.01610126135205117, 0.013678716421783987, 0.0187628416540519, 0.02114915753396465, 0.020552644595079897, 0.015833303106264164, 0.011169628863435175, 0.006322330606653739, 0.007244552916810655, 0.006248024211028241, 0.005775997413975777, 0.004260880806723671, 0.00365100931199256, 0.002151910361162856, 0.0021427214668736064, 0.001776422426047269, 0.0012816083297082902, 0.0009215499533466902, 0.0007444310456792834, 0.0006820059394580996, 0.0005343227488913711, 0.00037356931312029936, 0.0003074393239349579, 0.00025145653078181406, 0.0001924620112796887, 0.00020525638764245076, 0.00022795438869602566, 0.00019620338642903723, 0.00018174589484694977, 0.0001589722560021752, 0.0001511350287672316, 0.00014523825540425418, 0.00013315223375878974, 0.0001390102099093563, 0.00011575269722770604, 8.644440250655009e-05, 5.9612571577105136e-05, 6.453193717108527e-05, 4.4062818898035054e-05, 4.922068029146467e-05, 5.5684400043300506e-05, 4.797350936819204e-05, 2.850197673703592e-05, 2.724000963800532e-05, 1.832095308544848e-05, 1.4683441962814538e-05, 1.442129823256655e-05, 1.646080735211383e-05, 1.548236993651108e-05, 1.1452257170571705e-05, 8.792590571187144e-06, 7.590375201630089e-06, 5.33157902233693e-06, 4.1712771509946595e-06, 2.862723581397455e-06, 1.9036105129586593e-06, 1.5578717369552727e-06, 1.4474004960999052e-06, 1.3245697439582459e-06, 8.441349675161178e-07, 8.372842389786553e-07, 8.16033994872951e-07, 8.656299473082559e-07, 7.908273671933837e-07, 9.433078241982668e-07, 8.916114618420957e-07, 6.613934667652935e-07, 6.764096362720792e-07, 4.6107038260588843e-07, 3.95236854580862e-07, 3.6235845901954957e-07, 3.1976911607345664e-07, 2.489360958062919e-07, 2.3299165460223e-07, 1.672577755336175e-07, 1.446799613711029e-07, 1.4002185530886893e-07, 1.244249382230338e-07, 1.1039126245457137e-07, 9.258236123907611e-08, 7.238685940322542e-08, 6.899949288954948e-08, 6.26560499181729e-08, 5.263861374798661e-08, 4.684484577046202e-08, 3.8537981959922416e-08, 2.9778744479022145e-08, 2.2733039392765206e-08, 1.9491848342260323e-08, 1.4862341102146518e-08, 1.2311428675248396e-08, 1.2057475836767374e-08, 1.0464129798774016e-08, 7.355179357462762e-09, 6.176048651158041e-09, 6.006182661885697e-09, 4.840432870407544e-09, 4.311247642547829e-09, 4.18510136998454e-09, 4.115163709518109e-09, 3.567215256231789e-09, 3.73972381414899e-09, 4.1611707006529795e-09, 3.6912563472890417e-09, 3.007240303881952e-09, 2.7633350305082653e-09, 2.2575994510593636e-09, 1.7256613261520194e-09, 1.751911432595588e-09, 1.3563600910405806e-09, 1.054229084606697e-09, 8.176357120469771e-10, 6.523364394719472e-10, 4.593037101802408e-10, 3.6072239068817334e-10, 4.42937957481095e-10, 3.5557649521972417e-10, 3.078863447343111e-10, 2.9637784434606557e-10, 2.497299910740436e-10, 1.842272131038819e-10], 'preconditioner metadata': [{}, {}, {}, {}, {}, {}, {}, {}, {}, {}, {}, {}, {}, {}, {}, {}, {}, {}, {}, {}, {}, {}, {}, {}, {}, {}, {}, {}, {}, {}, {}, {}, {}, {}, {}, {}, {}, {}, {}, {}, {}, {}, {}, {}, {}, {}, {}, {}, {}, {}, {}, {}, {}, {}, {}, {}, {}, {}, {}, {}, {}, {}, {}, {}, {}, {}, {}, {}, {}, {}, {}, {}, {}, {}, {}, {}, {}, {}, {}, {}, {}, {}, {}, {}, {}, {}, {}, {}, {}, {}, {}, {}, {}, {}, {}, {}, {}, {}, {}, {}, {}, {}, {}, {}, {}, {}, {}, {}, {}, {}, {}, {}, {}, {}, {}, {}, {}, {}, {}, {}, {}, {}, {}, {}, {}, {}, {}, {}, {}, {}, {}, {}, {}, {}, {}, {}, {}, {}, {}, {}, {}, {}, {}, {}, {}, {}, {}, {}, {}, {}, {}, {}, {}, {}, {}]}",1.8471519490094242e-10,,"[501.78704833984375, 500.94775390625, 501.1537170410156, 502.2176208496094, 504.4219970703125, 501.5414733886719, 501.4728088378906, 501.3375244140625, 501.7322692871094, 502.4721984863281]",[384.4532165527344],[1788.0118408203125],[1884.4827880859375],[3.238431930541992],[12.106176376342773],
2026-10-05T09:45:15.153758+00:00,continuous coefficient 2D,3,"uniform(2D,9)",S9,S8,S8,"CG(HybridSchwarz(torch.float32, Inv(torch.bfloat16), CUDSS), bsr_matmul=True)",False,0,1,10,5242880,209510400,"{'iterations': 132, 'residual norms': [11.457592304447855, 9.169721623206105, 14.894815995037568, 8.60093824395606, 10.833120735106537, 10.057033266745659, 7.304272357905129, 6.148919713357024, 4.096012781839018, 2.652036854812007, 1.9280461711043997, 1.3594432581875944, 1.0810678237668203, 0.9347396990075127, 0.5143886606889564, 0.35758986479341626, 0.25734225819012846, 0.190185147680475, 0.10936451331849718, 0.07490941764455963, 0.0799930683892274, 0.11160186637699071, 0.08467124289888146, 0.08531290303654199, 0.04915489244901323, 0.020649813220532737, 0.025380512950284272, 0.019791028640860586, 0.014845559034606062, 0.01854640908280579, 0.015086168148413478, 0.014939903904947817, 0.00831415975242665, 0.007407140472489407, 0.00961212045864838, 0.007467990072712757, 0.006721133145750441, 0.003940501796543016, 0.00250352592583954, 0.0018427933541284957, 0.0015437768564761447, 0.001178768400192572, 0.0008847760841479871, 0.0008831341372756755, 0.0007163999083761729, 0.0007243311312187832, 0.0008087109968810584, 0.0007297513936191876, 0.0005229098816090415, 0.00039480397403245175, 0.0002932801317223155, 0.0002497528313510712, 0.0002087746390427187, 0.00017146058873576458, 0.00018266836459141395, 0.00012035655700186604, 9.927321127587923e-05, 7.592325449481175e-05, 6.052632403875206e-05, 7.713845513713061e-05, 5.988885638697302e-05, 4.417832841149376e-05, 3.703874835802612e-05, 2.4460103806478614e-05, 2.435522004918467e-05, 1.8899458452796288e-05, 1.4364678402157447e-05, 1.3125823362950172e-05, 1.1862381970878153e-05, 1.34892938511501e-05, 1.0989578302692383e-05, 1.0200694570459704e-05, 8.82412819088587e-06, 6.886578310935107e-06, 4.2270644492586464e-06, 3.6913834385616004e-06, 2.5975792321225487e-06, 2.0181847875912607e-06, 1.7782456202977165e-06, 1.292746314824227e-06, 1.2673836661714979e-06, 1.0158524684526282e-06, 9.681141977679457e-07, 9.316040013952839e-07, 8.643947945627575e-07, 5.83879464538441e-07, 4.454664522206471e-07, 3.8735383123155653e-07, 3.347681825678001e-07, 3.472021096479861e-07, 2.760620060029742e-07, 1.9437213142111957e-07, 1.9151928117410892e-07, 1.5783726112886246e-07, 1.498332690949169e-07, 1.2759209078677622e-07, 1.0972614582252344e-07, 1.096598291371957e-07, 6.911750617242482e-08, 5.958716230200229e-08, 4.473213727533326e-08, 3.4239691073025905e-08, 2.5009251123221674e-08, 2.3392305665096136e-08, 1.773651241848226e-08, 1.5119314808094888e-08, 1.3622769871937147e-08, 1.1445811295340898e-08, 1.2292256577560282e-08, 1.0394614891796571e-08, 8.517926546295876e-09, 8.563718264539402e-09, 6.2608615224128056e-09, 5.835115537191085e-09, 4.259905889945998e-09, 3.2124025949804693e-09, 2.629815504533574e-09, 1.986796338448418e-09, 2.138373969549003e-09, 1.939119595642003e-09, 1.449728016508478e-09, 1.3015714257840232e-09, 1.0613886659137065e-09, 9.241017020921655e-10, 7.699598146464585e-10, 5.619086945996e-10, 4.2771951040636e-10, 3.5775894195600266e-10, 2.7630383069994216e-10, 2.4693798220730476e-10, 2.3466723010628944e-10, 1.863960164973178e-10, 1.5842597255535093e-10], 'preconditioner metadata': [{}, {}, {}, {}, {}, {}, {}, {}, {}, {}, {}, {}, {}, {}, {}, {}, {}, {}, {}, {}, {}, {}, {}, {}, {}, {}, {}, {}, {}, {}, {}, {}, {}, {}, {}, {}, {}, {}, {}, {}, {}, {}, {}, {}, {}, {}, {}, {}, {}, {}, {}, {}, {}, {}, {}, {}, {}, {}, {}, {}, {}, {}, {}, {}, {}, {}, {}, {}, {}, {}, {}, {}, {}, {}, {}, {}, {}, {}, {}, {}, {}, {}, {}, {}, {}, {}, {}, {}, {}, {}, {}, {}, {}, {}, {}, {}, {}, {}, {}, {}, {}, {}, {}, {}, {}, {}, {}, {}, {}, {}, {}, {}, {}, {}, {}, {}, {}, {}, {}, {}, {}, {}, {}, {}, {}, {}, {}, {}, {}, {}, {}, {}]}",1.589100984982488e-10,,"[441.0528869628906, 444.3516845703125, 442.1484680175781, 440.9664611816406, 441.45697021484375, 440.9498291015625, 440.75103759765625, 441.1213073730469, 441.6459655761719, 440.8402099609375]",[333.35528564453125],[1769.3817138671875],[2477.0234375],[15.356767654418945],[12.40998363494873],
2026-10-05T09:45:25.736450+00:00,continuous coefficient 2D,3,"uniform(2D,9)",S9,S9,S9,"CG(AdditiveSchwarz(torch.float64, Inv(), CUDSS, const_dofs_per_coarse=False), bsr_matmul=True)",False,0,1,10,5242880,209510400,"{'iterations': 107, 'residual norms': [0.18571504386934493, 15.958490804092724, 10.43048868560705, 15.542336572390006, 13.837140377629671, 11.888020309099176, 9.96322065221565, 6.3547497106590685, 4.388710943300255, 4.542557264702928, 2.9339127623281964, 0.9786492021049281, 0.584175292688261, 0.39328843641757927, 0.15032640022369023, 0.08047579868395738, 0.05633375304627304, 0.11249860981319477, 0.0794957022823876, 0.060167630815231424, 0.01669008589405112, 0.01937178688594108, 0.011948176349577276, 0.022290647160083683, 0.023296362495765013, 0.012576780275497308, 0.010294839580833683, 0.011798025039611557, 0.0059305439981859045, 0.004231928499167111, 0.004142778445758173, 0.002167981571503846, 0.002187830145281849, 0.0017293216069543755, 0.0010569170380080664, 0.000616325095446246, 0.0006561810347318446, 0.00035634673687571806, 0.00021756811437135542, 0.00016987582949175861, 0.00020095916968357956, 0.0002235541907459032, 0.00018255204442160167, 0.000194569384259145, 0.00010519388079558957, 6.99605962439587e-05, 8.864545574137772e-05, 7.329182165840481e-05, 5.413213128821235e-05, 5.4890851526539396e-05, 4.115501746585497e-05, 2.843375306765104e-05, 2.362839941958761e-05, 2.3803906771002918e-05, 1.6728833825084167e-05, 1.3711426027571783e-05, 1.1777896612893464e-05, 7.833181794023897e-06, 3.913232877745049e-06, 3.2638084419726035e-06, 2.37824678506188e-06, 1.5787494151777181e-06, 1.2573734233294171e-06, 1.1638069859385542e-06, 9.2874912420081e-07, 7.480587981305646e-07, 1.05259435149223e-06, 7.274579564636183e-07, 7.020853139253416e-07, 5.382816225411345e-07, 5.80547580251037e-07, 3.8039347066313693e-07, 3.027045730025912e-07, 2.5705350739349885e-07, 1.6401638073238826e-07, 1.6638995659403204e-07, 1.265241912352102e-07, 1.1067868345457497e-07, 7.249651995897924e-08, 6.915381956513047e-08, 6.206521844781023e-08, 4.3820399502569115e-08, 3.6039732723835384e-08, 3.135434230323883e-08, 2.1063069228088715e-08, 1.3665099774517198e-08, 1.0268310914732597e-08, 6.100037186179645e-09, 4.3920688564376615e-09, 4.385710143954657e-09, 4.739074759681866e-09, 3.7133774163191153e-09, 3.73695640887044e-09, 4.012193022831473e-09, 3.054856183082677e-09, 2.348940894609419e-09, 1.89198613044936e-09, 1.6194319102226808e-09, 1.0958349513693254e-09, 1.0615656442009932e-09, 8.158147628929398e-10, 5.047180959903456e-10, 4.1223891989720985e-10, 3.473311904494844e-10, 2.945185063645521e-10, 2.2114836307052767e-10, 2.4203668446141365e-10, 1.7211383876431643e-10], 'preconditioner metadata': [{}, {}, {}, {}, {}, {}, {}, {}, {}, {}, {}, {}, {}, {}, {}, {}, {}, {}, {}, {}, {}, {}, {}, {}, {}, {}, {}, {}, {}, {}, {}, {}, {}, {}, {}, {}, {}, {}, {}, {}, {}, {}, {}, {}, {}, {}, {}, {}, {}, {}, {}, {}, {}, {}, {}, {}, {}, {}, {}, {}, {}, {}, {}, {}, {}, {}, {}, {}, {}, {}, {}, {}, {}, {}, {}, {}, {}, {}, {}, {}, {}, {}, {}, {}, {}, {}, {}, {}, {}, {}, {}, {}, {}, {}, {}, {}, {}, {}, {}, {}, {}, {}, {}, {}, {}, {}, {}]}",1.72477171671606e-10,,"[567.4935302734375, 556.4017944335938, 556.213134765625, 556.8473510742188, 556.4022216796875, 556.3565673828125, 556.2510986328125, 556.06640625, 556.2280883789062, 556.27734375]",[390.5151062011719],[1750.9912109375],[2268.919189453125],[2.6676158905029297],[2.3861119747161865],
2026-10-05T09:45:36.080738+00:00,continuous coefficient 2D,3,"uniform(2D,9)",S9,S9,S9,"CG(HybridSchwarz(torch.float64, Inv(), CUDSS), bsr_matmul=True)",False,0,1,10,5242880,209510400,"{'iterations': 92, 'residual norms': [15.957962893572565, 10.542705326051257, 13.025837872825788, 12.69583467475149, 9.306081463570285, 5.047952926604458, 3.5460828615341105, 2.4651162998715828, 0.7657748896328341, 0.3853520332850011, 0.21988607450200842, 0.062143535248694655, 0.09463559411294505, 0.09693561902029653, 0.06244251735441426, 0.03204859852788819, 0.020070516834607074, 0.023231559990770263, 0.023727348816275688, 0.010088367193633116, 0.011071150800596466, 0.00967431451816692, 0.008136175640793358, 0.006606719138081616, 0.004282006704693668, 0.002264857134943301, 0.0011361046994828629, 0.0009847777933793347, 0.0011036081152431651, 0.0010147708596618672, 0.0007917566756618474, 0.000537309664690146, 0.00044260636697937393, 0.00031707018180351454, 0.0002345439171592557, 0.0002008098114921758, 0.00015689077206007955, 0.00010052318512558096, 9.270433146093025e-05, 8.368818033621141e-05, 5.8795463215591354e-05, 3.697644720666051e-05, 2.6167667401887853e-05, 2.0063456058027434e-05, 1.5410210769905885e-05, 1.5235882067298121e-05, 1.6724695287515504e-05, 1.0248419542949522e-05, 8.310644522143664e-06, 5.841195396057636e-06, 4.180681875980379e-06, 3.346315270916492e-06, 1.998468042332364e-06, 1.817559728122322e-06, 1.3104937183206844e-06, 1.0004254078810309e-06, 9.950107593441696e-07, 7.291985712625974e-07, 6.426305379548659e-07, 4.226267546587012e-07, 2.9416920160965573e-07, 2.6840838302058027e-07, 2.0642173553639106e-07, 1.9612597538115716e-07, 1.7641285283327298e-07, 1.312190902527258e-07, 8.27413232357996e-08, 5.3634391978423684e-08, 4.154749997401977e-08, 3.1190216506806844e-08, 2.2706346659612465e-08, 1.9105986663093487e-08, 1.580356165808e-08, 1.1842387611524271e-08, 1.16767411234097e-08, 1.0242034480567897e-08, 7.489103607570776e-09, 4.8094869932504874e-09, 3.420508996989228e-09, 2.979972918211851e-09, 2.6578572951797776e-09, 2.3145753789308663e-09, 1.6985502311224581e-09, 1.2912874636871061e-09, 8.724631160851287e-10, 5.846050838919619e-10, 4.3499482235853463e-10, 3.540460683576503e-10, 2.840493680721293e-10, 2.0837176427225015e-10, 2.0407367638070848e-10, 1.92756597384883e-10, 1.47625523347591e-10], 'preconditioner metadata': [{}, {}, {}, {}, {}, {}, {}, {}, {}, {}, {}, {}, {}, {}, {}, {}, {}, {}, {}, {}, {}, {}, {}, {}, {}, {}, {}, {}, {}, {}, {}, {}, {}, {}, {}, {}, {}, {}, {}, {}, {}, {}, {}, {}, {}, {}, {}, {}, {}, {}, {}, {}, {}, {}, {}, {}, {}, {}, {}, {}, {}, {}, {}, {}, {}, {}, {}, {}, {}, {}, {}, {}, {}, {}, {}, {}, {}, {}, {}, {}, {}, {}, {}, {}, {}, {}, {}, {}, {}, {}, {}, {}]}",1.4800084641837533e-10,,"[501.8079528808594, 501.40740966796875, 501.4561767578125, 501.70361328125, 501.79022216796875, 501.9916076660156, 502.0074462890625, 501.4308166503906, 502.0813293457031, 501.701416015625]",[279.07940673828125],[1795.162353515625],[2579.321044921875],[2.7268800735473633],[12.995424270629883],
2026-10-05T09:45:46.667443+00:00,continuous coefficient 2D,3,"uniform(2D,9)",S9,S9,S9,"CG(AdditiveSchwarz(torch.float64, Inv(torch.float32), CUDSS, const_dofs_per_coarse=False), bsr_matmul=True)",False,0,1,10,5242880,209510400,"{'iterations': 107, 'residual norms': [0.18571504386934493, 15.958490804091864, 10.430488685678977, 15.542336578498253, 13.83714037904972, 11.888020310451182, 9.963220650994431, 6.354749719013231, 4.3887109448487855, 4.542557267969176, 2.9339127617713086, 0.9786492079293551, 0.5841752938232782, 0.39328843708136135, 0.15032640273632208, 0.08047579952639895, 0.056333752696669105, 0.11249862093550574, 0.07949570415072955, 0.060167643344627965, 0.016690088272481526, 0.019371784566852374, 0.011948175729701015, 0.022290643132808055, 0.02329636471753017, 0.012576779995525441, 0.010294842255232854, 0.011798020592427674, 0.005930545375011127, 0.0042319299553282026, 0.004142780503009951, 0.002167981662133285, 0.002187830593049079, 0.0017293219790098483, 0.001056917462460171, 0.0006163251830834953, 0.0006561811717619269, 0.0003563467938814699, 0.0002175680780632554, 0.000169875830804738, 0.00020095923484521146, 0.00022355419415356963, 0.00018255206625037652, 0.0001945694963009362, 0.00010519389863837634, 6.99606007994626e-05, 8.864551088312227e-05, 7.329182308218333e-05, 5.413214031087605e-05, 5.489089197165838e-05, 4.1155030475159466e-05, 2.843376035275942e-05, 2.362841673696284e-05, 2.3803914283831626e-05, 1.6728841552481526e-05, 1.3711435693115224e-05, 1.1777903826244812e-05, 7.833186071888657e-06, 3.913235863373142e-06, 3.2638107041713068e-06, 2.3782489934574746e-06, 1.5787506039258766e-06, 1.2573742749986282e-06, 1.163807850618778e-06, 9.287499558022734e-07, 7.480589986543515e-07, 1.0525952270877677e-06, 7.274583578659774e-07, 7.020857498957587e-07, 5.382819690856208e-07, 5.80548292397631e-07, 3.803936692499674e-07, 3.0270461892603566e-07, 2.570537341706628e-07, 1.6401648944630812e-07, 1.6639005405481143e-07, 1.2652433929312453e-07, 1.1067873187147077e-07, 7.24965981777604e-08, 6.915390701057484e-08, 6.206520815194476e-08, 4.38204634779487e-08, 3.603977520278047e-08, 3.1354330684117797e-08, 2.106309375722311e-08, 1.3665111127901935e-08, 1.0268282046248007e-08, 6.100037543017051e-09, 4.392073501496042e-09, 4.385706588764882e-09, 4.739082565229477e-09, 3.713381271330309e-09, 3.736953123381433e-09, 4.012189369296824e-09, 3.0548586946631646e-09, 2.3489393831639382e-09, 1.891981458512269e-09, 1.6194315983735422e-09, 1.0958357246698682e-09, 1.0615658019041896e-09, 8.158123821380188e-10, 5.047183904428461e-10, 4.122389158747819e-10, 3.473300958698028e-10, 2.945186153559172e-10, 2.211482990295815e-10, 2.4203690107048883e-10, 1.7211399169136944e-10], 'preconditioner metadata': [{}, {}, {}, {}, {}, {}, {}, {}, {}, {}, {}, {}, {}, {}, {}, {}, {}, {}, {}, {}, {}, {}, {}, {}, {}, {}, {}, {}, {}, {}, {}, {}, {}, {}, {}, {}, {}, {}, {}, {}, {}, {}, {}, {}, {}, {}, {}, {}, {}, {}, {}, {}, {}, {}, {}, {}, {}, {}, {}, {}, {}, {}, {}, {}, {}, {}, {}, {}, {}, {}, {}, {}, {}, {}, {}, {}, {}, {}, {}, {}, {}, {}, {}, {}, {}, {}, {}, {}, {}, {}, {}, {}, {}, {}, {}, {}, {}, {}, {}, {}, {}, {}, {}, {}, {}, {}, {}]}",1.7247841157090654e-10,,"[543.5444946289062, 543.3383178710938, 542.7531127929688, 542.5980834960938, 544.0701904296875, 543.3297729492188, 542.9996337890625, 546.1259765625, 542.9425048828125, 542.7996215820312]",[430.3656311035156],[1808.4334716796875],[2271.7294921875],[13.917280197143555],[13.211104393005371],
2026-10-05T09:45:56.937200+00:00,continuous coefficient 2D,3,"uniform(2D,9)",S9,S9,S9,"CG(HybridSchwarz(torch.float64, Inv(torch.float32), CUDSS), bsr_matmul=True)",False,0,1,10,5242880,209510400,"{'iterations': 92, 'residual norms': [15.957962893572565, 10.542705326039828, 13.02583787278541, 12.695834673611394, 9.306081463198133, 5.047952926857139, 3.546082860349387, 2.4651162994230797, 0.7657748909329734, 0.38535203225080567, 0.2198860761660258, 0.0621435351320159, 0.09463559317480058, 0.09693561746938169, 0.06244251356879873, 0.032048595155246884, 0.020070513669881426, 0.02323155522236967, 0.023727342662393503, 0.010088366430316277, 0.011071148063493567, 0.009674310778381866, 0.008136173035375671, 0.006606716727087702, 0.004282003774360803, 0.002264858226732365, 0.001136104888771008, 0.0009847781943151843, 0.0011036080253159618, 0.00101477074572098, 0.0007917567702946482, 0.0005373096214579001, 0.00044260655336854924, 0.00031707004995854693, 0.00023454376984413859, 0.00020080978798837706, 0.00015689074002778777, 0.00010052318294037231, 9.270432198988682e-05, 8.368816447364876e-05, 5.8795439478088546e-05, 3.697643788289505e-05, 2.6167657729041013e-05, 2.006344958415777e-05, 1.5410204879292324e-05, 1.5235874423507647e-05, 1.672468774062316e-05, 1.0248415282769184e-05, 8.310641694217468e-06, 5.841192905525786e-06, 4.1806793425826344e-06, 3.346314112774435e-06, 1.9984672780906182e-06, 1.8175590532086365e-06, 1.3104933092501576e-06, 1.0004251453998968e-06, 9.950105864524129e-07, 7.291984008775561e-07, 6.426303309353796e-07, 4.226266602372904e-07, 2.941692202829914e-07, 2.684083659877522e-07, 2.064217589995293e-07, 1.9612597221790745e-07, 1.76412872661163e-07, 1.3121908992140076e-07, 8.274129869988251e-08, 5.3634384184730705e-08, 4.1547492570625264e-08, 3.119021185909865e-08, 2.270635138001726e-08, 1.910598716271626e-08, 1.5803565032029523e-08, 1.1842389591779628e-08, 1.1676743530653319e-08, 1.0242038555292632e-08, 7.489101852230104e-09, 4.809486775312848e-09, 3.4205086808470844e-09, 2.979971935758636e-09, 2.657857729343945e-09, 2.3145739410452965e-09, 1.6985499778761821e-09, 1.2912875352435806e-09, 8.724625513235683e-10, 5.846050309914612e-10, 4.349944219712419e-10, 3.54045789484299e-10, 2.840494137360987e-10, 2.083716036149839e-10, 2.0407371963983414e-10, 1.9275648879329775e-10, 1.4762537035683857e-10], 'preconditioner metadata': [{}, {}, {}, {}, {}, {}, {}, {}, {}, {}, {}, {}, {}, {}, {}, {}, {}, {}, {}, {}, {}, {}, {}, {}, {}, {}, {}, {}, {}, {}, {}, {}, {}, {}, {}, {}, {}, {}, {}, {}, {}, {}, {}, {}, {}, {}, {}, {}, {}, {}, {}, {}, {}, {}, {}, {}, {}, {}, {}, {}, {}, {}, {}, {}, {}, {}, {}, {}, {}, {}, {}, {}, {}, {}, {}, {}, {}, {}, {}, {}, {}, {}, {}, {}, {}, {}, {}, {}, {}, {}, {}, {}]}",1.4800230610204245e-10,,"[490.7449035644531, 491.1101989746094, 490.4085693359375, 490.429931640625, 492.4795837402344, 490.18719482421875, 490.82611083984375, 490.21942138671875, 490.28436279296875, 490.5986633300781]",[284.73175048828125],[1831.1103515625],[2587.121826171875],[13.639616012573242],[12.441727638244629],
2026-10-05T09:46:07.487611+00:00,continuous coefficient 2D,3,"uniform(2D,9)",S9,S9,S9,"CG(AdditiveSchwarz(torch.float64, Inv(torch.float16), CUDSS, const_dofs_per_coarse=False), bsr_matmul=True)",False,0,1,10,5242880,209510400,"{'iterations': 108, 'residual norms': [0.18571504386934493, 15.95849077409742, 10.430495087704552, 15.542405353938493, 13.837137784873711, 11.88804176716945, 9.963178787792303, 6.355328579598852, 4.388969804483688, 4.542269399457341, 2.9342087649488464, 0.9921239974099214, 0.5855595868626217, 0.3937558412048538, 0.15875184279407306, 0.08475440585196775, 0.05451000217884867, 0.119750209195532, 0.07993035327243449, 0.06458219804706612, 0.01830015457188876, 0.018104788417838257, 0.012261073440511987, 0.020283894692032022, 0.024410383382573654, 0.012803601913428227, 0.011182899870795494, 0.010760283660340757, 0.006761950240963254, 0.004547009028685598, 0.004097114680891058, 0.002502754308640401, 0.0022007645138049222, 0.0017651766190713654, 0.0012895278080391542, 0.000633120487658882, 0.0006507552751500202, 0.00043497399660612164, 0.00022876283426382347, 0.00017374541756592912, 0.0001875819744023731, 0.00022014582916310307, 0.0001911720264447517, 0.00019901555097546288, 0.00012502520599388793, 7.452208255891508e-05, 8.088745754513512e-05, 8.058909249896592e-05, 5.581358696053585e-05, 5.299310727781759e-05, 4.542011405280981e-05, 3.082906645040441e-05, 2.3309215824289735e-05, 2.512852379164252e-05, 1.818144367474291e-05, 1.4024042293023487e-05, 1.2340206518705412e-05, 8.701107838826438e-06, 4.851785252886372e-06, 3.283849712921763e-06, 2.7192968973512176e-06, 1.741200095117065e-06, 1.2996948751137165e-06, 1.159899775136971e-06, 1.017253588689392e-06, 7.535279370290793e-07, 9.377243992856077e-07, 8.190812451744584e-07, 7.098206046759852e-07, 5.583452043026874e-07, 5.735141318725408e-07, 4.714175249260031e-07, 3.0612937452426216e-07, 2.79463222309441e-07, 1.951873515770522e-07, 1.5419402414074193e-07, 1.3282835744558422e-07, 1.239017544325732e-07, 8.200151201189933e-08, 6.63359406683751e-08, 6.728146337449541e-08, 4.8609578255925686e-08, 3.6880915418046534e-08, 3.2016782774157506e-08, 2.611386900109286e-08, 1.4958422130721367e-08, 1.1352938261002447e-08, 7.637607515867949e-09, 4.906582190379731e-09, 4.287094380030878e-09, 4.406904405879391e-09, 4.226191847415602e-09, 3.3603683602303088e-09, 4.086542174768334e-09, 3.5400852437080367e-09, 2.596855618486761e-09, 1.9924916801460198e-09, 1.735450607914238e-09, 1.3860690574952013e-09, 9.853083996632882e-10, 8.957319396145417e-10, 6.333022876294781e-10, 4.3442166140195413e-10, 3.613580569395098e-10, 3.191672126631977e-10, 2.4639018597637164e-10, 2.2020660973693067e-10, 2.0224546609836204e-10, 1.5383059534234699e-10], 'preconditioner metadata': [{}, {}, {}, {}, {}, {}, {}, {}, {}, {}, {}, {}, {}, {}, {}, {}, {}, {}, {}, {}, {}, {}, {}, {}, {}, {}, {}, {}, {}, {}, {}, {}, {}, {}, {}, {}, {}, {}, {}, {}, {}, {}, {}, {}, {}, {}, {}, {}, {}, {}, {}, {}, {}, {}, {}, {}, {}, {}, {}, {}, {}, {}, {}, {}, {}, {}, {}, {}, {}, {}, {}, {}, {}, {}, {}, {}, {}, {}, {}, {}, {}, {}, {}, {}, {}, {}, {}, {}, {}, {}, {}, {}, {}, {}, {}, {}, {}, {}, {}, {}, {}, {}, {}, {}, {}, {}, {}, {}]}",1.5425031569800728e-10,,"[556.6331787109375, 542.447265625, 545.4613037109375, 542.6649780273438, 542.3416137695312, 542.9415893554688, 542.4586181640625, 542.8790283203125, 542.52978515625, 545.2056884765625]",[428.3702697753906],[1796.9056396484375],[2219.1572265625],[2.8281280994415283],[12.134336471557617],
2026-10-05T09:46:17.619991+00:00,continuous coefficient 2D,3,"uniform(2D,9)",S9,S9,S9,"CG(HybridSchwarz(torch.float64, Inv(torch.float16), CUDSS), bsr_matmul=True)",False,0,1,10,5242880,209510400,"{'iterations': 92, 'residual norms': [15.957962893572562, 10.542707627766939, 13.025895011279355, 12.695943168630727, 9.306045331499574, 5.048370309518578, 3.5465429071682926, 2.465876896487669, 0.7712793381975461, 0.3871202368151395, 0.2205754491850126, 0.06304444056639136, 0.09659019353264721, 0.095227872911901, 0.06940281753472474, 0.03323133709259241, 0.02049321349089897, 0.02403082813070697, 0.02322314401085573, 0.010363113842627796, 0.011520753684937156, 0.009476442532550896, 0.00825380610979224, 0.006616600772838229, 0.004151531346158531, 0.0026558206795400953, 0.0011699613682605772, 0.0010299683101619543, 0.0010074824175225724, 0.0009803019204437113, 0.0008219261067596843, 0.0005490219230900572, 0.0005117310914991082, 0.000311527107031252, 0.00023030909335499918, 0.00020816389852834725, 0.00015494124872980373, 0.00011200344084326736, 8.49156576998336e-05, 8.922963105392996e-05, 6.228766434954954e-05, 3.6355244603419896e-05, 2.7670439983553478e-05, 2.0197002140924174e-05, 1.607239249707861e-05, 1.4909977736885964e-05, 1.56876777036145e-05, 1.1597530288066528e-05, 8.420296763269915e-06, 6.4026332354717904e-06, 4.394386281669009e-06, 3.268794608906591e-06, 2.093319391245912e-06, 1.7937735900588995e-06, 1.4687897963332798e-06, 1.0389348338973e-06, 9.74144173893045e-07, 7.693289282151039e-07, 6.344835981787608e-07, 4.755398703489257e-07, 2.970066857075608e-07, 2.8045220881487795e-07, 2.14465610928755e-07, 1.9668207008654139e-07, 1.792789327805486e-07, 1.4576075520898737e-07, 9.477225119827879e-08, 6.115891319284416e-08, 4.293824691146801e-08, 3.306105883064373e-08, 2.3328973848814295e-08, 1.9981615187336103e-08, 1.670286868563776e-08, 1.2909570038088113e-08, 1.1333991429682354e-08, 1.0797301334260708e-08, 8.043377923398992e-09, 5.4557360592030175e-09, 3.7040314430147283e-09, 3.0641439529462417e-09, 2.66942037798672e-09, 2.3634950033948597e-09, 1.8090299720856122e-09, 1.4674975491062417e-09, 1.0478564370768283e-09, 6.956557738915861e-10, 4.978851463290671e-10, 3.544515627544275e-10, 2.9308833796787187e-10, 2.3090541742574704e-10, 2.007285812820284e-10, 2.1591026178623196e-10, 1.502871343473644e-10], 'preconditioner metadata': [{}, {}, {}, {}, {}, {}, {}, {}, {}, {}, {}, {}, {}, {}, {}, {}, {}, {}, {}, {}, {}, {}, {}, {}, {}, {}, {}, {}, {}, {}, {}, {}, {}, {}, {}, {}, {}, {}, {}, {}, {}, {}, {}, {}, {}, {}, {}, {}, {}, {}, {}, {}, {}, {}, {}, {}, {}, {}, {}, {}, {}, {}, {}, {}, {}, {}, {}, {}, {}, {}, {}, {}, {}, {}, {}, {}, {}, {}, {}, {}, {}, {}, {}, {}, {}, {}, {}, {}, {}, {}, {}, {}]}",1.5065931120493593e-10,,"[484.8468017578125, 484.7575378417969, 486.82867431640625, 485.2969970703125, 485.1165466308594, 485.4034118652344, 484.66558837890625, 484.9337463378906, 484.6299743652344, 485.2173156738281]",[272.9457092285156],[1785.5228271484375],[2555.417236328125],[13.729087829589844],[12.45907211303711],
2026-10-05T09:46:28.215986+00:00,continuous coefficient 2D,3,"uniform(2D,9)",S9,S9,S9,"CG(AdditiveSchwarz(torch.float64, Inv(torch.bfloat16), CUDSS, const_dofs_per_coarse=False), bsr_matmul=True)",False,0,1,10,5242880,209510400,"{'iterations': 109, 'residual norms': [0.18571504386934493, 15.958490783703558, 10.431132236522267, 15.550319370580327, 13.836678001392123, 11.890367530501317, 9.960221723153436, 6.418325400382866, 4.405716147634737, 4.513318726155902, 2.950823799857194, 1.479856433056601, 0.5807402343929343, 0.40159377119504086, 0.20702359038761287, 0.08959533210347206, 0.054292144777861526, 0.10691143119364784, 0.08251822027695786, 0.06789448459164303, 0.027929508712173326, 0.01586383153920719, 0.014437228994333192, 0.015597875444084568, 0.02394601069548722, 0.015728928570855814, 0.011983868273448285, 0.011762857296563537, 0.010550466213478271, 0.005164764542844352, 0.004450069546757291, 0.0038143130070903315, 0.0021652267742761737, 0.0021887076037909775, 0.0014454196954318988, 0.0008977326819003777, 0.0006178042150709219, 0.0006060835420436659, 0.00033774708641073084, 0.0002043027659986244, 0.00019128309948627953, 0.0002073298356824432, 0.00019475797253796462, 0.0001751634724545554, 0.00019015756029928027, 0.00011397340420520445, 0.00010234461107886672, 9.55379543228431e-05, 6.991791214342525e-05, 5.4442197776484166e-05, 5.125258698586152e-05, 4.568638908555085e-05, 3.160276749750408e-05, 2.8383705775559478e-05, 2.5513420397530262e-05, 1.9825977449057858e-05, 1.4695867325899082e-05, 1.3260316051877884e-05, 9.990213455388818e-06, 6.16598479740167e-06, 4.161146739289322e-06, 3.568344616613513e-06, 2.387750859617183e-06, 1.523131879214149e-06, 1.342486175523566e-06, 1.0610485235339402e-06, 8.267094899910557e-07, 8.040229954871279e-07, 8.134480094364804e-07, 6.965404908549961e-07, 6.090175415810192e-07, 7.503237534405638e-07, 4.840021746844062e-07, 3.635612520038819e-07, 3.409009583585773e-07, 2.3095164945456575e-07, 1.68327025290719e-07, 1.5006659943618514e-07, 1.2560628838658635e-07, 8.721245827956978e-08, 7.723698353909565e-08, 7.335578786079768e-08, 4.97146148626165e-08, 4.0260392932591716e-08, 3.976890101440076e-08, 2.708686437986701e-08, 1.8962352765712018e-08, 1.586113511529037e-08, 1.1467748040858505e-08, 7.4298974929286255e-09, 5.03724478490927e-09, 4.724563676725015e-09, 3.654563759210353e-09, 3.4753486669448693e-09, 3.615958654149982e-09, 3.5118136225548624e-09, 2.8254545010474664e-09, 2.5851750465641838e-09, 2.569383066865992e-09, 1.65598421376711e-09, 1.4034044589856972e-09, 1.202419295178306e-09, 9.002979544121031e-10, 5.349137242342107e-10, 4.450258859297378e-10, 3.7092061532288555e-10, 2.54464747292303e-10, 2.325915112688855e-10, 2.2040097410984229e-10, 1.742728057522166e-10], 'preconditioner metadata': [{}, {}, {}, {}, {}, {}, {}, {}, {}, {}, {}, {}, {}, {}, {}, {}, {}, {}, {}, {}, {}, {}, {}, {}, {}, {}, {}, {}, {}, {}, {}, {}, {}, {}, {}, {}, {}, {}, {}, {}, {}, {}, {}, {}, {}, {}, {}, {}, {}, {}, {}, {}, {}, {}, {}, {}, {}, {}, {}, {}, {}, {}, {}, {}, {}, {}, {}, {}, {}, {}, {}, {}, {}, {}, {}, {}, {}, {}, {}, {}, {}, {}, {}, {}, {}, {}, {}, {}, {}, {}, {}, {}, {}, {}, {}, {}, {}, {}, {}, {}, {}, {}, {}, {}, {}, {}, {}, {}, {}]}",1.7464321704762502e-10,,"[549.4522705078125, 547.2360229492188, 547.6485595703125, 549.3854370117188, 546.935791015625, 547.1134033203125, 547.1338500976562, 547.1114501953125, 547.0960083007812, 546.9453125]",[429.6331787109375],[1768.37451171875],[2266.81982421875],[2.5149760246276855],[12.836671829223633],
2026-10-05T09:46:38.364315+00:00,continuous coefficient 2D,3,"uniform(2D,9)",S9,S9,S9,"CG(HybridSchwarz(torch.float64, Inv(torch.bfloat16), CUDSS), bsr_matmul=True)",False,0,1,10,5242880,209510400,"{'iterations': 92, 'residual norms': [15.957962893572565, 10.543087577897241, 13.031604827528785, 12.70604638946414, 9.302407590003755, 5.075639826260961, 3.574895462269257, 2.509199087606358, 1.0148094908433625, 0.4032842819163569, 0.22542707073802615, 0.07488811356386806, 0.07958937938193668, 0.09005964450952025, 0.0815581572795031, 0.03591425350411243, 0.022975148347150542, 0.02213303591784085, 0.02162665154910268, 0.013809314503567557, 0.01022668886727802, 0.00986495657183191, 0.008600993521805423, 0.006661648241164781, 0.004845379162036278, 0.003705127170922583, 0.0014635106376437131, 0.0011243258403384573, 0.000972924992666511, 0.00102359170847442, 0.000892929913269566, 0.0006675672341622335, 0.0005817215644517572, 0.00038614508914531755, 0.0002567862903402512, 0.00023315517203612596, 0.00016923682888119037, 0.00013589537947860726, 0.00010072823202213371, 9.215019760377058e-05, 7.185166884453008e-05, 4.780272220178688e-05, 3.8497053120653364e-05, 2.9613025003660095e-05, 1.8827428436689857e-05, 1.5214970384253105e-05, 1.4093206913594716e-05, 1.3640303822476177e-05, 1.1407757605109436e-05, 8.922349276857054e-06, 6.597705495751539e-06, 4.398855668450124e-06, 2.912099398849741e-06, 2.105505729828493e-06, 1.6905180412614584e-06, 1.311219231175918e-06, 1.1093385416942937e-06, 8.899134665570042e-07, 7.812970683861492e-07, 5.918057240105933e-07, 4.357473823342203e-07, 3.519002014778399e-07, 2.6658886101138434e-07, 2.1808985424147135e-07, 1.8705113158305415e-07, 1.579964819461251e-07, 1.3485064746971011e-07, 1.0670651372225002e-07, 7.117235401213446e-08, 5.319552125038232e-08, 3.4601943685271286e-08, 2.5477785800043403e-08, 1.9220597934943073e-08, 1.3944257518138292e-08, 1.4322940540215388e-08, 1.2239745961430228e-08, 9.437393370863655e-09, 8.250013467374086e-09, 5.976282621219404e-09, 4.813809073494976e-09, 3.4225551741176526e-09, 2.6953474461847694e-09, 2.1488780349345987e-09, 1.6483531803205462e-09, 1.5546215260640765e-09, 1.2324303971905948e-09, 8.716181709660925e-10, 5.990833261287825e-10, 4.2838927875910847e-10, 3.152118208664835e-10, 2.4500762493378055e-10, 2.0386330426051407e-10, 1.7234122100514222e-10], 'preconditioner metadata': [{}, {}, {}, {}, {}, {}, {}, {}, {}, {}, {}, {}, {}, {}, {}, {}, {}, {}, {}, {}, {}, {}, {}, {}, {}, {}, {}, {}, {}, {}, {}, {}, {}, {}, {}, {}, {}, {}, {}, {}, {}, {}, {}, {}, {}, {}, {}, {}, {}, {}, {}, {}, {}, {}, {}, {}, {}, {}, {}, {}, {}, {}, {}, {}, {}, {}, {}, {}, {}, {}, {}, {}, {}, {}, {}, {}, {}, {}, {}, {}, {}, {}, {}, {}, {}, {}, {}, {}, {}, {}, {}, {}]}",1.7267149864249872e-10,,"[485.0608825683594, 484.5002746582031, 484.7993469238281, 484.6697692871094, 485.1047668457031, 485.0782165527344, 488.2840270996094, 485.2184143066406, 485.1302795410156, 484.74713134765625]",[286.08184814453125],[1795.548095703125],[2545.394287109375],[14.266719818115234],[13.192992210388184],
2026-10-05T09:46:48.578747+00:00,continuous coefficient 2D,3,"uniform(2D,9)",S9,S9,S9,"CG(AdditiveSchwarz(torch.float32, Inv(), CUDSS, const_dofs_per_coarse=False), bsr_matmul=True)",False,0,1,10,5242880,209510400,"{'iterations': 107, 'residual norms': [0.18571504386934493, 15.958340978275642, 10.43032234446668, 15.541994849635614, 13.837259663421893, 11.887951123082594, 9.963169664942132, 6.35426375585098, 4.389022164029346, 4.541912924571125, 2.9339331931509216, 0.9786225069592069, 0.5841815043019859, 0.3932799570090028, 0.150333264472382, 0.08048573273565911, 0.05632067162143734, 0.11269025734891118, 0.0794017162338284, 0.060448012064150174, 0.01676696692887011, 0.019283525494896134, 0.011933722827180105, 0.022197435938862635, 0.02336078808722913, 0.01257162413619741, 0.01034021833348807, 0.011690125344724188, 0.005947353154157861, 0.004244882562298223, 0.004147466940542768, 0.0021665426040115144, 0.0021912491638235924, 0.0017279344891463053, 0.0010626655285988049, 0.0006170927188960364, 0.0006554256485796007, 0.0003573519855410239, 0.00021823275919753812, 0.00016967240126850036, 0.0001999965450085405, 0.0002229090723698792, 0.0001823431889267361, 0.00019525179762676617, 0.00010573774775859229, 6.988015877496062e-05, 8.842762096402017e-05, 7.334595394872453e-05, 5.415460282228085e-05, 5.4903012480238766e-05, 4.126866761555219e-05, 2.8473356143607213e-05, 2.3587014811276574e-05, 2.3875994388206916e-05, 1.676835213288486e-05, 1.367806420739367e-05, 1.1824337102722978e-05, 7.860534841997648e-06, 3.923915528361416e-06, 3.2672223591933803e-06, 2.3918064034033424e-06, 1.580196047486376e-06, 1.2571838153760679e-06, 1.164057458089796e-06, 9.313321242527673e-07, 7.456278332086258e-07, 1.050822794581041e-06, 7.28779602740261e-07, 7.001418958757475e-07, 5.396787906219764e-07, 5.798730707943064e-07, 3.8105651362550355e-07, 3.0237953359996406e-07, 2.584649466196271e-07, 1.6436887765542082e-07, 1.6602396745959086e-07, 1.265629432370386e-07, 1.1115485788641924e-07, 7.256572526928535e-08, 6.904805614452958e-08, 6.234599517656448e-08, 4.3789716837356693e-08, 3.606692325674696e-08, 3.136545625855011e-08, 2.1297033948964173e-08, 1.3646760631378333e-08, 1.0302340847102799e-08, 6.1328669686664075e-09, 4.3897740205584805e-09, 4.373415644464719e-09, 4.731592140195413e-09, 3.722774486086984e-09, 3.716591199487075e-09, 4.01760385027162e-09, 3.0684411677608554e-09, 2.3475837292468088e-09, 1.893763880683564e-09, 1.619572471043061e-09, 1.1018772507895611e-09, 1.0565891699090986e-09, 8.19484093963355e-10, 5.064386942811599e-10, 4.119081888697287e-10, 3.4791576176655313e-10, 2.948311538672563e-10, 2.214796457424251e-10, 2.4116579543195753e-10, 1.7262997059777114e-10], 'preconditioner metadata': [{}, {}, {}, {}, {}, {}, {}, {}, {}, {}, {}, {}, {}, {}, {}, {}, {}, {}, {}, {}, {}, {}, {}, {}, {}, {}, {}, {}, {}, {}, {}, {}, {}, {}, {}, {}, {}, {}, {}, {}, {}, {}, {}, {}, {}, {}, {}, {}, {}, {}, {}, {}, {}, {}, {}, {}, {}, {}, {}, {}, {}, {}, {}, {}, {}, {}, {}, {}, {}, {}, {}, {}, {}, {}, {}, {}, {}, {}, {}, {}, {}, {}, {}, {}, {}, {}, {}, {}, {}, {}, {}, {}, {}, {}, {}, {}, {}, {}, {}, {}, {}, {}, {}, {}, {}, {}, {}]}",1.7299494606592985e-10,,"[506.0458679199219, 505.5682678222656, 505.7853088378906, 505.7019958496094, 506.0968933105469, 506.3933410644531, 505.70465087890625, 506.6162109375, 505.7423095703125, 506.087890625]",[434.467041015625],[1760.739013671875],[2281.718505859375],[13.786144256591797],[12.458911895751953],
2026-10-05T09:46:58.324596+00:00,continuous coefficient 2D,3,"uniform(2D,9)",S9,S9,S9,"CG(HybridSchwarz(torch.float32, Inv(), CUDSS), bsr_matmul=True)",False,0,1,10,5242880,209510400,"{'iterations': 92, 'residual norms': [15.957305082562193, 10.542790997524358, 13.026239415487293, 12.696154752431495, 9.306298137912966, 5.047633965822765, 3.5459410556788495, 2.4651013782140025, 0.765853395723318, 0.3853630643800484, 0.21990996958806405, 0.06215243854365206, 0.09462981290724723, 0.09693898273092214, 0.062447356086072076, 0.03204860156432122, 0.02007199426798541, 0.023232927827755913, 0.02372966889082104, 0.010089788322421023, 0.011070105493900313, 0.009675150148864671, 0.008136796128262297, 0.006606556146861863, 0.004282208377339177, 0.0022650807380927827, 0.0011364338261277036, 0.0009848417374268257, 0.0011035842077670047, 0.0010151733023037797, 0.0007916643940964566, 0.0005375208115132733, 0.0004426141127213146, 0.0003171423653689959, 0.00023452986865654104, 0.00020079750927087017, 0.00015693820691608943, 0.00010053693824019028, 9.271996667070517e-05, 8.370129851099045e-05, 5.8809047207607586e-05, 3.698185472919754e-05, 2.617100600667378e-05, 2.0071623765857208e-05, 1.541842777922846e-05, 1.5232427908768397e-05, 1.6736227626222057e-05, 1.0252605363983166e-05, 8.312304454550674e-06, 5.844960559042798e-06, 4.181883826015719e-06, 3.346690726049477e-06, 2.000161431977108e-06, 1.815528100710022e-06, 1.3128038336378257e-06, 1.0004098559915048e-06, 9.937767792281215e-07, 7.308008995670661e-07, 6.398988394496081e-07, 4.2382571689538045e-07, 2.943345029057441e-07, 2.6726782248696075e-07, 2.075473594487791e-07, 1.9578073487552175e-07, 1.7581608537784036e-07, 1.33084792107376e-07, 8.226930361397888e-08, 5.400179113574618e-08, 4.177428702663371e-08, 3.0871559762375546e-08, 2.3045609550371917e-08, 1.9059644255872787e-08, 1.5828520182432224e-08, 1.2250078273559814e-08, 1.1151032269266654e-08, 1.0614494575874828e-08, 7.574390824335901e-09, 4.688020123370551e-09, 3.560601846924073e-09, 2.866957284133169e-09, 2.7173296974092323e-09, 2.3538316452374266e-09, 1.6591803696053942e-09, 1.3964332783801366e-09, 8.57716515200306e-10, 5.999312142909892e-10, 4.4870926701131316e-10, 3.4260174405172697e-10, 2.996042864563735e-10, 2.0641658173110452e-10, 2.0248108268343883e-10, 2.034113929670856e-10, 1.4310305584270102e-10], 'preconditioner metadata': [{}, {}, {}, {}, {}, {}, {}, {}, {}, {}, {}, {}, {}, {}, {}, {}, {}, {}, {}, {}, {}, {}, {}, {}, {}, {}, {}, {}, {}, {}, {}, {}, {}, {}, {}, {}, {}, {}, {}, {}, {}, {}, {}, {}, {}, {}, {}, {}, {}, {}, {}, {}, {}, {}, {}, {}, {}, {}, {}, {}, {}, {}, {}, {}, {}, {}, {}, {}, {}, {}, {}, {}, {}, {}, {}, {}, {}, {}, {}, {}, {}, {}, {}, {}, {}, {}, {}, {}, {}, {}, {}, {}]}",1.4349054696881516e-10,,"[452.7355651855469, 451.1452331542969, 452.4458312988281, 450.82757568359375, 450.54901123046875, 450.4731140136719, 450.5802001953125, 450.7541809082031, 450.5940856933594, 451.4613037109375]",[260.2070617675781],[1814.6776123046875],[2523.168701171875],[3.3302719593048096],[12.192319869995117],
2026-10-05T09:47:08.461986+00:00,continuous coefficient 2D,3,"uniform(2D,9)",S9,S9,S9,"CG(AdditiveSchwarz(torch.float32, Inv(torch.float16), CUDSS, const_dofs_per_coarse=False), bsr_matmul=True)",False,0,1,10,5242880,209510400,"{'iterations': 108, 'residual norms': [0.18571504386934493, 15.958340842240547, 10.430328417944247, 15.542064914205083, 13.837258165744116, 11.887971790881222, 9.963129400958604, 6.3548348135037, 4.389279606216484, 4.541627388418664, 2.934229690467672, 0.9920933173871631, 0.5855664240339017, 0.393750233376786, 0.15874332582916598, 0.08475505723947542, 0.054510178551633606, 0.1197445751634121, 0.07993119520352611, 0.06458374756431891, 0.018303232196665964, 0.018103381402797044, 0.012263470701929203, 0.02028328003387728, 0.024409675980653106, 0.012804919408680207, 0.01118364173664879, 0.010757320746829863, 0.006762311400546127, 0.004547304591520965, 0.004096337663899257, 0.0025024624575622385, 0.002200937593894214, 0.0017650979117334023, 0.0012896912273290821, 0.0006331238609708741, 0.0006506814130437485, 0.00043489196758555147, 0.00022877737018491486, 0.00017377227015051352, 0.0001875179500571358, 0.0002200814022616926, 0.0001911554025869289, 0.0001990039046460945, 0.0001250238128228514, 7.451132219163434e-05, 8.087484542271211e-05, 8.058529516515127e-05, 5.581330670249489e-05, 5.299192812625355e-05, 4.5423746625236485e-05, 3.082149501784575e-05, 2.3311561246683698e-05, 2.512779555113138e-05, 1.8181241551821125e-05, 1.4021284228430507e-05, 1.2340603525776803e-05, 8.701648707809973e-06, 4.851935802481768e-06, 3.283441450833189e-06, 2.7198300571170496e-06, 1.7409334984912631e-06, 1.2994983090808577e-06, 1.1598607263108252e-06, 1.0167942083892763e-06, 7.533204869073008e-07, 9.376097565223304e-07, 8.186175486581498e-07, 7.097818624843419e-07, 5.582503400189842e-07, 5.733249387234079e-07, 4.713767960623411e-07, 3.0604498008826165e-07, 2.794572646361933e-07, 1.952039781291265e-07, 1.541257719975182e-07, 1.3281139778505443e-07, 1.2389638286947532e-07, 8.199261455478599e-08, 6.633167005271639e-08, 6.728241459284507e-08, 4.859563769897873e-08, 3.6886020247304686e-08, 3.201598432348734e-08, 2.6112965061695444e-08, 1.4956103748526382e-08, 1.1353092629109567e-08, 7.637573044167762e-09, 4.906544721428817e-09, 4.284365328666709e-09, 4.407257071834113e-09, 4.224904666012823e-09, 3.35953312550388e-09, 4.0862103817173756e-09, 3.539090282923727e-09, 2.5966465529386764e-09, 1.992383717485848e-09, 1.734739581785246e-09, 1.3864686008942017e-09, 9.85056143234204e-10, 8.956169856302337e-10, 6.33336947654959e-10, 4.343913501240601e-10, 3.6130801063826563e-10, 3.1922205088835785e-10, 2.462838698531578e-10, 2.2022251386974284e-10, 2.0223233779867776e-10, 1.5384582338663918e-10], 'preconditioner metadata': [{}, {}, {}, {}, {}, {}, {}, {}, {}, {}, {}, {}, {}, {}, {}, {}, {}, {}, {}, {}, {}, {}, {}, {}, {}, {}, {}, {}, {}, {}, {}, {}, {}, {}, {}, {}, {}, {}, {}, {}, {}, {}, {}, {}, {}, {}, {}, {}, {}, {}, {}, {}, {}, {}, {}, {}, {}, {}, {}, {}, {}, {}, {}, {}, {}, {}, {}, {}, {}, {}, {}, {}, {}, {}, {}, {}, {}, {}, {}, {}, {}, {}, {}, {}, {}, {}, {}, {}, {}, {}, {}, {}, {}, {}, {}, {}, {}, {}, {}, {}, {}, {}, {}, {}, {}, {}, {}, {}]}",1.542596359211429e-10,,"[504.6573181152344, 503.5405578613281, 503.9237060546875, 504.6308898925781, 505.14013671875, 504.08123779296875, 504.1561279296875, 503.73974609375, 503.7182922363281, 503.6780090332031]",[388.3500671386719],[1793.362060546875],[2269.610107421875],[13.755359649658203],[13.195072174072266],
2026-10-05T09:47:18.166230+00:00,continuous coefficient 2D,3,"uniform(2D,9)",S9,S9,S9,"CG(HybridSchwarz(torch.float32, Inv(torch.float16), CUDSS), bsr_matmul=True)",False,0,1,10,5242880,209510400,"{'iterations': 92, 'residual norms': [15.95731232957906, 10.542791859471043, 13.026290876521195, 12.696258382451589, 9.306262696118582, 5.048053811877914, 3.546402193977099, 2.4658615654717697, 0.7713549578583481, 0.3871313395651405, 0.22059911579613636, 0.06305334799060858, 0.09658693010069512, 0.09522551345587991, 0.06940953052441852, 0.03322952108744013, 0.020493391056644206, 0.024031650111804945, 0.02322553766353877, 0.010364660915992615, 0.011519774089755432, 0.009477333871158754, 0.008253487876268643, 0.006617260891605464, 0.0041521048302260955, 0.0026557904548904407, 0.0011702031706596662, 0.0010300361559322981, 0.0010074818289586838, 0.0009807330956787947, 0.0008218235355280053, 0.0005492215316542542, 0.0005116885840087294, 0.00031162435129791695, 0.0002303338105615663, 0.00020813811396266902, 0.00015499267131751827, 0.0001120045641798629, 8.493654517954898e-05, 8.923930400046234e-05, 6.229496710729721e-05, 3.636497805488288e-05, 2.7670942450753775e-05, 2.0207803474226698e-05, 1.6078593761153472e-05, 1.4908283127666367e-05, 1.5697740705294706e-05, 1.1598462036403244e-05, 8.423835167129241e-06, 6.404952243823723e-06, 4.395564665415354e-06, 3.27099018560185e-06, 2.093942674159917e-06, 1.7938365886658232e-06, 1.4693997001950702e-06, 1.0390534816139242e-06, 9.746834401203473e-07, 7.690824027075718e-07, 6.347450156683749e-07, 4.7543340037085703e-07, 2.9727193656218333e-07, 2.803095333739186e-07, 2.1461629634032035e-07, 1.9661256872157758e-07, 1.7922068176195169e-07, 1.4586001625434892e-07, 9.484723775636286e-08, 6.121357902157232e-08, 4.295422248871061e-08, 3.30687073004314e-08, 2.3339103023701336e-08, 1.9981718036070964e-08, 1.6706779057611668e-08, 1.2920366413056072e-08, 1.1329299519239314e-08, 1.0803051853232198e-08, 8.039472457765832e-09, 5.454866954678169e-09, 3.7093880512940198e-09, 3.0617300256530127e-09, 2.6713629988426104e-09, 2.3625510601688106e-09, 1.8092461170616562e-09, 1.4682982375434535e-09, 1.0484509249928967e-09, 6.96532185791312e-10, 4.984694147666881e-10, 3.54443984083011e-10, 2.933543621428419e-10, 2.3090734562356749e-10, 2.0080869041241412e-10, 2.1593555667854057e-10, 1.504486099935015e-10], 'preconditioner metadata': [{}, {}, {}, {}, {}, {}, {}, {}, {}, {}, {}, {}, {}, {}, {}, {}, {}, {}, {}, {}, {}, {}, {}, {}, {}, {}, {}, {}, {}, {}, {}, {}, {}, {}, {}, {}, {}, {}, {}, {}, {}, {}, {}, {}, {}, {}, {}, {}, {}, {}, {}, {}, {}, {}, {}, {}, {}, {}, {}, {}, {}, {}, {}, {}, {}, {}, {}, {}, {}, {}, {}, {}, {}, {}, {}, {}, {}, {}, {}, {}, {}, {}, {}, {}, {}, {}, {}, {}, {}, {}, {}, {}]}",1.5082346801684164e-10,,"[445.4053649902344, 446.1911315917969, 444.97686767578125, 447.98309326171875, 445.0988464355469, 445.6826477050781, 445.0067138671875, 445.8952941894531, 444.8108825683594, 445.2122802734375]",[264.0341796875],[1785.3187255859375],[2558.088134765625],[2.6929280757904053],[12.113151550292969],
2026-10-05T09:47:28.433868+00:00,continuous coefficient 2D,3,"uniform(2D,9)",S9,S9,S9,"CG(AdditiveSchwarz(torch.float32, Inv(torch.bfloat16), CUDSS, const_dofs_per_coarse=False), bsr_matmul=True)",False,0,1,10,5242880,209510400,"{'iterations': 109, 'residual norms': [0.18571504386934493, 15.958341131849895, 10.430965962160412, 15.549979258856574, 13.836797005740136, 11.890298781248749, 9.960170392581944, 6.417841728383566, 4.4060146528969, 4.512833895951865, 2.950810892261243, 1.4798028276600521, 0.5807440953208831, 0.40159704013929337, 0.2069926968370694, 0.08959722445517579, 0.05429053686076252, 0.10691338896612813, 0.08251873075753086, 0.0678927762499827, 0.02793024101511186, 0.015864157492409756, 0.014438201881183839, 0.01559895853976558, 0.023946089936254255, 0.01573011981354234, 0.011983961019123203, 0.011762231092293834, 0.010550744105548127, 0.005164235294356425, 0.004449492036719682, 0.003814327236888043, 0.0021650094312904737, 0.0021885772594758333, 0.001445405973895818, 0.0008976487636049362, 0.0006178031373195574, 0.0006060876344386302, 0.00033773112491523893, 0.00020428743838396259, 0.00019126339825906356, 0.00020729094192632177, 0.0001947350486241385, 0.00017514025995929693, 0.0001901338193407133, 0.00011395800282309359, 0.00010234123967964953, 9.552778893605282e-05, 6.991275759030085e-05, 5.443535000181273e-05, 5.1246898611761706e-05, 4.5684325138404114e-05, 3.1601058676429856e-05, 2.8379949546121904e-05, 2.5514821059305814e-05, 1.9824675513588075e-05, 1.4696298577184135e-05, 1.3260364711972972e-05, 9.989423585125706e-06, 6.165542716541615e-06, 4.161838307929238e-06, 3.5676416630300853e-06, 2.3875001623063875e-06, 1.5229782531258408e-06, 1.342295477573387e-06, 1.0610129036403558e-06, 8.265695265024654e-07, 8.037668659110393e-07, 8.134091645291476e-07, 6.963834813276458e-07, 6.088584579710632e-07, 7.502052124543734e-07, 4.839153463938691e-07, 3.635016599191926e-07, 3.408667675662458e-07, 2.3092390434187246e-07, 1.683188381271112e-07, 1.50060911632919e-07, 1.2560168651706172e-07, 8.721094211783708e-08, 7.723781631077103e-08, 7.335458030013032e-08, 4.971298467401808e-08, 4.025839511280408e-08, 3.9767970476814466e-08, 2.7086807533155685e-08, 1.8962027447973372e-08, 1.5861030848153683e-08, 1.1467493085761968e-08, 7.4304883983385725e-09, 5.037781868197055e-09, 4.724402805469567e-09, 3.654890527964019e-09, 3.475465407803257e-09, 3.6162138280692407e-09, 3.5124701769546324e-09, 2.8255635783700904e-09, 2.5852354022660007e-09, 2.5698563844733213e-09, 1.6561262577230036e-09, 1.4034351907689197e-09, 1.2025028940585844e-09, 9.004555661955929e-10, 5.349860141111656e-10, 4.450439919454314e-10, 3.7099292442843555e-10, 2.5450203614913085e-10, 2.3262359926934235e-10, 2.2045260527851375e-10, 1.743124078247345e-10], 'preconditioner metadata': [{}, {}, {}, {}, {}, {}, {}, {}, {}, {}, {}, {}, {}, {}, {}, {}, {}, {}, {}, {}, {}, {}, {}, {}, {}, {}, {}, {}, {}, {}, {}, {}, {}, {}, {}, {}, {}, {}, {}, {}, {}, {}, {}, {}, {}, {}, {}, {}, {}, {}, {}, {}, {}, {}, {}, {}, {}, {}, {}, {}, {}, {}, {}, {}, {}, {}, {}, {}, {}, {}, {}, {}, {}, {}, {}, {}, {}, {}, {}, {}, {}, {}, {}, {}, {}, {}, {}, {}, {}, {}, {}, {}, {}, {}, {}, {}, {}, {}, {}, {}, {}, {}, {}, {}, {}, {}, {}, {}, {}]}",1.7467952383816578e-10,,"[519.6721801757812, 508.88446044921875, 508.49566650390625, 508.1065368652344, 509.6661376953125, 508.28570556640625, 508.3822937011719, 511.08734130859375, 508.5549011230469, 509.43902587890625]",[387.5172119140625],[1811.577880859375],[2293.83837890625],[13.738143920898438],[13.17795181274414],
2026-10-05T09:47:38.062961+00:00,continuous coefficient 2D,3,"uniform(2D,9)",S9,S9,S9,"CG(HybridSchwarz(torch.float32, Inv(torch.bfloat16), CUDSS), bsr_matmul=True)",False,0,1,10,5242880,209510400,"{'iterations': 92, 'residual norms': [15.957317131410031, 10.543171521541671, 13.031998766421758, 12.706361504804548, 9.302618268408569, 5.075328009154115, 3.5747567205609982, 2.5091743569130216, 1.0148291147892248, 0.40331413689430484, 0.22544903761419563, 0.07489443046088962, 0.07959338992128565, 0.09004766372951321, 0.08156804215638125, 0.03591144670641898, 0.022973792484999273, 0.022133254449292386, 0.021626666625168864, 0.013811318749205334, 0.010226745176747681, 0.009864930486073977, 0.008601031691508283, 0.006662272113059915, 0.004845307965538856, 0.003706036112650214, 0.0014635637980523828, 0.0011245279494663802, 0.000972857837450105, 0.0010237961910953297, 0.0008930340856542182, 0.0006675751576047973, 0.0005818435916796819, 0.00038614442946402537, 0.00025685437598140925, 0.00023312826953326917, 0.00016926195596423074, 0.00013589535785255434, 0.00010072620234557744, 9.216708221838812e-05, 7.184054982734804e-05, 4.7808001306529206e-05, 3.849715482393129e-05, 2.9615843332166955e-05, 1.8834190201459373e-05, 1.5215315893450052e-05, 1.4094931823996486e-05, 1.3644036036546916e-05, 1.1407298262234815e-05, 8.925379530755126e-06, 6.597240008564429e-06, 4.399817665722879e-06, 2.912344540512651e-06, 2.1055440018204105e-06, 1.6905537003905338e-06, 1.3110611455396835e-06, 1.1094885871546184e-06, 8.898589156527476e-07, 7.812200193634697e-07, 5.918886617990547e-07, 4.358120807544429e-07, 3.519187422357991e-07, 2.6665444616829724e-07, 2.1808415721626762e-07, 1.870804188770388e-07, 1.5798439345138432e-07, 1.3489734580185713e-07, 1.0670906722996877e-07, 7.117719131513434e-08, 5.3187247128627645e-08, 3.460930120088748e-08, 2.5472464231505613e-08, 1.9225588020371216e-08, 1.3946140795156808e-08, 1.4325160175422668e-08, 1.2242992739984076e-08, 9.438538719678383e-09, 8.25175833714527e-09, 5.977055956292206e-09, 4.814777515674075e-09, 3.423092806743251e-09, 2.695443772721151e-09, 2.1489183487464507e-09, 1.648484690943812e-09, 1.5544747385617496e-09, 1.2325698552669571e-09, 8.717698421427163e-10, 5.990899786911158e-10, 4.2855273797862653e-10, 3.1519399905568897e-10, 2.451129127444579e-10, 2.039191427210414e-10, 1.724018958045122e-10], 'preconditioner metadata': [{}, {}, {}, {}, {}, {}, {}, {}, {}, {}, {}, {}, {}, {}, {}, {}, {}, {}, {}, {}, {}, {}, {}, {}, {}, {}, {}, {}, {}, {}, {}, {}, {}, {}, {}, {}, {}, {}, {}, {}, {}, {}, {}, {}, {}, {}, {}, {}, {}, {}, {}, {}, {}, {}, {}, {}, {}, {}, {}, {}, {}, {}, {}, {}, {}, {}, {}, {}, {}, {}, {}, {}, {}, {}, {}, {}, {}, {}, {}, {}, {}, {}, {}, {}, {}, {}, {}, {}, {}, {}, {}, {}]}",1.7271831187359055e-10,,"[444.9139709472656, 444.8553466796875, 448.406982421875, 445.6180419921875, 445.45074462890625, 445.2214050292969, 446.427734375, 444.9248352050781, 444.76953125, 445.7444152832031]",[266.0628356933594],[1773.3916015625],[2495.508544921875],[8.213983535766602],[11.98630428314209],
2026-10-05T09:47:56.415043+00:00,continuous coefficient 2D,3,"uniform(2D,9)",S9,S7,S7,"AdditiveSchwarz(torch.float64, Inv(), CUDSS, const_dofs_per_coarse=False)",False,10,10,10,5242880,209510400,{},8.168251040252356,"{'preprocessing time': 0.3080640137195587, 'coarse solver setup time': 1262.326171875, 'local solver setup time': 656.6326293945312, 'coarse solver solve time': 0.4861440181732178, 'local solver solve time': 3.818278503417969}","[4.5201057434082035, 4.506655883789063, 4.512236785888672, 4.526614379882813, 4.5103809356689455, 4.510063934326172, 4.509952163696289, 4.509084701538086, 4.508838272094726, 4.509468841552734]",[140.69871520996094],[1800.599365234375],[3646.018310546875],[2.3520960807800293],[2.9756479263305664],
2026-10-05T09:48:04.627454+00:00,continuous coefficient 2D,3,"uniform(2D,9)",S9,S7,S7,"HybridSchwarz(torch.float64, Inv(), CUDSS)",False,10,10,10,5242880,209510400,{},8.161876686646234,"{'preprocessing time': 0.2722240090370178, 'coarse solver setup time': 1266.7117919921875, 'local solver setup time': 660.3773193359375, 'coarse solver solve time': 0.4853216171264648, 'local solver solve time': 3.8185409545898437}","[4.630268859863281, 4.6224510192871096, 4.632067108154297, 4.618134307861328, 4.617174530029297, 4.6154624938964846, 4.615951919555664, 4.618102264404297, 4.615180969238281, 4.615644836425782]",[870.2451782226562],[1798.30908203125],[3952.309814453125],[2.3265280723571777],[2.394848108291626],
2026-10-05T09:48:11.437140+00:00,continuous coefficient 2D,3,"uniform(2D,9)",S9,S7,S7,"AdditiveSchwarz(torch.float64, Inv(torch.float32), CUDSS, const_dofs_per_coarse=False)",False,10,10,10,5242880,209510400,{},8.1682510402306,"{'preprocessing time': 0.29440000653266907, 'coarse solver setup time': 1284.901611328125, 'local solver setup time': 663.26318359375, 'coarse solver solve time': 0.48560638427734376, 'local solver solve time': 2.068032073974609}","[2.7584352493286133, 2.7667903900146484, 2.75830078125, 2.757187271118164, 2.7573759078979494, 2.760198402404785, 2.7603200912475585, 2.758697509765625, 2.756697654724121, 2.759440040588379]",[869.6182250976562],[1776.9697265625],[2974.764892578125],[2.967456102371216],[12.964032173156738],
2026-10-05T09:48:18.544191+00:00,continuous coefficient 2D,3,"uniform(2D,9)",S9,S7,S7,"HybridSchwarz(torch.float64, Inv(torch.float32), CUDSS)",False,10,10,10,5242880,209510400,{},8.161876686639934,"{'preprocessing time': 0.28784000873565674, 'coarse solver setup time': 1276.068603515625, 'local solver setup time': 659.4220581054688, 'coarse solver solve time': 0.48576960563659666, 'local solver solve time': 2.069388771057129}","[2.876092720031738, 2.8878400802612303, 2.8741792678833007, 2.873404884338379, 2.873660850524902, 2.869455909729004, 2.873043251037598, 2.872662353515625, 2.879376029968262, 2.872425651550293]",[872.7548828125],[1793.69287109375],[3260.067138671875],[3.0287039279937744],[11.867679595947266],
2026-10-05T09:48:24.947489+00:00,continuous coefficient 2D,3,"uniform(2D,9)",S9,S7,S7,"AdditiveSchwarz(torch.float64, Inv(torch.float16), CUDSS, const_dofs_per_coarse=False)",False,10,10,10,5242880,209510400,{},8.168251067220655,"{'preprocessing time': 0.27932798862457275, 'coarse solver setup time': 1288.2069091796875, 'local solver setup time': 680.2608032226562, 'coarse solver solve time': 0.48565120697021485, 'local solver solve time': 1.1635231971740723}","[1.8425888061523437, 1.845804786682129, 1.8445472717285156, 1.8460159301757812, 1.8458208084106444, 1.8455680847167968, 1.8450719833374023, 1.8452543258666991, 1.845484733581543, 1.844780731201172]",[881.9329833984375],[1916.744873046875],[2632.387939453125],[3.1037440299987793],[2.820096015930176],
2026-10-05T09:48:31.575792+00:00,continuous coefficient 2D,3,"uniform(2D,9)",S9,S7,S7,"HybridSchwarz(torch.float64, Inv(torch.float16), CUDSS)",False,10,10,10,5242880,209510400,{},8.16187669024011,"{'preprocessing time': 0.29363200068473816, 'coarse solver setup time': 1265.4022216796875, 'local solver setup time': 669.6288452148438, 'coarse solver solve time': 0.4844351768493652, 'local solver solve time': 1.1629695892333984}","[1.9585439682006835, 1.9570463180541993, 1.9772319793701172, 1.960495948791504, 1.9599903106689454, 1.9569568634033203, 1.9583328247070313, 1.957923126220703, 1.9567359924316405, 1.9625215530395508]",[867.2316284179688],[1797.611083984375],[2896.36669921875],[2.9397759437561035],[12.980256080627441],
2026-10-05T09:48:37.834016+00:00,continuous coefficient 2D,3,"uniform(2D,9)",S9,S7,S7,"AdditiveSchwarz(torch.float64, Inv(torch.bfloat16), CUDSS, const_dofs_per_coarse=False)",False,10,10,10,5242880,209510400,{},8.16825204050858,"{'preprocessing time': 0.31350401043891907, 'coarse solver setup time': 1309.409423828125, 'local solver setup time': 655.7978515625, 'coarse solver solve time': 0.4853759765625, 'local solver solve time': 1.1642144203186036}","[1.84649600982666, 1.8461151123046875, 1.8465375900268555, 1.8455423355102538, 1.8626016616821288, 1.8473472595214844, 1.846963119506836, 1.8459264755249023, 1.846460723876953, 1.844691276550293]",[851.024169921875],[1771.577880859375],[2629.583984375],[2.944704055786133],[12.133279800415039],
2026-10-05T09:48:44.404433+00:00,continuous coefficient 2D,3,"uniform(2D,9)",S9,S7,S7,"HybridSchwarz(torch.float64, Inv(torch.bfloat16), CUDSS)",False,10,10,10,5242880,209510400,{},8.161877265110633,"{'preprocessing time': 0.3129599988460541, 'coarse solver setup time': 1263.26025390625, 'local solver setup time': 658.5289306640625, 'coarse solver solve time': 0.48552961349487306, 'local solver solve time': 1.164192008972168}","[1.9592479705810546, 1.9600736618041992, 1.9596576690673828, 1.9595840454101563, 1.9592863082885743, 1.9597631454467774, 1.9582880020141602, 1.9583232879638672, 1.9597536087036134, 1.9589248657226563]",[870.8292846679688],[1784.1488037109375],[2883.836181640625],[2.235775947570801],[2.8272318840026855],
2026-10-05T09:48:51.110264+00:00,continuous coefficient 2D,3,"uniform(2D,9)",S9,S7,S7,"AdditiveSchwarz(torch.float32, Inv(), CUDSS, const_dofs_per_coarse=False)",False,10,10,10,5242880,209510400,{},8.1681575133037,"{'preprocessing time': 0.2847360074520111, 'coarse solver setup time': 1284.6802978515625, 'local solver setup time': 588.8139038085938, 'coarse solver solve time': 0.43370881080627444, 'local solver solve time': 2.0256063461303713}","[2.6791072845458985, 2.6972864151000975, 2.6794048309326173, 2.677456092834473, 2.678390312194824, 2.67587833404541, 2.678179168701172, 2.6768800735473635, 2.6773311614990236, 2.6745792388916017]",[871.772705078125],[1784.55029296875],[2861.360595703125],[2.9846720695495605],[13.04319953918457],
2026-10-05T09:48:57.704998+00:00,continuous coefficient 2D,3,"uniform(2D,9)",S9,S7,S7,"HybridSchwarz(torch.float32, Inv(), CUDSS)",False,10,10,10,5242880,209510400,{},8.161785044228358,"{'preprocessing time': 0.274944007396698, 'coarse solver setup time': 1260.309814453125, 'local solver setup time': 588.2300415039062, 'coarse solver solve time': 0.43331198692321776, 'local solver solve time': 2.0250688552856446}","[2.7449472427368162, 2.7461151123046874, 2.7457759857177733, 2.7480735778808594, 2.7484960556030273, 2.74649600982666, 2.74704647064209, 2.745859146118164, 2.750201606750488, 2.748307228088379]",[522.2123413085938],[1745.95361328125],[3134.715087890625],[2.7329599857330322],[2.8119359016418457],
2026-10-05T09:49:03.591770+00:00,continuous coefficient 2D,3,"uniform(2D,9)",S9,S7,S7,"AdditiveSchwarz(torch.float32, Inv(torch.float16), CUDSS, const_dofs_per_coarse=False)",False,10,10,10,5242880,209510400,{},8.168158422821028,"{'preprocessing time': 0.29075199365615845, 'coarse solver setup time': 1257.69921875, 'local solver setup time': 587.34423828125, 'coarse solver solve time': 0.4338208198547363, 'local solver solve time': 1.1609248161315917}","[1.8091039657592773, 1.8061695098876953, 1.8233919143676758, 1.8078815460205078, 1.8062751770019532, 1.8072799682617187, 1.8070688247680664, 1.8252992630004883, 1.806870460510254, 1.8077568054199218]",[643.6538696289062],[1766.9775390625],[2487.175537109375],[3.15830397605896],[2.4523839950561523],
2026-10-05T09:49:09.700122+00:00,continuous coefficient 2D,3,"uniform(2D,9)",S9,S7,S7,"HybridSchwarz(torch.float32, Inv(torch.float16), CUDSS)",False,10,10,10,5242880,209510400,{},8.16178266565381,"{'preprocessing time': 0.26796799898147583, 'coarse solver setup time': 1280.997314453125, 'local solver setup time': 591.9306030273438, 'coarse solver solve time': 0.43256320953369143, 'local solver solve time': 1.1608736038208007}","[1.8776351928710937, 1.878335952758789, 1.8764192581176757, 1.8777280807495118, 1.8783744812011718, 1.8776031494140626, 1.8781055450439452, 1.8780160903930665, 1.878611183166504, 1.8749183654785155]",[535.8609619140625],[1775.5224609375],[2809.3837890625],[2.2018558979034424],[2.7097280025482178],
2026-10-05T09:49:15.591534+00:00,continuous coefficient 2D,3,"uniform(2D,9)",S9,S7,S7,"AdditiveSchwarz(torch.float32, Inv(torch.bfloat16), CUDSS, const_dofs_per_coarse=False)",False,10,10,10,5242880,209510400,{},8.168158318721403,"{'preprocessing time': 0.2805759906768799, 'coarse solver setup time': 1271.855224609375, 'local solver setup time': 599.7921752929688, 'coarse solver solve time': 0.43376641273498534, 'local solver solve time': 1.155020809173584}","[1.8026880264282226, 1.8010528564453125, 1.8205280303955078, 1.8003456115722656, 1.8019136428833007, 1.8015840530395508, 1.8026847839355469, 1.8022367477416992, 1.801625633239746, 1.799001693725586]",[637.3518676757812],[1767.2835693359375],[2511.511962890625],[2.958240032196045],[2.841536045074463],
2026-10-05T09:49:21.653779+00:00,continuous coefficient 2D,3,"uniform(2D,9)",S9,S7,S7,"HybridSchwarz(torch.float32, Inv(torch.bfloat16), CUDSS)",False,10,10,10,5242880,209510400,{},8.161785193926521,"{'preprocessing time': 0.266431987285614, 'coarse solver setup time': 1263.0570068359375, 'local solver setup time': 589.403564453125, 'coarse solver solve time': 0.43325438499450686, 'local solver solve time': 1.154419231414795}","[1.869900894165039, 1.8671424865722657, 1.8677888870239259, 1.8679008483886719, 1.8675743103027345, 1.8709823608398437, 1.873504066467285, 1.8705055236816406, 1.8697599411010741, 1.866921615600586]",[531.8407592773438],[1756.305419921875],[2786.893310546875],[2.8274879455566406],[2.8383359909057617],
2026-10-05T09:49:27.901329+00:00,continuous coefficient 2D,3,"uniform(2D,9)",S9,S8,S8,"AdditiveSchwarz(torch.float64, Inv(), CUDSS, const_dofs_per_coarse=False)",False,10,10,10,5242880,209510400,{},11.459418653651376,"{'preprocessing time': 2.5611839294433594, 'coarse solver setup time': 1371.890380859375, 'local solver setup time': 458.8681640625, 'coarse solver solve time': 1.1677023887634277, 'local solver solve time': 1.055561637878418}","[2.4584096908569335, 2.4561920166015625, 2.455936050415039, 2.454819107055664, 2.4551807403564454, 2.459846305847168, 2.4569215774536133, 2.454191970825195, 2.4560096740722654, 2.4537696838378906]",[628.756591796875],[1780.61279296875],[2726.82275390625],[2.9663360118865967],[2.320607900619507],
2026-10-05T09:49:34.219795+00:00,continuous coefficient 2D,3,"uniform(2D,9)",S9,S8,S8,"HybridSchwarz(torch.float64, Inv(), CUDSS)",False,10,10,10,5242880,209510400,{},11.457155399512379,"{'preprocessing time': 2.6435201168060303, 'coarse solver setup time': 1369.5435791015625, 'local solver setup time': 466.1480407714844, 'coarse solver solve time': 1.168496036529541, 'local solver solve time': 1.0548928260803223}","[2.5988128662109373, 2.599148750305176, 2.599510383605957, 2.5996288299560546, 2.5988544464111327, 2.597078323364258, 2.599679946899414, 2.6014623641967773, 2.600271987915039, 2.5994815826416016]",[364.2043762207031],[1771.1243896484375],[3055.24853515625],[2.398240089416504],[2.8091840744018555],
2026-10-05T09:49:40.026733+00:00,continuous coefficient 2D,3,"uniform(2D,9)",S9,S8,S8,"AdditiveSchwarz(torch.float64, Inv(torch.float32), CUDSS, const_dofs_per_coarse=False)",False,10,10,10,5242880,209510400,{},11.459418653657941,"{'preprocessing time': 2.6262400150299072, 'coarse solver setup time': 1367.1397705078125, 'local solver setup time': 470.5911560058594, 'coarse solver solve time': 1.167574405670166, 'local solver solve time': 0.5822688102722168}","[1.9923519134521483, 1.9914207458496094, 1.9929183959960937, 1.9909727096557617, 1.9919296264648438, 1.9928224563598633, 1.9912128448486328, 1.992006492614746, 1.993462371826172, 1.9904895782470704]",[469.7828369140625],[1781.9892578125],[2551.595458984375],[3.1596479415893555],[12.983712196350098],
2026-10-05T09:49:46.210155+00:00,continuous coefficient 2D,3,"uniform(2D,9)",S9,S8,S8,"HybridSchwarz(torch.float64, Inv(torch.float32), CUDSS)",False,10,10,10,5242880,209510400,{},11.457155399514532,"{'preprocessing time': 2.5842878818511963, 'coarse solver setup time': 1428.727294921875, 'local solver setup time': 466.0206298828125, 'coarse solver solve time': 1.1672639846801758, 'local solver solve time': 0.5821023941040039}","[2.132009506225586, 2.1310176849365234, 2.129497528076172, 2.130985641479492, 2.1338239669799806, 2.1283391952514648, 2.131171226501465, 2.1278656005859373, 2.1313600540161133, 2.1302911758422853]",[373.0567626953125],[1780.212890625],[2950.661865234375],[2.4534080028533936],[2.618943929672241],
2026-10-05T09:49:51.932503+00:00,continuous coefficient 2D,3,"uniform(2D,9)",S9,S8,S8,"AdditiveSchwarz(torch.float64, Inv(torch.float16), CUDSS, const_dofs_per_coarse=False)",False,10,10,10,5242880,209510400,{},11.459418659073206,"{'preprocessing time': 2.421567916870117, 'coarse solver setup time': 1378.44970703125, 'local solver setup time': 473.90509033203125, 'coarse solver solve time': 1.1488320350646972, 'local solver solve time': 0.3451807975769043}","[1.7374303817749024, 1.726576042175293, 1.7258047103881835, 1.724675178527832, 1.7260255813598633, 1.7258367538452148, 1.725212860107422, 1.7255647659301758, 1.7270143508911133, 1.7272384643554688]",[470.218505859375],[1780.5179443359375],[2458.727783203125],[2.361567974090576],[13.022784233093262],
2026-10-05T09:49:57.895415+00:00,continuous coefficient 2D,3,"uniform(2D,9)",S9,S8,S8,"HybridSchwarz(torch.float64, Inv(torch.float16), CUDSS)",False,10,10,10,5242880,209510400,{},11.457155394157038,"{'preprocessing time': 2.5968639850616455, 'coarse solver setup time': 1390.9630126953125, 'local solver setup time': 462.8772888183594, 'coarse solver solve time': 1.1672127723693848, 'local solver solve time': 0.3455359935760498}","[1.8881311416625977, 1.8869184494018554, 1.8843231201171875, 1.8869184494018554, 1.8883455276489258, 1.8890335083007812, 1.8889631271362304, 1.8879007339477538, 1.907801628112793, 1.887446403503418]",[369.47357177734375],[1794.6494140625],[2774.0458984375],[2.979072093963623],[12.996800422668457],
2026-10-05T09:50:03.630995+00:00,continuous coefficient 2D,3,"uniform(2D,9)",S9,S8,S8,"AdditiveSchwarz(torch.float64, Inv(torch.bfloat16), CUDSS, const_dofs_per_coarse=False)",False,10,10,10,5242880,209510400,{},11.459419337577893,"{'preprocessing time': 2.55513596534729, 'coarse solver setup time': 1412.1917724609375, 'local solver setup time': 475.1649475097656, 'coarse solver solve time': 1.1678400039672852, 'local solver solve time': 0.34553279876708987}","[1.743459129333496, 1.7438175201416015, 1.7442495346069335, 1.7426176071166992, 1.7440031051635743, 1.749839973449707, 1.7417472839355468, 1.743190383911133, 1.758198356628418, 1.7538496017456056]",[475.9213562011719],[1808.2100830078125],[2516.992919921875],[2.278143882751465],[2.330336093902588],
2026-10-05T09:50:09.535506+00:00,continuous coefficient 2D,3,"uniform(2D,9)",S9,S8,S8,"HybridSchwarz(torch.float64, Inv(torch.bfloat16), CUDSS)",False,10,10,10,5242880,209510400,{},11.457155547781314,"{'preprocessing time': 2.586591958999634, 'coarse solver setup time': 1373.9449462890625, 'local solver setup time': 475.66229248046875, 'coarse solver solve time': 1.150265598297119, 'local solver solve time': 0.3457024097442627}","[1.8713504791259765, 1.869366455078125, 1.8727872848510743, 1.8721471786499024, 1.8848127365112304, 1.870684814453125, 1.8698976516723633, 1.8700063705444336, 1.8708831787109375, 1.8702911376953124]",[369.16180419921875],[1763.1278076171875],[2764.320556640625],[2.1921920776367188],[12.849696159362793],
2026-10-05T09:50:15.230139+00:00,continuous coefficient 2D,3,"uniform(2D,9)",S9,S8,S8,"AdditiveSchwarz(torch.float32, Inv(), CUDSS, const_dofs_per_coarse=False)",False,10,10,10,5242880,209510400,{},11.459258848592905,"{'preprocessing time': 2.6325759887695312, 'coarse solver setup time': 1350.6785888671875, 'local solver setup time': 455.7142333984375, 'coarse solver solve time': 0.9857631683349609, 'local solver solve time': 0.5476928234100342}","[1.8127264022827148, 1.8143840789794923, 1.8136224746704102, 1.814361572265625, 1.813711929321289, 1.8230207443237305, 1.8116159439086914, 1.8141376495361328, 1.812393569946289, 1.813100814819336]",[477.625244140625],[1829.4468994140625],[2426.462158203125],[2.3603200912475586],[12.414239883422852],
2026-10-05T09:50:21.054860+00:00,continuous coefficient 2D,3,"uniform(2D,9)",S9,S8,S8,"HybridSchwarz(torch.float32, Inv(), CUDSS)",False,10,10,10,5242880,209510400,{},11.45699421776165,"{'preprocessing time': 7.55020809173584, 'coarse solver setup time': 1368.521240234375, 'local solver setup time': 453.9596252441406, 'coarse solver solve time': 0.9830016136169434, 'local solver solve time': 0.5468607902526855}","[1.9047391891479493, 1.9048255920410155, 1.9078975677490235, 1.9074655532836915, 1.907516860961914, 1.9254240036010741, 1.906787109375, 1.9064447402954101, 1.9085023880004883, 1.9057535171508788]",[283.4697265625],[1789.659912109375],[2754.94921875],[2.1799681186676025],[2.4671359062194824],
2026-10-05T09:50:26.495205+00:00,continuous coefficient 2D,3,"uniform(2D,9)",S9,S8,S8,"AdditiveSchwarz(torch.float32, Inv(torch.float16), CUDSS, const_dofs_per_coarse=False)",False,10,10,10,5242880,209510400,{},11.459257034190337,"{'preprocessing time': 3.377023935317993, 'coarse solver setup time': 1373.592041015625, 'local solver setup time': 451.904296875, 'coarse solver solve time': 0.9859999656677246, 'local solver solve time': 0.3088992118835449}","[1.5648032188415528, 1.5659839630126953, 1.5649888038635253, 1.5650752067565918, 1.565657615661621, 1.5830944061279297, 1.5649696350097657, 1.5670751571655273, 1.5665056228637695, 1.5663423538208008]",[390.15277099609375],[1768.5665283203125],[2358.73193359375],[2.350048065185547],[12.22764778137207],
2026-10-05T09:50:32.126314+00:00,continuous coefficient 2D,3,"uniform(2D,9)",S9,S8,S8,"HybridSchwarz(torch.float32, Inv(torch.float16), CUDSS)",False,10,10,10,5242880,209510400,{},11.456995538347465,"{'preprocessing time': 2.521888017654419, 'coarse solver setup time': 1363.0985107421875, 'local solver setup time': 461.9712829589844, 'coarse solver solve time': 0.9871711730957031, 'local solver solve time': 0.30865600109100344}","[1.6578655242919922, 1.6573183059692382, 1.6592384338378907, 1.6635103225708008, 1.6573568344116212, 1.6577184677124024, 1.6760704040527343, 1.6591136932373047, 1.656287956237793, 1.657904052734375]",[286.58245849609375],[1761.895751953125],[2659.856201171875],[2.761823892593384],[2.3383679389953613],
2026-10-05T09:50:37.591533+00:00,continuous coefficient 2D,3,"uniform(2D,9)",S9,S8,S8,"AdditiveSchwarz(torch.float32, Inv(torch.bfloat16), CUDSS, const_dofs_per_coarse=False)",False,10,10,10,5242880,209510400,{},11.459259163438354,"{'preprocessing time': 2.538559913635254, 'coarse solver setup time': 1397.217529296875, 'local solver setup time': 453.5298767089844, 'coarse solver solve time': 0.9859199523925781, 'local solver solve time': 0.30851519107818604}","[1.5667840003967286, 1.5648768424987793, 1.5648768424987793, 1.566476821899414, 1.5679264068603516, 1.5666815757751464, 1.5669919967651367, 1.5807104110717773, 1.5810239791870118, 1.5668255805969238]",[388.8802185058594],[1776.0562744140625],[2377.955810546875],[2.954495906829834],[2.3265280723571777],
2026-10-05T09:50:43.244535+00:00,continuous coefficient 2D,3,"uniform(2D,9)",S9,S8,S8,"HybridSchwarz(torch.float32, Inv(torch.bfloat16), CUDSS)",False,10,10,10,5242880,209510400,{},11.456994107873268,"{'preprocessing time': 8.606271743774414, 'coarse solver setup time': 1354.68359375, 'local solver setup time': 447.8873596191406, 'coarse solver solve time': 0.986297607421875, 'local solver solve time': 0.30890560150146484}","[1.6584064483642578, 1.6588672637939452, 1.6717824935913086, 1.6575872421264648, 1.6568191528320313, 1.6715711593627929, 1.6568639755249024, 1.6591072082519531, 1.657663917541504, 1.6597888946533204]",[282.353515625],[1779.2269287109375],[2640.315185546875],[2.167520046234131],[2.835103988647461],
2026-10-05T09:50:50.218100+00:00,continuous coefficient 2D,3,"uniform(2D,9)",S9,S9,S9,"AdditiveSchwarz(torch.float64, Inv(), CUDSS, const_dofs_per_coarse=False)",False,10,10,10,5242880,209510400,{},15.958507239518875,"{'preprocessing time': 0.30003198981285095, 'coarse solver setup time': 1770.47900390625, 'local solver setup time': 409.08428955078125, 'coarse solver solve time': 2.94400634765625, 'local solver solve time': 0.3229696035385132}","[3.5338817596435548, 3.5383937835693358, 3.535939025878906, 3.536751937866211, 3.5358558654785157, 3.532339096069336, 3.531849670410156, 3.549184036254883, 3.5358657836914062, 3.5372127532958983]",[385.9029541015625],[1761.0904541015625],[3496.292724609375],[2.592031955718994],[12.325152397155762],
2026-10-05T09:50:57.413925+00:00,continuous coefficient 2D,3,"uniform(2D,9)",S9,S9,S9,"HybridSchwarz(torch.float64, Inv(), CUDSS)",False,10,10,10,5242880,209510400,{},15.957659224576224,"{'preprocessing time': 0.3423359990119934, 'coarse solver setup time': 1732.841796875, 'local solver setup time': 403.6104431152344, 'coarse solver solve time': 2.9443552017211916, 'local solver solve time': 0.3230623960494995}","[3.7639137268066407, 3.780470275878906, 3.7575870513916017, 3.7575199127197267, 3.766387176513672, 3.7590206146240233, 3.7609310150146484, 3.754937744140625, 3.7581600189208983, 3.758214569091797]",[248.570556640625],[1780.8646240234375],[3765.5908203125],[2.799328088760376],[12.665247917175293],
2026-10-05T09:51:04.406692+00:00,continuous coefficient 2D,3,"uniform(2D,9)",S9,S9,S9,"AdditiveSchwarz(torch.float64, Inv(torch.float32), CUDSS, const_dofs_per_coarse=False)",False,10,10,10,5242880,209510400,{},15.958507239522465,"{'preprocessing time': 0.28934401273727417, 'coarse solver setup time': 1762.6480712890625, 'local solver setup time': 403.1517639160156, 'coarse solver solve time': 2.945670318603516, 'local solver solve time': 0.19693759679794312}","[3.4235393524169924, 3.403734588623047, 3.40546875, 3.406208038330078, 3.4058303833007812, 3.408060836791992, 3.403939056396484, 3.405587387084961, 3.4048606872558596, 3.407689666748047]",[435.59033203125],[1837.1265869140625],[3433.218994140625],[3.176608085632324],[2.433759927749634],
2026-10-05T09:51:11.832863+00:00,continuous coefficient 2D,3,"uniform(2D,9)",S9,S9,S9,"HybridSchwarz(torch.float64, Inv(torch.float32), CUDSS)",False,10,10,10,5242880,209510400,{},15.957659224577657,"{'preprocessing time': 0.305184006690979, 'coarse solver setup time': 1747.2762451171875, 'local solver setup time': 416.1197509765625, 'coarse solver solve time': 2.9450815200805662, 'local solver solve time': 0.1965376019477844}","[3.636598587036133, 3.6342208862304686, 3.6299297332763674, 3.640934371948242, 3.6327678680419924, 3.6387264251708986, 3.6501953125, 3.633055877685547, 3.6351039886474608, 3.631001663208008]",[244.81333923339844],[2064.610107421875],[3741.4599609375],[2.793855905532837],[13.083552360534668],
2026-10-05T09:51:18.745382+00:00,continuous coefficient 2D,3,"uniform(2D,9)",S9,S9,S9,"AdditiveSchwarz(torch.float64, Inv(torch.float16), CUDSS, const_dofs_per_coarse=False)",False,10,10,10,5242880,209510400,{},15.958507285008121,"{'preprocessing time': 0.3272640109062195, 'coarse solver setup time': 1745.435791015625, 'local solver setup time': 405.9129638671875, 'coarse solver solve time': 2.944198417663574, 'local solver solve time': 0.13120959997177123}","[3.3553951263427733, 3.354198455810547, 3.354924774169922, 3.3538944244384767, 3.3609729766845704, 3.3558017730712892, 3.3553440093994142, 3.3545791625976564, 3.3544288635253907, 3.357737731933594]",[426.9961853027344],[1770.124755859375],[3394.418701171875],[2.830080032348633],[12.975584030151367],
2026-10-05T09:51:25.841051+00:00,continuous coefficient 2D,3,"uniform(2D,9)",S9,S9,S9,"HybridSchwarz(torch.float64, Inv(torch.float16), CUDSS)",False,10,10,10,5242880,209510400,{},15.95765923807177,"{'preprocessing time': 0.3237760066986084, 'coarse solver setup time': 1799.3671875, 'local solver setup time': 413.4078369140625, 'coarse solver solve time': 2.942524719238281, 'local solver solve time': 0.13137600421905518}","[3.5911903381347656, 3.5698783874511717, 3.5974655151367188, 3.5707233428955076, 3.579689788818359, 3.571664047241211, 3.5694816589355467, 3.5698753356933595, 3.5725376129150392, 3.5759071350097655]",[238.60362243652344],[1779.0654296875],[3761.015380859375],[3.0814080238342285],[13.026047706604004],
2026-10-05T09:51:32.817574+00:00,continuous coefficient 2D,3,"uniform(2D,9)",S9,S9,S9,"AdditiveSchwarz(torch.float64, Inv(torch.bfloat16), CUDSS, const_dofs_per_coarse=False)",False,10,10,10,5242880,209510400,{},15.958507178592368,"{'preprocessing time': 0.3375999927520752, 'coarse solver setup time': 1775.8255615234375, 'local solver setup time': 408.5586853027344, 'coarse solver solve time': 2.943065643310547, 'local solver solve time': 0.1317471981048584}","[3.353619384765625, 3.350223922729492, 3.359366226196289, 3.353084945678711, 3.3519649505615234, 3.3543487548828126, 3.3570430755615233, 3.3502079010009767, 3.3521312713623046, 3.356415939331055]",[429.5210876464844],[1812.5572509765625],[3422.720703125],[3.0050880908966064],[12.966560363769531],
2026-10-05T09:51:39.903205+00:00,continuous coefficient 2D,3,"uniform(2D,9)",S9,S9,S9,"HybridSchwarz(torch.float64, Inv(torch.bfloat16), CUDSS)",False,10,10,10,5242880,209510400,{},15.957659197605404,"{'preprocessing time': 0.3089599907398224, 'coarse solver setup time': 1728.6590576171875, 'local solver setup time': 402.8319396972656, 'coarse solver solve time': 2.9437887191772463, 'local solver solve time': 0.1317952036857605}","[3.574143981933594, 3.5759166717529296, 3.576172637939453, 3.581248092651367, 3.574639892578125, 3.5730430603027346, 3.5721569061279297, 3.5751937866210937, 3.574323272705078, 3.5760448455810545]",[242.51565551757812],[1801.011474609375],[3680.53125],[2.8052480220794678],[2.3464319705963135],
2026-10-05T09:51:46.647899+00:00,continuous coefficient 2D,3,"uniform(2D,9)",S9,S9,S9,"AdditiveSchwarz(torch.float32, Inv(), CUDSS, const_dofs_per_coarse=False)",False,10,10,10,5242880,209510400,{},15.957861889051623,"{'preprocessing time': 0.3203200101852417, 'coarse solver setup time': 1749.083984375, 'local solver setup time': 400.6566162109375, 'coarse solver solve time': 2.6088064193725584, 'local solver solve time': 0.1679136037826538}","[3.0681024551391602, 3.066262435913086, 3.0668895721435545, 3.066774368286133, 3.067420768737793, 3.0673599243164062, 3.066147232055664, 3.066009521484375, 3.066089630126953, 3.067740821838379]",[428.5272216796875],[1817.4278564453125],[3269.1669921875],[2.631295919418335],[12.951135635375977],
2026-10-05T09:51:53.498764+00:00,continuous coefficient 2D,3,"uniform(2D,9)",S9,S9,S9,"HybridSchwarz(torch.float32, Inv(), CUDSS)",False,10,10,10,5242880,209510400,{},15.957017538022379,"{'preprocessing time': 0.3205440044403076, 'coarse solver setup time': 1724.0997314453125, 'local solver setup time': 405.9200744628906, 'coarse solver solve time': 2.609737586975098, 'local solver solve time': 0.16867200136184693}","[3.2009761810302733, 3.19989128112793, 3.1987680435180663, 3.197235107421875, 3.1985599517822267, 3.1975872039794924, 3.2011871337890625, 3.1989791870117186, 3.1981184005737306, 3.2013057708740233]",[213.4899139404297],[1799.6065673828125],[3556.158935546875],[2.8018240928649902],[13.385631561279297],
2026-10-05T09:52:00.178547+00:00,continuous coefficient 2D,3,"uniform(2D,9)",S9,S9,S9,"AdditiveSchwarz(torch.float32, Inv(torch.float16), CUDSS, const_dofs_per_coarse=False)",False,10,10,10,5242880,209510400,{},15.95785488963016,"{'preprocessing time': 0.331167995929718, 'coarse solver setup time': 1764.353759765625, 'local solver setup time': 400.65374755859375, 'coarse solver solve time': 2.6103679656982424, 'local solver solve time': 0.1034432053565979}","[3.0147071838378907, 3.01507511138916, 3.014329528808594, 3.0323968887329102, 3.0142047882080076, 3.0156991958618162, 3.0134368896484376, 3.016102409362793, 3.017337608337402, 3.0156511306762694]",[388.7176818847656],[1800.830810546875],[3257.866455078125],[2.8467519283294678],[12.93887996673584],
2026-10-05T09:52:07.035596+00:00,continuous coefficient 2D,3,"uniform(2D,9)",S9,S9,S9,"HybridSchwarz(torch.float32, Inv(torch.float16), CUDSS)",False,10,10,10,5242880,209510400,{},15.957013782596206,"{'preprocessing time': 0.35686400532722473, 'coarse solver setup time': 1748.413818359375, 'local solver setup time': 396.35101318359375, 'coarse solver solve time': 2.6099679946899412, 'local solver solve time': 0.10323519706726074}","[3.1456832885742188, 3.1496416091918946, 3.145974349975586, 3.1463647842407227, 3.1483552932739256, 3.1476192474365234, 3.14562873840332, 3.1477472305297853, 3.1491424560546877, 3.1437503814697267]",[221.06851196289062],[1813.177734375],[3547.83251953125],[2.1553919315338135],[12.637920379638672],
2026-10-05T09:52:13.688707+00:00,continuous coefficient 2D,3,"uniform(2D,9)",S9,S9,S9,"AdditiveSchwarz(torch.float32, Inv(torch.bfloat16), CUDSS, const_dofs_per_coarse=False)",False,10,10,10,5242880,209510400,{},15.957861481836067,"{'preprocessing time': 0.31225600838661194, 'coarse solver setup time': 1773.3431396484375, 'local solver setup time': 399.85284423828125, 'coarse solver solve time': 2.610419273376465, 'local solver solve time': 0.101910400390625}","[3.011337661743164, 3.0087936401367186, 3.013987159729004, 3.013187217712402, 3.014918327331543, 3.0129695892333985, 3.011110305786133, 3.0152448654174804, 3.0165056228637694, 3.0134559631347657]",[380.79656982421875],[1787.3245849609375],[3265.362060546875],[3.1222081184387207],[2.8171520233154297],
2026-10-05T09:52:20.545846+00:00,continuous coefficient 2D,3,"uniform(2D,9)",S9,S9,S9,"HybridSchwarz(torch.float32, Inv(torch.bfloat16), CUDSS)",False,10,10,10,5242880,209510400,{},15.95700819537471,"{'preprocessing time': 0.32204800844192505, 'coarse solver setup time': 1781.9019775390625, 'local solver setup time': 399.2308654785156, 'coarse solver solve time': 2.6102624893188477, 'local solver solve time': 0.10144319534301757}","[3.142361640930176, 3.144745635986328, 3.1511552810668944, 3.1478143692016602, 3.146441650390625, 3.1486143112182616, 3.1424192428588866, 3.149206352233887, 3.1451839447021483, 3.1481536865234374]",[217.02902221679688],[1783.0311279296875],[3581.280517578125],[2.265471935272217],[13.030336380004883],
2026-10-05T09:53:05.245051+00:00,continuous coefficient 2D,5,"uniform(2D,8)",S8,S6,S6,"CG(AdditiveSchwarz(torch.float64, Inv(), CUDSS, const_dofs_per_coarse=False), bsr_matmul=True)",False,0,1,10,2752512,230759424,"{'iterations': 364, 'residual norms': [0.23042262653948303, 6.78130526634971, 3.9246640456160553, 15.93195946540761, 7.6849451993130655, 12.679384551589356, 7.5964361112592895, 8.93363308951689, 11.357617135518238, 10.253725431726355, 9.441889162196727, 12.980451424542467, 7.617927266331686, 10.550395065663222, 10.65595349157739, 8.073322777847286, 8.743537340355303, 9.09326653512556, 7.301009559522961, 7.499010652500479, 6.841092046282275, 6.24113908625679, 6.1417530523776485, 4.6281114493865285, 5.3906764772988005, 3.6412277588692916, 4.604756332092811, 3.2600806390331454, 2.879302665984978, 2.5944437400837934, 2.9396300374342856, 2.2772691024464464, 1.7350748236615947, 2.1219620828911254, 1.6543796667744204, 1.3943397375252646, 1.654015951026655, 1.6214015123408252, 1.0978290732458043, 1.0601636277604292, 1.0279557979860174, 0.8325054285824628, 0.9298513707943676, 0.8898866151302716, 0.6458634587905172, 0.5438214174693938, 0.4974292637232875, 0.48154032273180125, 0.4049335180365485, 0.4961748628105501, 0.3508124476687708, 0.28469804298238777, 0.3546418123956171, 0.37653723585475435, 0.2647488503288093, 0.3402848153411249, 0.38208126840911605, 0.36045229373440574, 0.33081672596631195, 0.32552633257761276, 0.26118887361127296, 0.25736671107492515, 0.3012382505191061, 0.22951750300460635, 0.2096373495119444, 0.225914234199166, 0.2035585115316477, 0.16264203557152346, 0.1453703848789973, 0.1336377236054317, 0.12148349746017569, 0.08202435213522709, 0.074308021065448, 0.07533126964546664, 0.05279097724269514, 0.04069486571555419, 0.04826771439927358, 0.027660969837727655, 0.02898176640947853, 0.028519404783577437, 0.02374853035891025, 0.018727920114073787, 0.024058733944316943, 0.025552117216785384, 0.020222819065640274, 0.025559775751693256, 0.026408961341705433, 0.024907502396503474, 0.026568014424377076, 0.03461029739592881, 0.02838423708674557, 0.02821936464874123, 0.025979078572467104, 0.026153861654045533, 0.023785297117043608, 0.025203361117831648, 0.022576332269346053, 0.018293904122281025, 0.017330306424725023, 0.02002635716529715, 0.021161999973953762, 0.018381281301185458, 0.015521881222591323, 0.01429159215563729, 0.016242299887899235, 0.013368186453459262, 0.012487931445505524, 0.011321474008675005, 0.008119223870246077, 0.008352948105423485, 0.008977104994737608, 0.006888593445592975, 0.0073337821194328625, 0.00785973014454168, 0.006450609146875432, 0.00507529493388317, 0.005208019329699064, 0.005696770422537385, 0.00470826974578837, 0.0034601470921249594, 0.0031240589199268247, 0.0029176206343716374, 0.0020868276688685013, 0.002119578200930077, 0.0016169332999035686, 0.0014002549026338783, 0.0012917293311728566, 0.0016112285045008124, 0.0013479704083809504, 0.0012424384630517742, 0.001229780511863329, 0.00105773556772106, 0.0007894072083891762, 0.0007157741516546694, 0.0006604206759358871, 0.00043698140453384096, 0.00040993912173802705, 0.0005055861491951977, 0.00042655226981141596, 0.0003328743873263857, 0.0004536106956263479, 0.000361874887348996, 0.0002620358824233133, 0.000276686636956254, 0.0002693768758375919, 0.00023010177877289662, 0.0003176919049534695, 0.0003320038278965907, 0.0003313582349994681, 0.0002731956413442615, 0.00031092417596565754, 0.00025296255275713636, 0.00023427722908696624, 0.00021037169531454162, 0.0002739885960671307, 0.00020422961997244345, 0.0001841380704425762, 0.00020218790418416398, 0.00019475621271004042, 0.00020265997996625886, 0.00023440983830900252, 0.00021860070147725592, 0.00016948899997054547, 0.00017196046883924976, 0.00018555163663004325, 0.00012320929035002906, 0.00013540040480257428, 0.00013264388953929736, 0.00010287014077985584, 9.325280338514844e-05, 0.00010148858545399383, 7.374454745217655e-05, 6.442828141541467e-05, 9.117032517814515e-05, 8.040376083273245e-05, 6.854387863238367e-05, 7.51674676245271e-05, 9.658186381759955e-05, 7.599855645614389e-05, 6.21917354353616e-05, 5.654850448240789e-05, 5.8411158716240055e-05, 5.699169448328953e-05, 5.7105664518974464e-05, 4.8394860411903696e-05, 4.069609873566165e-05, 3.841117926091685e-05, 3.8931363711499554e-05, 2.7648609122219732e-05, 2.5968424505042954e-05, 2.6230263201330666e-05, 2.582376009635707e-05, 1.9084713432356898e-05, 2.1419748204893555e-05, 1.6129952555107984e-05, 1.4845791804643849e-05, 1.7219510388410618e-05, 2.2744698385037356e-05, 2.158827640276534e-05, 1.959136084652524e-05, 2.1072165662768003e-05, 1.4880507645769266e-05, 1.3258482465202349e-05, 1.4346309605924983e-05, 1.3030349364937286e-05, 9.915125858116092e-06, 1.105390977001954e-05, 7.025918702655851e-06, 4.86922895300325e-06, 5.8749415012951494e-06, 5.636236438248256e-06, 3.954135816708408e-06, 3.433238670101374e-06, 3.0330304011202296e-06, 2.1516178920733086e-06, 1.7587346119090513e-06, 2.375919667866161e-06, 1.7917063239430377e-06, 1.5133406586669509e-06, 1.654512531344651e-06, 1.4261838970328396e-06, 1.1620175836618404e-06, 1.2584177300378315e-06, 1.556392752869504e-06, 1.2258684676273582e-06, 1.6285931823944266e-06, 1.4656295816922718e-06, 1.6017790585670802e-06, 1.4221748967787006e-06, 1.6179780742769574e-06, 1.720284981361804e-06, 1.440289611468826e-06, 1.2984207535558649e-06, 1.3967732009348208e-06, 1.2976540669892831e-06, 1.3192339565341971e-06, 1.5261998861653911e-06, 1.289830560498917e-06, 9.254506492580191e-07, 9.57130356169761e-07, 1.0729349118934614e-06, 8.257192765264672e-07, 9.372400733721773e-07, 8.174133429812309e-07, 6.15062158003834e-07, 5.426533771701896e-07, 5.180973263900347e-07, 3.6879227947734734e-07, 3.2652104252903736e-07, 3.525854806459772e-07, 3.9290387581437565e-07, 3.3773241038075296e-07, 3.1610157754805666e-07, 2.6266481755338325e-07, 3.231024322456449e-07, 2.7458707438085195e-07, 2.9206398933485965e-07, 2.5573973095595054e-07, 2.3835068934153911e-07, 2.1650155513487035e-07, 2.2373606574161645e-07, 1.963676970438376e-07, 1.7163179613370117e-07, 2.112645314005695e-07, 1.9435453659856545e-07, 1.516999673750618e-07, 1.4462111635377695e-07, 1.4172951829698972e-07, 1.0892738029560544e-07, 1.2034827289263484e-07, 1.301327651669447e-07, 1.0319642535656531e-07, 7.698080819591967e-08, 9.215733946106576e-08, 6.77869777516331e-08, 6.3929857852134e-08, 7.415048671056488e-08, 6.894192088638639e-08, 6.049933379515375e-08, 7.011777769995107e-08, 6.030640941728743e-08, 5.3697214998682295e-08, 5.4818239369689285e-08, 5.053021562822599e-08, 4.2360115258835994e-08, 4.232300197843136e-08, 3.554021873831345e-08, 3.1827781935550516e-08, 2.3889461480831426e-08, 2.2393917084170073e-08, 2.0790369850497605e-08, 1.6242889381425973e-08, 1.719374170503523e-08, 1.8997534519355697e-08, 1.612545383474428e-08, 1.4547124334228018e-08, 2.0463215744880627e-08, 1.4630836224658882e-08, 1.3430176371717767e-08, 1.6253634684950503e-08, 1.3308774820305209e-08, 9.828353622925609e-09, 1.0441470172266745e-08, 1.1031205451930272e-08, 9.017865359693208e-09, 9.66498195398698e-09, 1.0335469407973816e-08, 8.508032658784678e-09, 9.423239357567287e-09, 1.1785707954783995e-08, 1.2217955721395557e-08, 9.906321740835779e-09, 9.696364974405702e-09, 9.850542348425002e-09, 8.213778238055148e-09, 8.095134266972662e-09, 7.67600258026916e-09, 7.950431035559403e-09, 6.881950319450216e-09, 8.69380170317542e-09, 6.8102512553732496e-09, 6.02791115256543e-09, 6.127256676370804e-09, 6.340721221097064e-09, 5.283650189081461e-09, 5.926523831374571e-09, 5.357430708634573e-09, 4.306444041366621e-09, 3.3873293506181826e-09, 3.842959803729119e-09, 3.287838337506726e-09, 2.474337471078952e-09, 2.6688739526726774e-09, 2.37364551046216e-09, 1.5893709585259613e-09, 1.276507262756377e-09, 1.3853194724878132e-09, 1.0331296215150447e-09, 9.36606086436764e-10, 1.1719067202745578e-09, 1.0455312770999084e-09, 8.304510282628155e-10, 1.1147065623872835e-09, 9.934546078696027e-10, 7.987101386437135e-10, 7.179851631168509e-10, 6.758126974060985e-10, 5.190054679780284e-10, 5.744942595161021e-10, 5.601649526010191e-10, 5.60152499915534e-10, 4.813213791599335e-10, 4.965297776970527e-10, 4.596914922206419e-10, 4.783765879091308e-10, 3.7079369757859674e-10, 4.2392566612770627e-10, 3.6353553331751156e-10, 2.996913134564389e-10, 3.8074706565336697e-10, 3.4923676775637646e-10, 2.7963195471036076e-10, 3.164075635041329e-10, 3.208673841287833e-10, 2.1662257171012108e-10], 'preconditioner metadata': [{}, {}, {}, {}, {}, {}, {}, {}, {}, {}, {}, {}, {}, {}, {}, {}, {}, {}, {}, {}, {}, {}, {}, {}, {}, {}, {}, {}, {}, {}, {}, {}, {}, {}, {}, {}, {}, {}, {}, {}, {}, {}, {}, {}, {}, {}, {}, {}, {}, {}, {}, {}, {}, {}, {}, {}, {}, {}, {}, {}, {}, {}, {}, {}, {}, {}, {}, {}, {}, {}, {}, {}, {}, {}, {}, {}, {}, {}, {}, {}, {}, {}, {}, {}, {}, {}, {}, {}, {}, {}, {}, {}, {}, {}, {}, {}, {}, {}, {}, {}, {}, {}, {}, {}, {}, {}, {}, {}, {}, {}, {}, {}, {}, {}, {}, {}, {}, {}, {}, {}, {}, {}, {}, {}, {}, {}, {}, {}, {}, {}, {}, {}, {}, {}, {}, {}, {}, {}, {}, {}, {}, {}, {}, {}, {}, {}, {}, {}, {}, {}, {}, {}, {}, {}, {}, {}, {}, {}, {}, {}, {}, {}, {}, {}, {}, {}, {}, {}, {}, {}, {}, {}, {}, {}, {}, {}, {}, {}, {}, {}, {}, {}, {}, {}, {}, {}, {}, {}, {}, {}, {}, {}, {}, {}, {}, {}, {}, {}, {}, {}, {}, {}, {}, {}, {}, {}, {}, {}, {}, {}, {}, {}, {}, {}, {}, {}, {}, {}, {}, {}, {}, {}, {}, {}, {}, {}, {}, {}, {}, {}, {}, {}, {}, {}, {}, {}, {}, {}, {}, {}, {}, {}, {}, {}, {}, {}, {}, {}, {}, {}, {}, {}, {}, {}, {}, {}, {}, {}, {}, {}, {}, {}, {}, {}, {}, {}, {}, {}, {}, {}, {}, {}, {}, {}, {}, {}, {}, {}, {}, {}, {}, {}, {}, {}, {}, {}, {}, {}, {}, {}, {}, {}, {}, {}, {}, {}, {}, {}, {}, {}, {}, {}, {}, {}, {}, {}, {}, {}, {}, {}, {}, {}, {}, {}, {}, {}, {}, {}, {}, {}, {}, {}, {}, {}, {}, {}, {}, {}, {}, {}, {}, {}, {}, {}, {}, {}, {}, {}, {}, {}, {}, {}, {}, {}, {}, {}, {}, {}, {}, {}, {}, {}, {}, {}, {}, {}, {}, {}, {}, {}, {}, {}, {}, {}]}",2.1789473111434475e-10,,"[2229.732666015625, 2228.949462890625, 2232.247314453125, 2227.896240234375, 2228.31005859375, 2235.1123046875, 2236.339599609375, 2233.581298828125, 2228.6494140625, 2233.637451171875]",[150.9647674560547],[1763.274169921875],[2191.631103515625],[1.778656005859375],[1.388767957687378],
2026-10-05T09:53:30.642122+00:00,continuous coefficient 2D,5,"uniform(2D,8)",S8,S6,S6,"CG(HybridSchwarz(torch.float64, Inv(), CUDSS), bsr_matmul=True)",False,0,1,10,2752512,230759424,"{'iterations': 309, 'residual norms': [6.758096634456593, 6.034359355886266, 8.822444894953573, 10.493265594565834, 6.9447157539681905, 9.206835701234567, 10.546449568591433, 8.316442067374329, 10.866624409886374, 7.540925785587372, 10.42199168015217, 7.756837449125826, 7.905861659511834, 8.793240171506337, 6.529709838589677, 6.372659048260584, 5.91253988460981, 4.852978270645466, 4.767478761134787, 3.702822524313519, 3.987907234327259, 3.112443001858569, 2.4817683469041136, 2.1438608936433523, 2.2795568618747235, 1.4171610626389735, 1.5407535607764193, 1.1786856306614095, 0.9946482984814928, 1.145783686464007, 0.9087600105954721, 0.81813045214128, 0.6531444396137682, 0.6147592289360811, 0.7032211718347057, 0.4946356620696371, 0.4608093924299615, 0.35770569834417615, 0.33708362561240124, 0.3959530164355174, 0.25243486803175497, 0.24469893112782445, 0.25583795189406316, 0.23590711550202179, 0.22960679945536996, 0.23586174845064295, 0.3092338304952818, 0.2585595744494966, 0.2126636483681568, 0.2256099197314587, 0.19391595236915068, 0.17632800234872886, 0.15447327832436702, 0.16072637451062863, 0.11503779811037877, 0.13499437212742557, 0.09297763455426175, 0.07467821354653192, 0.07925453108374911, 0.053009166534097756, 0.054167019525143106, 0.05101958061455329, 0.03555998732707325, 0.04554024162969963, 0.034460331552184476, 0.03138617675492543, 0.039471424913301946, 0.03157762123376122, 0.033484672767466646, 0.03390220176847375, 0.02459596574373319, 0.030719924067890012, 0.026469775453741847, 0.02401910249031609, 0.02037046088227467, 0.015736732065944076, 0.017641715157132858, 0.01755189097702309, 0.016539942198886333, 0.013307920531716871, 0.017389902864469068, 0.01798457255029177, 0.015759124280941974, 0.017131094954510397, 0.015817406794975623, 0.015585528096853466, 0.01364500206092735, 0.011362087090386021, 0.012349003836212031, 0.008640456257291079, 0.008763644555827885, 0.010206080745679441, 0.005869526739716518, 0.005755463482909608, 0.00526278320155059, 0.004114351101062037, 0.0038644044688490946, 0.002554647571997324, 0.0022783323955787044, 0.0019112801358144775, 0.001416489699047309, 0.0012398477221534678, 0.0013566005011785953, 0.0010855910603185144, 0.001459253255229167, 0.0013022656296652199, 0.0012037016486370117, 0.0014287510128493726, 0.000831081781321983, 0.0009582867307827045, 0.0009746558372364658, 0.0009246660136854187, 0.0011293777095876185, 0.0010754786685900292, 0.0011327696868477745, 0.0009901637104689017, 0.0008132534995069219, 0.0007187151434128365, 0.000850992942731695, 0.0007348492158841908, 0.0006667047794384892, 0.000664349113550261, 0.00036831221289243483, 0.0003748938991724725, 0.00028848113196505893, 0.00024382664979008054, 0.0002967771455539293, 0.00018794455087455629, 0.0002506123499625055, 0.00022060674869722543, 0.00022711229553436498, 0.0002743320213039959, 0.00018358733953208049, 0.00021717741280160815, 0.00017089396533297795, 0.0001424226622999881, 0.00014943680169062464, 0.00012096497704718841, 9.649394322655258e-05, 8.677542727471754e-05, 8.68996800490059e-05, 7.732611288831809e-05, 7.895736027828013e-05, 8.223653026654732e-05, 9.420415838823172e-05, 8.683100207378774e-05, 6.434746382047367e-05, 6.60866465797655e-05, 5.526829262246797e-05, 4.7972566116784975e-05, 5.394529535267188e-05, 3.631274892066477e-05, 4.071798593193846e-05, 3.08188457220347e-05, 2.2266960742865004e-05, 2.6929100007394177e-05, 2.10059413870167e-05, 2.1628545943769434e-05, 1.6168934324000717e-05, 1.387720410801373e-05, 1.9372682145051945e-05, 1.8696581797158537e-05, 1.9979646377270277e-05, 2.120712130850856e-05, 1.3575404887826179e-05, 1.6234373245426398e-05, 1.5638822336772497e-05, 1.4175239929657931e-05, 1.486893740169319e-05, 1.1375901327399623e-05, 1.2771373935679355e-05, 1.4537746111472947e-05, 1.1940875250441013e-05, 1.1040248536692e-05, 9.06035200397004e-06, 8.282349111723323e-06, 6.469155691598271e-06, 6.540097639636028e-06, 4.998602392120737e-06, 4.8868788361169715e-06, 3.974990207134462e-06, 2.934636319720278e-06, 3.589536651998258e-06, 2.7016160563727245e-06, 2.889041818654611e-06, 2.6546349447197545e-06, 2.0794679092667312e-06, 2.4476971450328505e-06, 1.6863992953993046e-06, 1.6291628344400259e-06, 1.5800553120035722e-06, 1.5955242395227385e-06, 1.4750334422623016e-06, 1.5437205038559713e-06, 1.4466795983604663e-06, 1.420050982545166e-06, 1.4580055897790925e-06, 1.133328252263547e-06, 1.3627595588697217e-06, 1.1730238040013906e-06, 8.90508019345553e-07, 8.546913437994142e-07, 6.707960384504976e-07, 7.689094488609614e-07, 7.850052934517573e-07, 6.290195628328706e-07, 7.626898684222779e-07, 5.456590189037252e-07, 5.144990666844029e-07, 5.129423252949408e-07, 3.708960666381213e-07, 4.023550221789639e-07, 3.317860186919028e-07, 3.2975887476662665e-07, 3.176460901857046e-07, 3.463316693196765e-07, 3.341585629276968e-07, 2.996558740177589e-07, 2.8323010658152474e-07, 2.2707869981719577e-07, 2.5762375864690196e-07, 1.9495944923528366e-07, 2.1843304057655436e-07, 1.9751628924089024e-07, 1.6493447202985882e-07, 1.9419796703066616e-07, 1.427683351608965e-07, 1.886967749717016e-07, 1.7070318147298244e-07, 1.2616054716144423e-07, 1.5601483264746355e-07, 1.0808034124137704e-07, 1.2561856228647346e-07, 1.2995806489838337e-07, 8.45170988414839e-08, 9.533723361953926e-08, 7.72479683724271e-08, 5.8481814247694504e-08, 6.33615691732873e-08, 5.1151515302356776e-08, 4.2979539320468325e-08, 4.13734257217083e-08, 3.3691777728309845e-08, 3.053292273412352e-08, 3.0203905448843715e-08, 2.1230536170152912e-08, 2.1858679145677174e-08, 2.2904328301935217e-08, 2.1049224915109145e-08, 2.24489720653643e-08, 1.9066144414121773e-08, 1.9094080930042372e-08, 1.8338176961256192e-08, 1.5132697327075737e-08, 1.626714500986397e-08, 1.4146899448004155e-08, 1.3278549169044583e-08, 1.2899498887746337e-08, 1.1794296572473677e-08, 1.3847190429582024e-08, 1.5374923002968032e-08, 1.1651940388976242e-08, 1.2307990508606868e-08, 1.0693579100081449e-08, 8.360372983790838e-09, 9.465725227434125e-09, 6.870190216509651e-09, 6.412929466609249e-09, 6.406223407434202e-09, 4.896641297403644e-09, 5.13194958781245e-09, 5.289129037088049e-09, 3.794478487920401e-09, 4.500281833638325e-09, 3.570776514363964e-09, 3.3517934666734543e-09, 3.474444359846796e-09, 2.5791932729834857e-09, 3.533487777565296e-09, 2.8434686410254203e-09, 2.6000143342267036e-09, 2.6915685794902714e-09, 1.90169479080017e-09, 1.919286049460709e-09, 1.8961585794728552e-09, 1.485374867948057e-09, 2.2716450546036056e-09, 1.7760798671941192e-09, 2.0520150306044057e-09, 1.7655680057551413e-09, 1.1753619563646806e-09, 1.3639703311274892e-09, 8.35708172925674e-10, 9.39809378392594e-10, 8.569849609669516e-10, 6.09741625386191e-10, 7.139466348384688e-10, 5.386105468879229e-10, 5.277897389841589e-10, 4.796184627804049e-10, 4.286876694460468e-10, 4.322753275568117e-10, 3.944780736683726e-10, 3.9482543802681723e-10, 3.3098622874276774e-10, 3.5603793633888575e-10, 2.8702132951551906e-10, 2.534687604900074e-10, 3.0028186726373816e-10, 2.1535346532578107e-10], 'preconditioner metadata': [{}, {}, {}, {}, {}, {}, {}, {}, {}, {}, {}, {}, {}, {}, {}, {}, {}, {}, {}, {}, {}, {}, {}, {}, {}, {}, {}, {}, {}, {}, {}, {}, {}, {}, {}, {}, {}, {}, {}, {}, {}, {}, {}, {}, {}, {}, {}, {}, {}, {}, {}, {}, {}, {}, {}, {}, {}, {}, {}, {}, {}, {}, {}, {}, {}, {}, {}, {}, {}, {}, {}, {}, {}, {}, {}, {}, {}, {}, {}, {}, {}, {}, {}, {}, {}, {}, {}, {}, {}, {}, {}, {}, {}, {}, {}, {}, {}, {}, {}, {}, {}, {}, {}, {}, {}, {}, {}, {}, {}, {}, {}, {}, {}, {}, {}, {}, {}, {}, {}, {}, {}, {}, {}, {}, {}, {}, {}, {}, {}, {}, {}, {}, {}, {}, {}, {}, {}, {}, {}, {}, {}, {}, {}, {}, {}, {}, {}, {}, {}, {}, {}, {}, {}, {}, {}, {}, {}, {}, {}, {}, {}, {}, {}, {}, {}, {}, {}, {}, {}, {}, {}, {}, {}, {}, {}, {}, {}, {}, {}, {}, {}, {}, {}, {}, {}, {}, {}, {}, {}, {}, {}, {}, {}, {}, {}, {}, {}, {}, {}, {}, {}, {}, {}, {}, {}, {}, {}, {}, {}, {}, {}, {}, {}, {}, {}, {}, {}, {}, {}, {}, {}, {}, {}, {}, {}, {}, {}, {}, {}, {}, {}, {}, {}, {}, {}, {}, {}, {}, {}, {}, {}, {}, {}, {}, {}, {}, {}, {}, {}, {}, {}, {}, {}, {}, {}, {}, {}, {}, {}, {}, {}, {}, {}, {}, {}, {}, {}, {}, {}, {}, {}, {}, {}, {}, {}, {}, {}, {}, {}, {}, {}, {}, {}, {}, {}, {}, {}, {}, {}, {}, {}, {}, {}, {}, {}, {}, {}, {}, {}, {}, {}, {}, {}, {}, {}, {}, {}, {}, {}]}",2.1649413485490728e-10,,"[1911.714599609375, 1913.00341796875, 1911.85693359375, 1911.08837890625, 1911.3671875, 1917.010986328125, 1922.307861328125, 1921.8199462890625, 1910.71630859375, 1910.9400634765625]",[953.5357055664062],[1788.218505859375],[2374.973876953125],[1.4038079977035522],[1.418720006942749],
2026-10-05T09:53:51.566953+00:00,continuous coefficient 2D,5,"uniform(2D,8)",S8,S6,S6,"CG(AdditiveSchwarz(torch.float64, Inv(torch.float32), CUDSS, const_dofs_per_coarse=False), bsr_matmul=True)",False,0,1,10,2752512,230759424,"{'iterations': 364, 'residual norms': [0.23042262653948303, 6.781305266323899, 3.9246640449037047, 15.931959468712655, 7.684945198562762, 12.679384551758615, 7.596436116352606, 8.933633118348334, 11.357617135565837, 10.253725408650087, 9.441889188763584, 12.980451460077346, 7.617927283420431, 10.55039521645719, 10.65595374671526, 8.073322799744544, 8.743537341775376, 9.093266463685362, 7.301009581582431, 7.49901075222599, 6.841092033078268, 6.241139162872773, 6.141753089556397, 4.628111490438355, 5.390676401379272, 3.6412277782392573, 4.6047563691872755, 3.2600806409195813, 2.879302711155531, 2.5944437427679343, 2.939630046516988, 2.277269020158138, 1.7350747838600897, 2.1219620752446917, 1.6543797112628005, 1.3943396602934135, 1.6540162989205207, 1.6214014930224667, 1.0978290625339877, 1.060163679406048, 1.0279558239346163, 0.8325050445618927, 0.92985201671505, 0.8898864942459442, 0.645863474150654, 0.5438213772921232, 0.49742927506562207, 0.4815402234026924, 0.4049336140063685, 0.4961746472554345, 0.35081243709944626, 0.28469807766363, 0.3546418621015207, 0.3765372247460907, 0.2647488208392749, 0.34028485350599974, 0.38208138358692745, 0.36045233832862367, 0.3308167747293859, 0.3255263844013688, 0.26118889441422144, 0.2573667539748285, 0.3012382804136115, 0.2295174616771806, 0.20963734269442455, 0.2259144243101485, 0.2035585603588791, 0.16264204276587346, 0.14537040184271552, 0.1336377342027014, 0.12148349351621703, 0.082024361648881, 0.0743080452097794, 0.07533128951813542, 0.052790978817172686, 0.04069487762369941, 0.04826772327010388, 0.027660958818592447, 0.028981799982298065, 0.028519428608994136, 0.023748536449578406, 0.018727922103266764, 0.0240587416894011, 0.025552117868669257, 0.020222815900281025, 0.02555979412533609, 0.026408981455818957, 0.02490750834682287, 0.02656803019090563, 0.03461035888301006, 0.028384206824826397, 0.028219337286644667, 0.02597913108451427, 0.026153878004403913, 0.02378526047666801, 0.025203406001773117, 0.02257634315150577, 0.018293840597507535, 0.017330325267246798, 0.020026423860218585, 0.021161973242820844, 0.018381244521935895, 0.015521914200341167, 0.014291584979380911, 0.01624228577091368, 0.013368209318323726, 0.012487938467068214, 0.011321467464816541, 0.008119230000372525, 0.008352952601134899, 0.008977100923120757, 0.006888594216196584, 0.0073337863597132, 0.007859732847473192, 0.006450608758140156, 0.005075298616299648, 0.005208021427271595, 0.005696770907361577, 0.0047082693150905484, 0.003460149722738694, 0.0031240619950150274, 0.0029176221647541677, 0.002086828035693722, 0.002119578794749015, 0.0016169333921213333, 0.001400255043145787, 0.0012917297434082865, 0.0016112296512536361, 0.0013479708196357297, 0.0012424397605374994, 0.0012297811357278692, 0.001057735535019547, 0.0007894072720914633, 0.0007157747388605144, 0.0006604210621787782, 0.00043698148332763347, 0.00040993929191874965, 0.000505586243589627, 0.0004265524122041735, 0.000332874425556902, 0.0004536110314402923, 0.0003618750108093627, 0.00026203605429753456, 0.0002766867747703345, 0.0002693769582189336, 0.00023010186384456898, 0.00031769201889763845, 0.00033200419590790166, 0.0003313586681192633, 0.00027319583121564916, 0.00031092420434906915, 0.00025296282991284593, 0.0002342772639467106, 0.00021037180224363981, 0.0002739887665802612, 0.00020422991188196704, 0.0001841381246186898, 0.00020218815261853455, 0.0001947562198668033, 0.0002026601597481185, 0.00023440995350704425, 0.00021860095689239632, 0.00016948910746431158, 0.0001719606138436308, 0.00018555173047783295, 0.00012320933859561088, 0.00013540041270287221, 0.00013264395154937868, 0.00010287022465374638, 9.325285183764103e-05, 0.00010148864293092268, 7.374458701466809e-05, 6.442828207188198e-05, 9.117026324624935e-05, 8.040381355510087e-05, 6.854395848451612e-05, 7.516740050157165e-05, 9.658186778355088e-05, 7.599876819663082e-05, 6.219168633142632e-05, 5.654844270825735e-05, 5.841132526372758e-05, 5.6991665829064915e-05, 5.710558182694992e-05, 4.839500893857905e-05, 4.0696111760841106e-05, 3.841111756099528e-05, 3.8931420014894606e-05, 2.7648632579144133e-05, 2.596840158832395e-05, 2.623028381559226e-05, 2.5823794189654697e-05, 1.9084708869027254e-05, 2.141973831308794e-05, 1.6129967008962692e-05, 1.4845795752504774e-05, 1.721951459309552e-05, 2.274472591809538e-05, 2.1588295905741178e-05, 1.959135208218602e-05, 2.1072178332244812e-05, 1.4880520432944944e-05, 1.3258485483403813e-05, 1.4346311101941293e-05, 1.3030365694209097e-05, 9.915134996375436e-06, 1.105390501963139e-05, 7.0259177530364125e-06, 4.869236568051092e-06, 5.874942708255468e-06, 5.636231374380252e-06, 3.954151650855407e-06, 3.4332481274521773e-06, 3.0330181596895665e-06, 2.1516289067576662e-06, 1.7587482502657044e-06, 2.3758802848635336e-06, 1.7917117467180097e-06, 1.5133907973687142e-06, 1.6544659923346952e-06, 1.4261660436883932e-06, 1.162070693740683e-06, 1.2583896792812923e-06, 1.5562718699528402e-06, 1.2259412621296746e-06, 1.6286067653876205e-06, 1.4654708657101025e-06, 1.6019318787269623e-06, 1.4222369252791057e-06, 1.6177972092405234e-06, 1.7202479733959057e-06, 1.4405796651566988e-06, 1.2984021783694298e-06, 1.3965154262911953e-06, 1.2978528299001485e-06, 1.319329188069037e-06, 1.5257268916392717e-06, 1.290037734322445e-06, 9.258368453032665e-07, 9.568961969354414e-07, 1.0723854336265423e-06, 8.265109709611776e-07, 9.372123782374168e-07, 8.164831660417547e-07, 6.159089563001806e-07, 5.434509493372658e-07, 5.169864289201608e-07, 3.694275692741016e-07, 3.2731664727762215e-07, 3.5089930602046254e-07, 3.9319893873862375e-07, 3.3953887742270595e-07, 3.1541258720630187e-07, 2.6235680866841026e-07, 3.241433586537536e-07, 2.7392984092312506e-07, 2.91952307888291e-07, 2.5632761895559325e-07, 2.3814653571465186e-07, 2.162591188647189e-07, 2.2411270039642477e-07, 1.9634007548728016e-07, 1.715073877015518e-07, 2.114364969395866e-07, 1.9443956113614944e-07, 1.51632907588396e-07, 1.4466744254086934e-07, 1.4191587609812902e-07, 1.0898452111763558e-07, 1.2042542848360296e-07, 1.3020296893590246e-07, 1.0311848318674728e-07, 7.71061994935203e-08, 9.240039799828089e-08, 6.795444198328309e-08, 6.400580689618454e-08, 7.41128762766955e-08, 6.901868683151847e-08, 6.034157400966039e-08, 7.006625659250319e-08, 6.084908280244987e-08, 5.495409272135304e-08, 5.455765067734033e-08, 5.057082703958597e-08, 4.2305655074810864e-08, 4.228952217834955e-08, 3.613939244971678e-08, 3.196472690517582e-08, 2.402226443109824e-08, 2.247562782272396e-08, 2.1211075322454036e-08, 1.6239107171865875e-08, 1.7183989871511498e-08, 1.901985595629285e-08, 1.6281201413552008e-08, 1.4629011537087505e-08, 2.04212456007137e-08, 1.4637910442729091e-08, 1.3431675763453953e-08, 1.6258060823800063e-08, 1.3311925523512456e-08, 9.839850951673208e-09, 1.043860372574565e-08, 1.1043738298023798e-08, 9.025854314617334e-09, 9.648295199660128e-09, 1.0342069557183834e-08, 8.536351253906196e-09, 9.397971350010056e-09, 1.1793093984880552e-08, 1.2278621185582724e-08, 9.955871445978161e-09, 9.703786627032982e-09, 9.856171543787855e-09, 8.206431118474931e-09, 8.226780655711962e-09, 7.754225941990233e-09, 7.925328678159952e-09, 6.700752362867075e-09, 8.590255192598364e-09, 6.826592907579237e-09, 6.071883197389982e-09, 6.041671064832872e-09, 6.350683375117496e-09, 5.685134187925487e-09, 5.5393318822419716e-09, 5.1473146970772805e-09, 4.352672794992908e-09, 3.4087837685823335e-09, 3.77242213002212e-09, 3.310912465702292e-09, 2.4009828650695398e-09, 2.713217461208503e-09, 2.5349564241612833e-09, 1.5686440797885272e-09, 1.2593850770120643e-09, 1.4130926128809817e-09, 1.0177465427838104e-09, 9.222773159458373e-10, 1.1649050986811163e-09, 1.0436920613761508e-09, 8.330205561028105e-10, 1.1043948273066496e-09, 9.866621775499115e-10, 8.033222398634805e-10, 7.115364661452731e-10, 6.716821787021467e-10, 5.184156573695537e-10, 5.738738492195307e-10, 5.603784397209555e-10, 5.601699346083314e-10, 4.805695406488535e-10, 4.962127953296401e-10, 4.6106260770317137e-10, 4.808138228024902e-10, 3.7095621113778244e-10, 4.237139073837698e-10, 3.640293753168833e-10, 3.0002796408566875e-10, 3.8187531140834646e-10, 3.5094825265927894e-10, 2.80845447195007e-10, 3.1971702009076246e-10, 3.234304294150871e-10, 2.1681815685518277e-10], 'preconditioner metadata': [{}, {}, {}, {}, {}, {}, {}, {}, {}, {}, {}, {}, {}, {}, {}, {}, {}, {}, {}, {}, {}, {}, {}, {}, {}, {}, {}, {}, {}, {}, {}, {}, {}, {}, {}, {}, {}, {}, {}, {}, {}, {}, {}, {}, {}, {}, {}, {}, {}, {}, {}, {}, {}, {}, {}, {}, {}, {}, {}, {}, {}, {}, {}, {}, {}, {}, {}, {}, {}, {}, {}, {}, {}, {}, {}, {}, {}, {}, {}, {}, {}, {}, {}, {}, {}, {}, {}, {}, {}, {}, {}, {}, {}, {}, {}, {}, {}, {}, {}, {}, {}, {}, {}, {}, {}, {}, {}, {}, {}, {}, {}, {}, {}, {}, {}, {}, {}, {}, {}, {}, {}, {}, {}, {}, {}, {}, {}, {}, {}, {}, {}, {}, {}, {}, {}, {}, {}, {}, {}, {}, {}, {}, {}, {}, {}, {}, {}, {}, {}, {}, {}, {}, {}, {}, {}, {}, {}, {}, {}, {}, {}, {}, {}, {}, {}, {}, {}, {}, {}, {}, {}, {}, {}, {}, {}, {}, {}, {}, {}, {}, {}, {}, {}, {}, {}, {}, {}, {}, {}, {}, {}, {}, {}, {}, {}, {}, {}, {}, {}, {}, {}, {}, {}, {}, {}, {}, {}, {}, {}, {}, {}, {}, {}, {}, {}, {}, {}, {}, {}, {}, {}, {}, {}, {}, {}, {}, {}, {}, {}, {}, {}, {}, {}, {}, {}, {}, {}, {}, {}, {}, {}, {}, {}, {}, {}, {}, {}, {}, {}, {}, {}, {}, {}, {}, {}, {}, {}, {}, {}, {}, {}, {}, {}, {}, {}, {}, {}, {}, {}, {}, {}, {}, {}, {}, {}, {}, {}, {}, {}, {}, {}, {}, {}, {}, {}, {}, {}, {}, {}, {}, {}, {}, {}, {}, {}, {}, {}, {}, {}, {}, {}, {}, {}, {}, {}, {}, {}, {}, {}, {}, {}, {}, {}, {}, {}, {}, {}, {}, {}, {}, {}, {}, {}, {}, {}, {}, {}, {}, {}, {}, {}, {}, {}, {}, {}, {}, {}, {}, {}, {}, {}, {}, {}, {}, {}, {}, {}, {}, {}, {}, {}, {}, {}, {}, {}, {}, {}, {}, {}, {}, {}, {}, {}, {}]}",2.1811185643361875e-10,,"[1501.099609375, 1498.215576171875, 1498.605712890625, 1497.970703125, 1499.263427734375, 1509.717529296875, 1504.183837890625, 1503.65185546875, 1502.8841552734375, 1498.148681640625]",[954.478515625],[1778.87451171875],[2040.432861328125],[1.4231040477752686],[1.6143039464950562],
2026-10-05T09:54:10.745246+00:00,continuous coefficient 2D,5,"uniform(2D,8)",S8,S6,S6,"CG(HybridSchwarz(torch.float64, Inv(torch.float32), CUDSS), bsr_matmul=True)",False,0,1,10,2752512,230759424,"{'iterations': 309, 'residual norms': [6.758096634456592, 6.0343593550928, 8.822444885404424, 10.493265591260183, 6.944715750659626, 9.206835702169823, 10.546449562388737, 8.316442056733461, 10.866624399760141, 7.540925778528971, 10.421991677773919, 7.756837445928693, 7.905861664927924, 8.793240142608788, 6.529709831868038, 6.372659038425848, 5.912539894188819, 4.852978274726216, 4.7674787670914105, 3.702822530213644, 3.987907227232191, 3.112443006262283, 2.4817683535070936, 2.14386087822866, 2.2795568706507274, 1.4171610640912744, 1.5407535543031257, 1.1786856327103714, 0.9946482926995073, 1.1457836962285668, 0.9087600084606082, 0.8181304496448747, 0.6531444400874079, 0.6147592345068958, 0.7032211705854253, 0.49463567110732154, 0.46080939168805496, 0.35770570003823127, 0.33708362923805507, 0.3959530192099319, 0.25243487000821774, 0.24469893465444503, 0.25583795580224905, 0.2359071196250645, 0.22960680216830262, 0.2358617585813549, 0.309233840002338, 0.2585595934015617, 0.21266365514934613, 0.22560994682839638, 0.19391597740081265, 0.1763280154566845, 0.15447330243870286, 0.16072640131843094, 0.11503781592322106, 0.13499440048445363, 0.09297764223783511, 0.07467822776761389, 0.07925456349492556, 0.05300917935009985, 0.05416703600700524, 0.05101959549546987, 0.035559992418477085, 0.04554025643429084, 0.03446033560175266, 0.031386178253655896, 0.03947144270137041, 0.031577610384469594, 0.03348467340643256, 0.03390221217907865, 0.02459593542222339, 0.030719969015306887, 0.02646974662461326, 0.024019068604423294, 0.020370490709187318, 0.015736679900943046, 0.017641767971107676, 0.017551866663215246, 0.0165399184721609, 0.01330793481160312, 0.017389886103636752, 0.017984589358489157, 0.015759121669951387, 0.017131097181469563, 0.015817407103084633, 0.015585521397794757, 0.013645006265741262, 0.011362086955838225, 0.012349003047295803, 0.00864045653438841, 0.008763644488981408, 0.010206081157066053, 0.005869527242996133, 0.005755463288258676, 0.005262783670322304, 0.0041143511030680615, 0.0038644047285324805, 0.002554647999325982, 0.0022783323891266524, 0.0019112805062301028, 0.0014164899065730843, 0.0012398478358770573, 0.001356600986473639, 0.0010855911475385564, 0.001459253578622808, 0.0013022661406784954, 0.0012037018715110113, 0.0014287516261901145, 0.0008310819958280501, 0.0009582869921643185, 0.000974656197869111, 0.000924666208826455, 0.0011293781073356698, 0.0010754792859940694, 0.0011327702184137246, 0.0009901644255296564, 0.0008132539889676193, 0.0007187153888297894, 0.0008509935750748602, 0.0007348496482965496, 0.0006667052937543339, 0.0006643498995247674, 0.0003683123129055289, 0.000374894037464841, 0.0002884812506697697, 0.00024382668694469817, 0.0002967773279628481, 0.00018794458209243437, 0.0002506123925005817, 0.00022060684914491138, 0.00022711230689865755, 0.0002743320994172481, 0.00018358739270401043, 0.0002171774171033937, 0.00017089405366831447, 0.0001424227152551638, 0.0001494368166112773, 0.00012096512663340926, 9.649395576392891e-05, 8.677543473178378e-05, 8.689983950579284e-05, 7.732607755778245e-05, 7.895743668548219e-05, 8.223664934377674e-05, 9.420410442042224e-05, 8.683119895753088e-05, 6.434746549261936e-05, 6.608665119213242e-05, 5.526835706296173e-05, 4.797255266875895e-05, 5.3945374481098074e-05, 3.6312758433138965e-05, 4.0718004493588294e-05, 3.0818873637881515e-05, 2.226696623127475e-05, 2.6929121916825715e-05, 2.100596341800463e-05, 2.162855710839568e-05, 1.6168939351681395e-05, 1.3877220935984178e-05, 1.9372655008036285e-05, 1.869660261575578e-05, 1.9979674921545616e-05, 2.1207036119880052e-05, 1.357551182778011e-05, 1.6234257133350054e-05, 1.563869870179199e-05, 1.4175541997395318e-05, 1.4868489257333295e-05, 1.1376161453241702e-05, 1.2771285150704183e-05, 1.4536727075683945e-05, 1.1942188872380032e-05, 1.1039846360516931e-05, 9.060295669611414e-06, 8.283838055713654e-06, 6.468331695339773e-06, 6.540855106342091e-06, 4.9989963350697784e-06, 4.8860843004126346e-06, 3.976151711953634e-06, 2.9346460297131516e-06, 3.58852036653926e-06, 2.7029685249495764e-06, 2.8879448208819636e-06, 2.6547104193624864e-06, 2.081103577348857e-06, 2.444097963550509e-06, 1.6898929654551778e-06, 1.6278414626849055e-06, 1.5789216282930274e-06, 1.5990788446908974e-06, 1.4716941898353784e-06, 1.5462244416631533e-06, 1.4461205371095661e-06, 1.4192370568749813e-06, 1.4598488889396474e-06, 1.132521991905813e-06, 1.3633116681913698e-06, 1.1732674994491202e-06, 8.902985302552037e-07, 8.550445676994144e-07, 6.706833366298224e-07, 7.689364088313103e-07, 7.851634830855885e-07, 6.289439900365275e-07, 7.627828360842893e-07, 5.456604562553784e-07, 5.144787717899763e-07, 5.129668321395854e-07, 3.708902279630814e-07, 4.0235363727472096e-07, 3.317886897410402e-07, 3.297583646306072e-07, 3.17644289684738e-07, 3.463368855317069e-07, 3.3415465669015394e-07, 2.996612755216433e-07, 2.832316442706107e-07, 2.2707677341819222e-07, 2.576296044527189e-07, 1.9495584508740648e-07, 2.1843541957035222e-07, 1.9751550675740507e-07, 1.6493428442022976e-07, 1.941980952044024e-07, 1.4276795128119655e-07, 1.886967839607128e-07, 1.7070217324943194e-07, 1.2616163814041622e-07, 1.5601140380807424e-07, 1.0808200921560111e-07, 1.256147648881037e-07, 1.2995602537833083e-07, 8.452024831870364e-08, 9.533023129190825e-08, 7.725205719816789e-08, 5.8482894077868885e-08, 6.33570432636746e-08, 5.1156998351682255e-08, 4.2978251105906654e-08, 4.1374312675708474e-08, 3.369388352671483e-08, 3.0531316511124104e-08, 3.0206148670440647e-08, 2.1230493768133017e-08, 2.1858439097889395e-08, 2.2904976534175016e-08, 2.104890441416605e-08, 2.2449326292391164e-08, 1.9066104719068954e-08, 1.9094058926940762e-08, 1.8338332874600483e-08, 1.513264562107528e-08, 1.62672037641041e-08, 1.4146892905015909e-08, 1.327856401109154e-08, 1.2899515544534417e-08, 1.1794290188515144e-08, 1.3847213423714152e-08, 1.5374900580816972e-08, 1.1651953242492899e-08, 1.2307966531267084e-08, 1.069357684084123e-08, 8.360384438715929e-09, 9.465685184038117e-09, 6.870239733716355e-09, 6.4128974283035245e-09, 6.406235533808574e-09, 4.896666240570255e-09, 5.1319050853272325e-09, 5.289164207453909e-09, 3.794476601114887e-09, 4.500256116129733e-09, 3.570812178587882e-09, 3.351759510212032e-09, 3.4744591680313356e-09, 2.5792089228565454e-09, 3.5334239485329352e-09, 2.843525658686257e-09, 2.5999910485865603e-09, 2.6915668919167827e-09, 1.901735205926803e-09, 1.9192622551677064e-09, 1.8961896740048258e-09, 1.485406072406893e-09, 2.2715132464493313e-09, 1.7761837528523257e-09, 2.0519714309797254e-09, 1.7655215050986914e-09, 1.1755265210948982e-09, 1.3637458158857097e-09, 8.358605431244684e-10, 9.397367583161365e-10, 8.567306182839943e-10, 6.100739467996561e-10, 7.134984827573328e-10, 5.38749467221924e-10, 5.282202938206773e-10, 4.788483794728738e-10, 4.2944861995241727e-10, 4.321398734668797e-10, 3.940689446156746e-10, 3.9596936522488047e-10, 3.3035092948534255e-10, 3.56352793248174e-10, 2.8771684038727397e-10, 2.528592658333713e-10, 3.005514923993587e-10, 2.1573331189467252e-10], 'preconditioner metadata': [{}, {}, {}, {}, {}, {}, {}, {}, {}, {}, {}, {}, {}, {}, {}, {}, {}, {}, {}, {}, {}, {}, {}, {}, {}, {}, {}, {}, {}, {}, {}, {}, {}, {}, {}, {}, {}, {}, {}, {}, {}, {}, {}, {}, {}, {}, {}, {}, {}, {}, {}, {}, {}, {}, {}, {}, {}, {}, {}, {}, {}, {}, {}, {}, {}, {}, {}, {}, {}, {}, {}, {}, {}, {}, {}, {}, {}, {}, {}, {}, {}, {}, {}, {}, {}, {}, {}, {}, {}, {}, {}, {}, {}, {}, {}, {}, {}, {}, {}, {}, {}, {}, {}, {}, {}, {}, {}, {}, {}, {}, {}, {}, {}, {}, {}, {}, {}, {}, {}, {}, {}, {}, {}, {}, {}, {}, {}, {}, {}, {}, {}, {}, {}, {}, {}, {}, {}, {}, {}, {}, {}, {}, {}, {}, {}, {}, {}, {}, {}, {}, {}, {}, {}, {}, {}, {}, {}, {}, {}, {}, {}, {}, {}, {}, {}, {}, {}, {}, {}, {}, {}, {}, {}, {}, {}, {}, {}, {}, {}, {}, {}, {}, {}, {}, {}, {}, {}, {}, {}, {}, {}, {}, {}, {}, {}, {}, {}, {}, {}, {}, {}, {}, {}, {}, {}, {}, {}, {}, {}, {}, {}, {}, {}, {}, {}, {}, {}, {}, {}, {}, {}, {}, {}, {}, {}, {}, {}, {}, {}, {}, {}, {}, {}, {}, {}, {}, {}, {}, {}, {}, {}, {}, {}, {}, {}, {}, {}, {}, {}, {}, {}, {}, {}, {}, {}, {}, {}, {}, {}, {}, {}, {}, {}, {}, {}, {}, {}, {}, {}, {}, {}, {}, {}, {}, {}, {}, {}, {}, {}, {}, {}, {}, {}, {}, {}, {}, {}, {}, {}, {}, {}, {}, {}, {}, {}, {}, {}, {}, {}, {}, {}, {}, {}, {}, {}, {}, {}, {}, {}]}",2.1684586467246627e-10,,"[1292.8360595703125, 1294.298828125, 1296.05029296875, 1294.8612060546875, 1303.5751953125, 1297.1339111328125, 1296.7857666015625, 1292.8050537109375, 1291.576904296875, 1292.24072265625]",[956.4119873046875],[1784.060791015625],[2412.683837890625],[2.1095681190490723],[1.5729279518127441],
2026-10-05T09:54:28.318164+00:00,continuous coefficient 2D,5,"uniform(2D,8)",S8,S6,S6,"CG(AdditiveSchwarz(torch.float64, Inv(torch.float16), CUDSS, const_dofs_per_coarse=False), bsr_matmul=True)",False,0,1,10,2752512,230759424,"{'iterations': 367, 'residual norms': [0.23042262653948303, 6.781305208640405, 3.924703990231251, 15.931982790972544, 7.684988476062439, 12.679333098243877, 7.596535386028068, 8.933210908931173, 11.357938033747455, 10.25496925110402, 9.441726149115617, 12.980990906704829, 7.620433708375013, 10.550134157577284, 10.663287901808271, 8.077414503762775, 8.743980607192187, 9.103407005092055, 7.302549540316813, 7.498558325637384, 6.847821276017913, 6.241061089779696, 6.147457263600235, 4.632950637085628, 5.391734833502171, 3.657517900400456, 4.5992893416828835, 3.3050794905595775, 2.88598205580517, 2.599764281538428, 2.9640150819498405, 2.2790774153062543, 1.7510514815612184, 2.118752310183225, 1.6693128088839309, 1.4182064577138929, 1.6149377163042213, 1.6546819446585104, 1.1141919413138526, 1.0597474425359101, 1.05287745888373, 0.8600729554648474, 0.8940616446503582, 0.9059270548605513, 0.6463648272404802, 0.54775341763166, 0.4986414176314581, 0.4852897098229779, 0.408043251608488, 0.5023018403341986, 0.36503703374996377, 0.2849360487758855, 0.35335198097231013, 0.39087213393847764, 0.26651774834950653, 0.3395091593032387, 0.3901406403886577, 0.3588226052180511, 0.3350215263693453, 0.3280185616769372, 0.26177097866281057, 0.2615862565298324, 0.2980097633424623, 0.237263177639326, 0.21200528500220436, 0.2206827694145491, 0.20975756199340853, 0.16345144800804393, 0.14745081099040108, 0.13592023330296166, 0.122497481562565, 0.08670913305309137, 0.07366850642957606, 0.07591058967964734, 0.05573230293163548, 0.04026369486957315, 0.04841029321609183, 0.030588152359475155, 0.02867413319787508, 0.02837003388433066, 0.025568812650860345, 0.019269496835566342, 0.02336482285775177, 0.023850934148418008, 0.02336538050893245, 0.0239649261334166, 0.02321179343676692, 0.027573857158006813, 0.027399298926104088, 0.027949127792112328, 0.03178205837630513, 0.03135428547462117, 0.023853340517788462, 0.0244180633293545, 0.027162083715217347, 0.023022851318363312, 0.02167047642604355, 0.021481325792812932, 0.017067442870551792, 0.017434277404236108, 0.021683145105882307, 0.020046117639999802, 0.014699751355660266, 0.014354763333273964, 0.016095794360172624, 0.013836568400911776, 0.011731210367115007, 0.011973674397366851, 0.008099589242372874, 0.008213262849201708, 0.008828823215288164, 0.007338794510595367, 0.006802557385365434, 0.008193369501152556, 0.006537494388878401, 0.005152774220908663, 0.005074459507369922, 0.0057310793029967935, 0.005021021106600286, 0.0035676448649777496, 0.0030585760136049517, 0.0029769805357083945, 0.0021843292252924852, 0.002047929162862591, 0.0017411111534716037, 0.0013754086069087815, 0.0013394933832859112, 0.0015126190008933167, 0.0014862173560019625, 0.0012152102613549112, 0.00124106959366646, 0.0010732500829449215, 0.0008523625670757109, 0.0006845965806570006, 0.0006903276620365455, 0.0004624975447264688, 0.0003962461625797363, 0.0005025083059444826, 0.0004296466460596967, 0.00035233842791311944, 0.0004098748951217151, 0.00040885220538752835, 0.00027225662853186194, 0.0002684354031618241, 0.0002623292799688321, 0.0002517094372620178, 0.0002875232180155333, 0.0003307790800048275, 0.000339116179330788, 0.00029784181653339854, 0.0002870228869658751, 0.0002824697589770423, 0.00024297461010858209, 0.00021112143736684848, 0.0002759920832207559, 0.0002378924910234573, 0.00018327888522564074, 0.00020769488732593576, 0.00019281817486277195, 0.00021057496980692828, 0.00023404334157276394, 0.00021961864708308905, 0.00018522040635154314, 0.000173064156081905, 0.00018036808308413024, 0.00013479993488349284, 0.00013993623679337225, 0.00011984646881801626, 0.00012035296744600052, 0.00010194937552667089, 9.470905862273377e-05, 7.487018466124773e-05, 8.046093569088476e-05, 6.957377160054831e-05, 7.745162740862099e-05, 9.051610469863671e-05, 6.90565290002025e-05, 7.886534692023542e-05, 9.100977464234236e-05, 7.223975764452425e-05, 5.646550889403539e-05, 6.104200092457878e-05, 5.37742968361552e-05, 5.6509925334012e-05, 5.648087497280182e-05, 4.336015066838024e-05, 3.75038765903426e-05, 3.9869718364570656e-05, 3.372230258876191e-05, 2.7983628318258025e-05, 2.3204660284760353e-05, 2.6865496652644088e-05, 2.330794121282528e-05, 1.9204728700971134e-05, 1.7135798829238104e-05, 1.934023679193302e-05, 1.4697448801897308e-05, 1.722906658244176e-05, 2.3039405827997612e-05, 2.4481622052939457e-05, 1.7542098225977068e-05, 1.7888026135401605e-05, 1.5620115982249967e-05, 1.2552817188609934e-05, 1.2321489474435397e-05, 1.2888136603613338e-05, 1.0763635638094013e-05, 6.829057556192557e-06, 7.0000920619920585e-06, 5.428477418726392e-06, 4.383381675165298e-06, 5.412116739627893e-06, 4.312757012955637e-06, 2.4964297453240775e-06, 2.5314305641772767e-06, 2.28639372212598e-06, 1.739650029613898e-06, 1.8364823478637273e-06, 2.1629612315818256e-06, 1.4661895922090428e-06, 1.3149611198121623e-06, 1.4108499101369012e-06, 1.3069473954387025e-06, 1.1636541698270502e-06, 1.3892358553207243e-06, 1.6149161348834412e-06, 1.3770411588984033e-06, 1.5044089617335468e-06, 1.6805283460914177e-06, 1.4433028867981315e-06, 1.567699747295071e-06, 1.6497969868635147e-06, 1.4785866074168308e-06, 1.2313079569420641e-06, 1.2661957145329652e-06, 1.3967457192854715e-06, 1.411893591417368e-06, 1.348703596993218e-06, 1.1377940540609016e-06, 9.761754133900198e-07, 9.069878895671745e-07, 9.239524487122344e-07, 1.059387585524168e-06, 7.639150948949887e-07, 6.838983329992029e-07, 6.872725144840009e-07, 4.884831173038373e-07, 4.5045408862878275e-07, 3.5385313019859877e-07, 3.353649253366834e-07, 3.483891211852208e-07, 3.9348353427383655e-07, 3.1815972305770024e-07, 3.1913383870739393e-07, 2.594206243211664e-07, 3.004919291377321e-07, 3.388297534650023e-07, 2.6841085981396764e-07, 2.340049452119082e-07, 2.6597759952898656e-07, 2.1559435040093266e-07, 1.9845276709942993e-07, 2.105400093463371e-07, 1.9303272030389842e-07, 1.804792244412554e-07, 1.9485201627803553e-07, 1.5962111893159844e-07, 1.2544040436281756e-07, 1.3070904681908212e-07, 1.3774129947845354e-07, 1.0381030048257688e-07, 1.0818335837053267e-07, 1.0893442127020009e-07, 7.972467442497684e-08, 6.865598659159754e-08, 7.536740593957049e-08, 6.759554070440863e-08, 5.853091550722e-08, 7.950756952894738e-08, 6.526463245019068e-08, 5.795451249743146e-08, 5.8802185253767295e-08, 6.014202167377663e-08, 4.4743499449042966e-08, 4.8767441003728905e-08, 4.5626001850004105e-08, 3.7020069966627675e-08, 3.362555329357303e-08, 2.8150466019048868e-08, 2.4410835462423085e-08, 1.9314748610099327e-08, 2.0236033402179294e-08, 1.8823494631800977e-08, 1.6100030275283284e-08, 1.6086775967009736e-08, 1.8684545407616347e-08, 1.626993843692684e-08, 1.4974250704467405e-08, 1.8177333745422307e-08, 1.4730511876650585e-08, 1.1416559658108724e-08, 1.3713939597258366e-08, 1.141125364011006e-08, 9.11008418371844e-09, 9.563674096525093e-09, 1.2225479610260947e-08, 8.58802278781461e-09, 8.558726136059744e-09, 1.0405847561665347e-08, 1.0150510902700165e-08, 9.870052407852896e-09, 1.2345398725606447e-08, 1.1067458991866071e-08, 9.32793983728853e-09, 8.474874454746568e-09, 8.621751943738758e-09, 8.081645174754504e-09, 7.370482302985925e-09, 7.336907232001926e-09, 8.104761425886843e-09, 7.641613584578833e-09, 6.1866278905133525e-09, 6.867424856236032e-09, 5.784789398352057e-09, 5.303844019359093e-09, 6.289060467467321e-09, 5.689076224939454e-09, 4.4975279061846665e-09, 4.2864524064542634e-09, 3.6331981542273963e-09, 3.201724509849917e-09, 3.328438817626815e-09, 2.775619355659928e-09, 2.350269066810955e-09, 2.2658270972642334e-09, 1.618612608849961e-09, 1.500305998868568e-09, 1.1999053634257264e-09, 9.611889293670092e-10, 1.016117687840107e-09, 1.1817791138072886e-09, 9.27029797216498e-10, 9.52575679737386e-10, 1.1174401752427908e-09, 8.684586865705923e-10, 8.200709430323407e-10, 8.613618220684602e-10, 6.025161752676809e-10, 5.167328802000318e-10, 5.906511695063012e-10, 6.293235372553317e-10, 4.591322893335835e-10, 5.407396199480301e-10, 4.879072866079637e-10, 4.5323999484346295e-10, 4.566803871162433e-10, 4.3982138479734044e-10, 3.5316576638918386e-10, 3.5407280715583563e-10, 3.4897948371291193e-10, 3.22272572813814e-10, 3.4160892843183985e-10, 3.2566878368921883e-10, 3.2130142232390803e-10, 2.5708826091904966e-10, 2.5323015925209023e-10, 2.361580212525571e-10, 2.0262737220596723e-10], 'preconditioner metadata': [{}, {}, {}, {}, {}, {}, {}, {}, {}, {}, {}, {}, {}, {}, {}, {}, {}, {}, {}, {}, {}, {}, {}, {}, {}, {}, {}, {}, {}, {}, {}, {}, {}, {}, {}, {}, {}, {}, {}, {}, {}, {}, {}, {}, {}, {}, {}, {}, {}, {}, {}, {}, {}, {}, {}, {}, {}, {}, {}, {}, {}, {}, {}, {}, {}, {}, {}, {}, {}, {}, {}, {}, {}, {}, {}, {}, {}, {}, {}, {}, {}, {}, {}, {}, {}, {}, {}, {}, {}, {}, {}, {}, {}, {}, {}, {}, {}, {}, {}, {}, {}, {}, {}, {}, {}, {}, {}, {}, {}, {}, {}, {}, {}, {}, {}, {}, {}, {}, {}, {}, {}, {}, {}, {}, {}, {}, {}, {}, {}, {}, {}, {}, {}, {}, {}, {}, {}, {}, {}, {}, {}, {}, {}, {}, {}, {}, {}, {}, {}, {}, {}, {}, {}, {}, {}, {}, {}, {}, {}, {}, {}, {}, {}, {}, {}, {}, {}, {}, {}, {}, {}, {}, {}, {}, {}, {}, {}, {}, {}, {}, {}, {}, {}, {}, {}, {}, {}, {}, {}, {}, {}, {}, {}, {}, {}, {}, {}, {}, {}, {}, {}, {}, {}, {}, {}, {}, {}, {}, {}, {}, {}, {}, {}, {}, {}, {}, {}, {}, {}, {}, {}, {}, {}, {}, {}, {}, {}, {}, {}, {}, {}, {}, {}, {}, {}, {}, {}, {}, {}, {}, {}, {}, {}, {}, {}, {}, {}, {}, {}, {}, {}, {}, {}, {}, {}, {}, {}, {}, {}, {}, {}, {}, {}, {}, {}, {}, {}, {}, {}, {}, {}, {}, {}, {}, {}, {}, {}, {}, {}, {}, {}, {}, {}, {}, {}, {}, {}, {}, {}, {}, {}, {}, {}, {}, {}, {}, {}, {}, {}, {}, {}, {}, {}, {}, {}, {}, {}, {}, {}, {}, {}, {}, {}, {}, {}, {}, {}, {}, {}, {}, {}, {}, {}, {}, {}, {}, {}, {}, {}, {}, {}, {}, {}, {}, {}, {}, {}, {}, {}, {}, {}, {}, {}, {}, {}, {}, {}, {}, {}, {}, {}, {}, {}, {}, {}, {}, {}, {}, {}, {}, {}, {}, {}, {}, {}, {}, {}]}",2.040415817151371e-10,,"[1161.4119873046875, 1164.45263671875, 1165.9912109375, 1169.5804443359375, 1167.783447265625, 1173.4173583984375, 1161.95166015625, 1160.7337646484375, 1161.39599609375, 1162.340576171875]",[955.3582153320312],[1810.5133056640625],[2055.24072265625],[7.8632001876831055],[1.5645760297775269],
2026-10-05T09:54:44.711581+00:00,continuous coefficient 2D,5,"uniform(2D,8)",S8,S6,S6,"CG(HybridSchwarz(torch.float64, Inv(torch.float16), CUDSS), bsr_matmul=True)",False,0,1,10,2752512,230759424,"{'iterations': 311, 'residual norms': [6.758096634456592, 6.0344922039111015, 8.822534253260073, 10.493083227949482, 6.944857900160471, 9.20674466069244, 10.546750514236727, 8.316518942262913, 10.866930520394838, 7.54212331763898, 10.421850500088256, 7.761911652376726, 7.906261916743104, 8.798425278425677, 6.529834395200431, 6.376083815604775, 5.912543545873662, 4.8590276178537355, 4.766548365957526, 3.7133036779690527, 3.984121379452698, 3.1349369894039003, 2.480539499983331, 2.1538758423246813, 2.2800847540818285, 1.4334751927916585, 1.5428689839869005, 1.1990905040086388, 0.9930040096994963, 1.1704075093513036, 0.9085310322936753, 0.8260272569018473, 0.653368678468077, 0.6179768823299985, 0.7033745556166506, 0.5045202135229078, 0.4601768942167337, 0.3700004325205213, 0.3359682261712145, 0.40982853055339136, 0.2550269144742823, 0.2460100071264582, 0.25881368009727435, 0.2373642605945494, 0.2308609009294726, 0.2411526681153476, 0.30815062263088744, 0.2723716519105169, 0.21496057509638747, 0.23086529723096083, 0.19915235401913062, 0.17748392950045097, 0.15493225928023266, 0.16428892025512537, 0.1176861996622318, 0.13187863100918082, 0.09979925231666037, 0.07457920225486535, 0.08215896890916723, 0.054619654774252596, 0.053856823475617065, 0.050812182878275554, 0.038016398615569616, 0.04160362774840068, 0.03703927859921881, 0.03239452883517256, 0.03531401979034561, 0.03463751653883565, 0.03411525834147203, 0.031505310704898225, 0.02985692253875443, 0.02619931315665531, 0.02846382316492681, 0.026774709286869487, 0.019136237934642635, 0.017820939818212388, 0.01646679967414105, 0.01733201226297056, 0.01838588189142435, 0.01265322592556815, 0.01777414565646293, 0.018334575558362293, 0.01560614723259469, 0.017535217052373084, 0.015121368073389532, 0.015826892247359586, 0.013248026257615314, 0.01110284388816729, 0.01190829768556373, 0.008439628833273828, 0.008666075006876404, 0.00987594882952811, 0.006314491552743525, 0.005713936745087261, 0.005206987042566152, 0.004541999033487198, 0.0037659095069295873, 0.002841478546769887, 0.0022721185870714753, 0.001900421539610357, 0.0015504305343812278, 0.0011690004785045952, 0.0013593822010117562, 0.001121117642767801, 0.0012798012323757555, 0.001379147869909873, 0.0011606306318236944, 0.001381310196593978, 0.0008786783659040728, 0.0008900471766789959, 0.0009836409032584527, 0.0009463154639251959, 0.0010284522300300053, 0.0011644108483562926, 0.0011043716107654942, 0.0009964463689311482, 0.0008720077231452587, 0.0006865245030830946, 0.0008428631035971377, 0.0007606962246490592, 0.000657208274382221, 0.0006817688243807173, 0.0004000461985054856, 0.0003662193165306983, 0.0003000897306288609, 0.00025613641574008517, 0.0002790126899001279, 0.00021362705215326105, 0.00022604008635230052, 0.00022187117208596313, 0.0002410363280940064, 0.0002425952335822568, 0.00022783106563405785, 0.00020377506119545965, 0.00017757774906045892, 0.00017194091369024042, 0.00013614549669858445, 0.00013846384721810176, 0.00011699455074440673, 8.332684498656014e-05, 8.901467900206307e-05, 8.568772362723541e-05, 7.619134485688266e-05, 8.659420694078674e-05, 8.012107725442218e-05, 0.00010246844683520974, 7.797066721829986e-05, 5.813478905442887e-05, 6.770102339961794e-05, 4.931087417269013e-05, 5.021957693804138e-05, 4.772104065928081e-05, 3.749034812034237e-05, 3.310482923175118e-05, 2.887510929540506e-05, 2.2697208961431268e-05, 2.3751403741873535e-05, 2.4906026306239527e-05, 1.5317799835775908e-05, 1.624204590295413e-05, 1.5459473292749067e-05, 1.8208379500420173e-05, 2.2514950426517122e-05, 1.7684635285212794e-05, 1.839292665827875e-05, 1.4980512157328985e-05, 1.3421846608223233e-05, 1.8050180296739464e-05, 1.32912428976384e-05, 1.2159999357680683e-05, 1.3296237309309657e-05, 1.2130907194036473e-05, 1.4492349911889222e-05, 1.2352645479684794e-05, 8.606262806936397e-06, 9.916945339549215e-06, 6.845110016904127e-06, 6.04194720784225e-06, 6.19702077900812e-06, 4.678193157429516e-06, 4.311332175787378e-06, 3.6249459541680702e-06, 2.938372281475468e-06, 3.220242739583284e-06, 3.030503389705021e-06, 2.4843298172863617e-06, 2.621070597903558e-06, 2.135181152060725e-06, 2.0453291248039684e-06, 1.7806494270522964e-06, 1.479434629508059e-06, 1.6473459140621464e-06, 1.5576997935794998e-06, 1.470012247294674e-06, 1.498008621955469e-06, 1.494114544649937e-06, 1.4344361672005177e-06, 1.255309474983111e-06, 1.2803728173794947e-06, 1.1942007227792945e-06, 1.1319087103153116e-06, 9.357219619183996e-07, 6.616432836393569e-07, 7.871333676871187e-07, 6.962368732196656e-07, 7.074138446291825e-07, 7.138032959634264e-07, 5.632992709576563e-07, 6.293315622507374e-07, 4.2333791910527174e-07, 4.678774324349718e-07, 4.0486459247139053e-07, 3.135072734061812e-07, 3.973865323925545e-07, 2.845393551318603e-07, 3.4135780407780327e-07, 3.512141489594585e-07, 2.9905499853986364e-07, 2.862644487216043e-07, 2.5248285468118016e-07, 2.2650864921265996e-07, 2.2553149657196507e-07, 2.103579413076432e-07, 1.8952110204755218e-07, 2.0073660167493688e-07, 1.6624945659575163e-07, 1.7042594294159295e-07, 1.66289964130668e-07, 1.5891564084527626e-07, 1.649582372414382e-07, 1.3665253253797121e-07, 1.1791577555637023e-07, 1.3235937262855946e-07, 1.1168810416549529e-07, 1.0931383172110127e-07, 1.0089698099749525e-07, 7.342679205371851e-08, 7.724570810626988e-08, 6.399989384416017e-08, 4.902121202987437e-08, 5.566579826651256e-08, 4.252731061622882e-08, 3.427089080192438e-08, 3.702674113858127e-08, 2.848974669599937e-08, 2.4790283615643726e-08, 2.4320989669447222e-08, 1.9598001724568412e-08, 2.395899540860824e-08, 2.3329155005631432e-08, 1.9926289143720585e-08, 2.0976713729288883e-08, 1.8144730742720146e-08, 1.8089984152645495e-08, 1.5841837187920736e-08, 1.4976484321643712e-08, 1.4467436159732924e-08, 1.2724077744310408e-08, 1.2630747263673293e-08, 1.1551549324504483e-08, 1.3448290619235188e-08, 1.3945273082209811e-08, 1.1723828216894121e-08, 1.2107161681815257e-08, 9.488752278095755e-09, 9.740152925866711e-09, 7.910567569031508e-09, 6.930690810441661e-09, 7.25707998531011e-09, 5.6177839255983606e-09, 5.165267538458191e-09, 5.55623010955669e-09, 4.346570098448388e-09, 4.823862418415051e-09, 4.1343716778890406e-09, 3.443900345692654e-09, 4.078880743484647e-09, 2.9420652997593745e-09, 2.9312084808799044e-09, 3.324301717271083e-09, 2.7287669370716072e-09, 2.92745039303959e-09, 2.3133165258827628e-09, 1.9873846859695e-09, 2.0577815159547787e-09, 1.5322051091276602e-09, 1.8251126320061916e-09, 1.942201207894167e-09, 1.7933751573168213e-09, 2.1624519161453036e-09, 1.5136157914617887e-09, 1.3194392513814703e-09, 1.2177948042058293e-09, 8.72072823156167e-10, 9.030831426644764e-10, 8.112444618924361e-10, 6.26482938845372e-10, 7.009119012787044e-10, 5.334780537335052e-10, 5.333760580816263e-10, 4.956685655612579e-10, 3.882522508180358e-10, 4.764712619760898e-10, 3.8669543907290613e-10, 3.4872736940856877e-10, 3.969288800012049e-10, 2.95394695740763e-10, 2.95649923040919e-10, 2.6884796802154084e-10, 2.3682691568517816e-10, 2.4221392675992446e-10, 2.274793204592595e-10], 'preconditioner metadata': [{}, {}, {}, {}, {}, {}, {}, {}, {}, {}, {}, {}, {}, {}, {}, {}, {}, {}, {}, {}, {}, {}, {}, {}, {}, {}, {}, {}, {}, {}, {}, {}, {}, {}, {}, {}, {}, {}, {}, {}, {}, {}, {}, {}, {}, {}, {}, {}, {}, {}, {}, {}, {}, {}, {}, {}, {}, {}, {}, {}, {}, {}, {}, {}, {}, {}, {}, {}, {}, {}, {}, {}, {}, {}, {}, {}, {}, {}, {}, {}, {}, {}, {}, {}, {}, {}, {}, {}, {}, {}, {}, {}, {}, {}, {}, {}, {}, {}, {}, {}, {}, {}, {}, {}, {}, {}, {}, {}, {}, {}, {}, {}, {}, {}, {}, {}, {}, {}, {}, {}, {}, {}, {}, {}, {}, {}, {}, {}, {}, {}, {}, {}, {}, {}, {}, {}, {}, {}, {}, {}, {}, {}, {}, {}, {}, {}, {}, {}, {}, {}, {}, {}, {}, {}, {}, {}, {}, {}, {}, {}, {}, {}, {}, {}, {}, {}, {}, {}, {}, {}, {}, {}, {}, {}, {}, {}, {}, {}, {}, {}, {}, {}, {}, {}, {}, {}, {}, {}, {}, {}, {}, {}, {}, {}, {}, {}, {}, {}, {}, {}, {}, {}, {}, {}, {}, {}, {}, {}, {}, {}, {}, {}, {}, {}, {}, {}, {}, {}, {}, {}, {}, {}, {}, {}, {}, {}, {}, {}, {}, {}, {}, {}, {}, {}, {}, {}, {}, {}, {}, {}, {}, {}, {}, {}, {}, {}, {}, {}, {}, {}, {}, {}, {}, {}, {}, {}, {}, {}, {}, {}, {}, {}, {}, {}, {}, {}, {}, {}, {}, {}, {}, {}, {}, {}, {}, {}, {}, {}, {}, {}, {}, {}, {}, {}, {}, {}, {}, {}, {}, {}, {}, {}, {}, {}, {}, {}, {}, {}, {}, {}, {}, {}, {}, {}, {}, {}, {}, {}, {}, {}, {}]}",2.2856245105745791e-10,,"[1004.29833984375, 1006.8872680664062, 1009.1460571289062, 1010.0311889648438, 1008.92236328125, 1011.0935668945312, 1008.7847290039062, 1003.355224609375, 1004.1392211914062, 1003.653564453125]",[957.4535522460938],[1820.9268798828125],[2411.81689453125],[7.352511882781982],[1.7254719734191895],
2026-10-05T09:55:02.313572+00:00,continuous coefficient 2D,5,"uniform(2D,8)",S8,S6,S6,"CG(AdditiveSchwarz(torch.float64, Inv(torch.bfloat16), CUDSS, const_dofs_per_coarse=False), bsr_matmul=True)",False,0,1,10,2752512,230759424,"{'iterations': 369, 'residual norms': [0.23042262653948303, 6.7813033252591, 3.9268283859183764, 15.934544789332227, 7.6868929333875595, 12.67615801565987, 7.603680617532825, 8.92956102168826, 11.375492340683424, 10.286679566257027, 9.432898102189208, 12.98922710344345, 7.7464824348437, 10.446781475702908, 10.900593765079972, 8.28868870256309, 8.705066057283087, 9.526840305308545, 7.398829199551986, 7.402192218289233, 7.199968656015697, 6.279144222182218, 6.275433897023055, 4.966124512328073, 5.246434292296312, 4.187719301200441, 4.364327838286538, 3.927651845731301, 3.210281130493992, 2.4126463644774057, 3.1949637808748585, 2.402177986019791, 1.812406021350793, 2.0982238594303646, 1.810462485707541, 1.5088083861029145, 1.5346926714411142, 1.745834550570005, 1.2415656784709095, 1.0336247037582427, 1.0944118407676495, 0.9835056570669765, 0.8233164257060328, 0.9292087035550461, 0.7722742295119079, 0.5239790885317483, 0.5255371854999494, 0.5045303657156639, 0.4145933474313752, 0.49946364032951435, 0.4321963706346769, 0.28201386324475436, 0.33205091923786423, 0.4101969731922284, 0.31301569041397015, 0.3059594475863746, 0.36828222485491646, 0.38360743000712777, 0.330769105125118, 0.331637717470601, 0.27688780157680026, 0.2709282943710278, 0.28786171906451274, 0.26067441096961474, 0.22495395725987094, 0.21361744103504926, 0.20873790652946778, 0.18777834095246868, 0.15166850281803587, 0.1326125233962672, 0.13288960676958655, 0.10301794772210573, 0.07063027095385149, 0.07174410185394284, 0.06217887549539395, 0.04752738145125444, 0.04162982367660777, 0.03948298749800343, 0.03323339407626447, 0.026889158839319593, 0.025036650064161912, 0.024267670833907254, 0.02329258804093875, 0.02143901912857197, 0.02417064781325223, 0.028137638887157222, 0.0234267137833178, 0.02337955868520263, 0.031907328220881055, 0.029833141763353763, 0.028422972534828908, 0.036247498548398704, 0.030677990418753267, 0.02222603886458346, 0.0257266629599928, 0.02832367692755906, 0.024391124482082867, 0.019701670034548213, 0.020542993672384973, 0.018074356273084343, 0.018296157702407053, 0.021322929500319013, 0.019572913484247566, 0.013096953548740586, 0.01600340934657185, 0.017117561578585024, 0.012856123247042378, 0.011215433546438714, 0.010070860472423176, 0.008342014138613374, 0.00797086839161132, 0.008343293502232804, 0.00735156273341015, 0.007550729109150106, 0.00695383568056081, 0.006405881264331455, 0.005179677037091026, 0.004818293662104017, 0.0060136527153375075, 0.005323859746320139, 0.0032404991679044256, 0.002795356359843731, 0.002756327917076144, 0.0023193305575755444, 0.0017782437638406883, 0.0016608349327635796, 0.0013744406205449576, 0.0014184432026374556, 0.0015017069950906913, 0.001423283498072384, 0.0012597271675081113, 0.001158829974330118, 0.0010588569637159898, 0.000875583556619755, 0.0006777046961826768, 0.0005183763910372856, 0.0005275753865834645, 0.0004336020518750321, 0.0004134020149372722, 0.00045382346706334195, 0.00045857290677958244, 0.00034390749791873534, 0.0003564022090456342, 0.00034980593860237076, 0.00024013180678770897, 0.00025014771837337976, 0.00031963973687667695, 0.00029487108492231277, 0.00029331908073662567, 0.0003739673436345176, 0.00030399137391134507, 0.0002770690527578266, 0.00027956935023716633, 0.00024631741899217187, 0.00022392749074385952, 0.000252829803161653, 0.00023685771366250668, 0.0001921907475560839, 0.00019018431811349733, 0.00022690281373789878, 0.0002160740193790383, 0.00021541054369473344, 0.00022049058632093681, 0.00020697974184858764, 0.00016052305411330022, 0.00016227022326994195, 0.00016060647745874101, 0.0001331125478730408, 0.00011463531820947113, 0.0001282624477203688, 0.00010913611404642617, 7.951685551632766e-05, 8.445399888324284e-05, 8.611027880303055e-05, 7.010089648158409e-05, 7.789333116268714e-05, 8.816583439622507e-05, 8.14253405672446e-05, 7.584199354700321e-05, 8.273018925074488e-05, 7.629204591047165e-05, 6.687699150082858e-05, 5.506755144963323e-05, 5.479876774500285e-05, 5.860078684735784e-05, 5.4840502690789775e-05, 4.380408755698198e-05, 4.26229481591833e-05, 3.6426874469332713e-05, 3.1221566483676765e-05, 3.1251627004990594e-05, 2.6456304020183444e-05, 2.214776273198197e-05, 2.2839028771306456e-05, 2.3860154478225478e-05, 1.7245978250747587e-05, 1.6388528604378866e-05, 1.821012904544254e-05, 1.8559151490346048e-05, 1.9187407886449203e-05, 2.6856206379435468e-05, 2.402777804495693e-05, 1.6167553315591353e-05, 1.3627302116396516e-05, 1.4812635741620014e-05, 1.28162095929764e-05, 1.1203313480572283e-05, 1.0298904109775695e-05, 9.179805810779492e-06, 6.656944674562502e-06, 4.906915254779772e-06, 5.293922926846181e-06, 4.722080519199138e-06, 3.7898552374361212e-06, 3.738391179960758e-06, 2.7084628454350207e-06, 1.8748583220482318e-06, 2.1207085291833947e-06, 2.142114976752323e-06, 1.698298483501794e-06, 1.6591410971319978e-06, 1.7041842364991242e-06, 1.2708719681408096e-06, 1.3127215612515937e-06, 1.4243913104601037e-06, 1.3327877282871983e-06, 1.3525905966816931e-06, 1.686436978049221e-06, 1.6560625052997738e-06, 1.5314833804411783e-06, 1.5147077838180077e-06, 1.6089377214010946e-06, 1.5838028192081892e-06, 1.562832326720244e-06, 1.3490217967144397e-06, 1.3035624981417453e-06, 1.3497438877038232e-06, 1.4100113719451538e-06, 1.3845802603406813e-06, 1.3345131977825807e-06, 9.788313996145382e-07, 1.004265001224923e-06, 1.0077232447815327e-06, 9.358203185094176e-07, 8.685308648934656e-07, 9.167272164033666e-07, 6.343974516077312e-07, 5.417031198981882e-07, 5.493814367469095e-07, 4.1761639427866113e-07, 3.448110990261542e-07, 3.589243135582265e-07, 3.840381551821878e-07, 3.526981037176231e-07, 3.312139697757856e-07, 3.328983873936362e-07, 2.995080761284925e-07, 2.830688981438699e-07, 2.9629975593443445e-07, 3.1467040365727076e-07, 2.405875376180927e-07, 2.0624557110369315e-07, 2.530416610066551e-07, 2.15610755189321e-07, 1.7931286813667648e-07, 2.098088351526335e-07, 2.0338918547055444e-07, 1.449476321027099e-07, 1.6789452399700942e-07, 1.5359912439617568e-07, 1.1462336656280181e-07, 1.2372175568055414e-07, 1.3440215703040896e-07, 9.173685532183573e-08, 9.880767023655903e-08, 9.505671604331812e-08, 7.119474205856918e-08, 6.731308348587015e-08, 7.749505873708122e-08, 7.22483120474558e-08, 6.54145241834277e-08, 6.605461174638576e-08, 6.760840245193716e-08, 6.239888122701896e-08, 5.329478044053973e-08, 4.948049329228363e-08, 4.808825040708223e-08, 4.055366932014518e-08, 3.5757216105172656e-08, 3.2475688245088314e-08, 2.8198138338442403e-08, 2.2129978247021297e-08, 2.0354888339058236e-08, 1.9900742804012572e-08, 1.780420758129546e-08, 1.5968294353261475e-08, 1.892302187364998e-08, 1.7882568484462572e-08, 1.6219432296484305e-08, 1.778865859760737e-08, 1.726967222421985e-08, 1.372936078147755e-08, 1.3053055731881148e-08, 1.2506883380286663e-08, 1.0790091332616663e-08, 9.78107023372293e-09, 1.0248429317845703e-08, 9.866798773728643e-09, 9.483529746260795e-09, 9.815312869127041e-09, 1.0467468308708424e-08, 8.921445550474747e-09, 1.0838398403905062e-08, 1.3634910103181762e-08, 1.1643022782726496e-08, 8.61679151205704e-09, 9.507254004771358e-09, 8.857848032767915e-09, 7.3587127486734994e-09, 8.226608564217605e-09, 8.255643100271302e-09, 7.226609215899644e-09, 7.557756529696986e-09, 8.460376183621247e-09, 5.888212683089732e-09, 6.151819235969458e-09, 6.5111467987566715e-09, 5.696520190791505e-09, 5.6314319003517276e-09, 5.772807616776837e-09, 4.02826816788232e-09, 3.5278382650837625e-09, 3.67603420391441e-09, 3.296158579455668e-09, 2.6294365886388965e-09, 2.4823258625907167e-09, 2.185021606923215e-09, 1.8187710854772994e-09, 1.4291616463765196e-09, 1.1953520989732245e-09, 1.1846962173538883e-09, 1.147030804181711e-09, 1.0020121854004746e-09, 1.178692507475121e-09, 1.1392787239808178e-09, 9.552988435958073e-10, 1.0230741790455736e-09, 1.0300298972192727e-09, 7.58639159561407e-10, 6.430725061212558e-10, 6.518941228699243e-10, 5.969055010348413e-10, 5.336552860002984e-10, 5.254318837703796e-10, 5.602587754622208e-10, 5.542445775037835e-10, 4.5930730630550393e-10, 4.806344148476426e-10, 4.868829433132994e-10, 3.731877826910604e-10, 3.542426548673937e-10, 4.080796054396699e-10, 3.376892896791819e-10, 3.452309690184129e-10, 4.1649731233261874e-10, 3.1220669854544175e-10, 2.6594056325588585e-10, 3.0945849348843233e-10, 2.532470773830237e-10, 1.9544251171690542e-10], 'preconditioner metadata': [{}, {}, {}, {}, {}, {}, {}, {}, {}, {}, {}, {}, {}, {}, {}, {}, {}, {}, {}, {}, {}, {}, {}, {}, {}, {}, {}, {}, {}, {}, {}, {}, {}, {}, {}, {}, {}, {}, {}, {}, {}, {}, {}, {}, {}, {}, {}, {}, {}, {}, {}, {}, {}, {}, {}, {}, {}, {}, {}, {}, {}, {}, {}, {}, {}, {}, {}, {}, {}, {}, {}, {}, {}, {}, {}, {}, {}, {}, {}, {}, {}, {}, {}, {}, {}, {}, {}, {}, {}, {}, {}, {}, {}, {}, {}, {}, {}, {}, {}, {}, {}, {}, {}, {}, {}, {}, {}, {}, {}, {}, {}, {}, {}, {}, {}, {}, {}, {}, {}, {}, {}, {}, {}, {}, {}, {}, {}, {}, {}, {}, {}, {}, {}, {}, {}, {}, {}, {}, {}, {}, {}, {}, {}, {}, {}, {}, {}, {}, {}, {}, {}, {}, {}, {}, {}, {}, {}, {}, {}, {}, {}, {}, {}, {}, {}, {}, {}, {}, {}, {}, {}, {}, {}, {}, {}, {}, {}, {}, {}, {}, {}, {}, {}, {}, {}, {}, {}, {}, {}, {}, {}, {}, {}, {}, {}, {}, {}, {}, {}, {}, {}, {}, {}, {}, {}, {}, {}, {}, {}, {}, {}, {}, {}, {}, {}, {}, {}, {}, {}, {}, {}, {}, {}, {}, {}, {}, {}, {}, {}, {}, {}, {}, {}, {}, {}, {}, {}, {}, {}, {}, {}, {}, {}, {}, {}, {}, {}, {}, {}, {}, {}, {}, {}, {}, {}, {}, {}, {}, {}, {}, {}, {}, {}, {}, {}, {}, {}, {}, {}, {}, {}, {}, {}, {}, {}, {}, {}, {}, {}, {}, {}, {}, {}, {}, {}, {}, {}, {}, {}, {}, {}, {}, {}, {}, {}, {}, {}, {}, {}, {}, {}, {}, {}, {}, {}, {}, {}, {}, {}, {}, {}, {}, {}, {}, {}, {}, {}, {}, {}, {}, {}, {}, {}, {}, {}, {}, {}, {}, {}, {}, {}, {}, {}, {}, {}, {}, {}, {}, {}, {}, {}, {}, {}, {}, {}, {}, {}, {}, {}, {}, {}, {}, {}, {}, {}, {}, {}, {}, {}, {}, {}, {}, {}, {}, {}, {}, {}, {}, {}]}",1.9690341578242898e-10,,"[1167.8277587890625, 1168.10595703125, 1170.8250732421875, 1170.763671875, 1173.709716796875, 1179.2266845703125, 1173.837646484375, 1171.109619140625, 1168.7493896484375, 1168.2606201171875]",[954.9313354492188],[1786.476318359375],[2058.080078125],[1.4448000192642212],[1.3647680282592773],
2026-10-05T09:55:18.206863+00:00,continuous coefficient 2D,5,"uniform(2D,8)",S8,S6,S6,"CG(HybridSchwarz(torch.float64, Inv(torch.bfloat16), CUDSS), bsr_matmul=True)",False,0,1,10,2752512,230759424,"{'iterations': 314, 'residual norms': [6.758096634456593, 6.043010111559151, 8.832980659832382, 10.487429760756502, 6.952356140305152, 9.1992069445619, 10.569267654453501, 8.326102886400635, 10.896575259918187, 7.6143696203114075, 10.3937416210677, 8.040163030992993, 7.912459221593566, 9.070497814380747, 6.559879326127653, 6.554147848031778, 5.945440034546179, 5.113526408637423, 4.76061759844393, 4.055317236648257, 3.8649744069648997, 3.5896961744189606, 2.505817282332314, 2.2699433930589543, 2.3255748780076204, 1.6190437950238645, 1.5313181235661695, 1.3618859706348199, 0.9952197203072355, 1.2486340212693878, 0.992199057540712, 0.8114355473161361, 0.7405288865140431, 0.6131182352887694, 0.7418596645307759, 0.5552941623520139, 0.4595306646743467, 0.41097244121297555, 0.33429798242567943, 0.4104209098079461, 0.29867261392996686, 0.23562686698031374, 0.28709678432567476, 0.2528701969018896, 0.23291718591998634, 0.2475134959368357, 0.30809115833623474, 0.2824144117663052, 0.23460681543844092, 0.22235271833816775, 0.21173245285383976, 0.20856389445284496, 0.1514553805328565, 0.17006720061746775, 0.14376136134284956, 0.114200295817254, 0.11893448248154169, 0.08273111049703996, 0.07680911528528842, 0.06713022673329254, 0.05466144065511206, 0.046601799349112225, 0.04671950947453945, 0.03983166983976241, 0.03539063490566147, 0.041349283871592896, 0.03046986328862397, 0.037931706763715135, 0.03894796798406413, 0.029863732386473888, 0.03479699451790253, 0.027487878580506248, 0.02764261208087137, 0.031574662104796695, 0.020838523399704663, 0.01785194252585761, 0.018624691370034353, 0.016509324424604465, 0.020466000155052833, 0.014500871631436485, 0.014927738978594595, 0.021298124101942654, 0.01701503446827005, 0.017658757948735258, 0.01656220418883655, 0.016083280362328565, 0.015470582003137421, 0.013018606684447528, 0.011207175420987769, 0.010190612019377031, 0.008892333530458272, 0.009267127692105236, 0.009915281579034664, 0.006151696693264871, 0.005235918783686771, 0.005212586483494953, 0.004571500055182439, 0.0034272923603117455, 0.0026170237345469536, 0.0022378404452724635, 0.0016677960196470826, 0.0015643282612092565, 0.0012360204898417377, 0.0012557347286499367, 0.0013895694745849558, 0.0011991150363441408, 0.0015589252272671754, 0.0012883487023660468, 0.0010851368866150268, 0.0011861027823405984, 0.0008083269448975022, 0.0010062205363018158, 0.001125385500670299, 0.0009766553586129855, 0.001320796102046648, 0.0010645181406014512, 0.0009484670733398152, 0.0008434614709191474, 0.0006758073302911366, 0.000859714705922508, 0.0007625903902153009, 0.0006648762766649011, 0.0006046965063301, 0.00041372735309834035, 0.000324579462938239, 0.0003195920984712465, 0.00026758421968111387, 0.00025033015972083654, 0.0002510874231268693, 0.00020247079068814932, 0.00025099351509473886, 0.0002686637690687923, 0.00022109973916611053, 0.00025701867212302637, 0.00019704842897210078, 0.00017400333912159435, 0.00017928820783103753, 0.00013271178080736655, 0.00013502671171882892, 0.00010922873291687041, 8.8067607554123e-05, 8.382143121275872e-05, 9.015114177665934e-05, 8.616189344381419e-05, 7.624316562495052e-05, 0.0001031734749489222, 8.955879797475268e-05, 7.89998956379035e-05, 6.474355611522763e-05, 5.3192825430161595e-05, 6.505330767770339e-05, 4.955369748431085e-05, 4.242757791492618e-05, 4.374638435757713e-05, 3.00103169932847e-05, 2.713319322887517e-05, 2.6843492403473193e-05, 2.203370867698967e-05, 2.3489426930646978e-05, 1.9776922602034082e-05, 1.4440672893113678e-05, 1.788552676791867e-05, 2.1015983526230213e-05, 1.9989600484279184e-05, 2.3490338343570853e-05, 1.73273637344634e-05, 1.5442379072978376e-05, 1.6916304262168817e-05, 1.4032924324977061e-05, 1.7792923660412958e-05, 1.3721196589369036e-05, 1.175446558976366e-05, 1.52765133661063e-05, 1.2965818349677782e-05, 1.2751985894161166e-05, 1.0750747349708393e-05, 8.464978765213255e-06, 7.717274615639311e-06, 6.678725180834479e-06, 5.972153497720799e-06, 5.077234118489011e-06, 4.919355816250642e-06, 3.61786640535426e-06, 3.2290450602518063e-06, 3.3452644083117975e-06, 2.903329482273738e-06, 3.15404326479589e-06, 2.433614967750037e-06, 2.3307333923667936e-06, 2.345404369338697e-06, 1.7200781669556538e-06, 1.7453758179233122e-06, 1.6395790527709876e-06, 1.5248584208922179e-06, 1.6842416282409677e-06, 1.557286745003901e-06, 1.451276052512204e-06, 1.6139731265546461e-06, 1.3944676464295445e-06, 1.2324588098835155e-06, 1.4311692314151226e-06, 1.1218745658271327e-06, 1.0044156174163964e-06, 8.630992525951415e-07, 6.563808524281151e-07, 8.638136330315272e-07, 7.856862826207875e-07, 6.865513816507466e-07, 7.644046687329485e-07, 5.701974204137014e-07, 5.395026267101912e-07, 4.817804999347142e-07, 3.948300328807263e-07, 4.2548436758851895e-07, 3.540740406129648e-07, 3.45987665546676e-07, 3.637911369596944e-07, 3.388589032931477e-07, 3.3293248179508686e-07, 3.2995022547491336e-07, 2.790028678110595e-07, 2.298984778995975e-07, 2.6254123124450176e-07, 2.1762200086563793e-07, 1.9947917176462733e-07, 2.2586434712520789e-07, 1.7767574174129684e-07, 1.802639161066796e-07, 1.7475950807889956e-07, 1.5864220639288936e-07, 1.721823966038521e-07, 1.5684772935992807e-07, 1.2441854903612305e-07, 1.2523387030251668e-07, 1.2766869138154622e-07, 1.0588227233061744e-07, 1.1517234446507152e-07, 8.633733728753565e-08, 7.520406485112714e-08, 7.84940574790406e-08, 5.2522308252906996e-08, 5.998412667175234e-08, 4.938664262901953e-08, 3.892173247545058e-08, 4.3049979224455004e-08, 2.86003757486709e-08, 3.0453682070946216e-08, 2.938807250824058e-08, 1.9742806634892008e-08, 2.4191591903940146e-08, 2.3090401239873387e-08, 2.2344559734463686e-08, 2.2865540073490084e-08, 1.8141286249955312e-08, 2.043550228608635e-08, 1.7760279374045135e-08, 1.5422720933732495e-08, 1.5217712244516844e-08, 1.3790853658948972e-08, 1.3879398026494667e-08, 1.2843039687348017e-08, 1.23372463563547e-08, 1.3268924161376421e-08, 1.5072746007235495e-08, 1.2810304506880869e-08, 1.084826658707058e-08, 1.0922641800867163e-08, 8.720663896602683e-09, 8.0135355184737e-09, 7.722297947103532e-09, 6.4991253642918416e-09, 5.781958492752091e-09, 5.700764381646313e-09, 4.769749309188302e-09, 4.8585023672333395e-09, 5.084913348259866e-09, 3.5600336819268713e-09, 4.063677524815172e-09, 3.660396251638177e-09, 2.8885778105549777e-09, 3.6021560256917553e-09, 2.821081860129908e-09, 3.0311432338914704e-09, 3.0357501919158705e-09, 2.1118004243587723e-09, 2.2612410639564327e-09, 1.8690839441543224e-09, 1.732067959315104e-09, 2.0053387550188655e-09, 1.8559372012400786e-09, 2.0398199412576837e-09, 2.0570717013266214e-09, 1.6197418454605705e-09, 1.4253265303243135e-09, 1.1842151153146844e-09, 9.051283775829368e-10, 9.562162121312148e-10, 8.547322193285845e-10, 6.665259883014784e-10, 7.289590161426978e-10, 5.844496853698976e-10, 5.181919656718678e-10, 5.400074684430992e-10, 4.3784181486997784e-10, 4.416767784796137e-10, 4.239709322041079e-10, 3.8964210428999255e-10, 3.615124016889511e-10, 3.492259127952763e-10, 2.9723382884680866e-10, 2.698452458160884e-10, 2.789428648622839e-10, 2.3306922507017114e-10, 2.561826380445478e-10, 2.1591471667914187e-10], 'preconditioner metadata': [{}, {}, {}, {}, {}, {}, {}, {}, {}, {}, {}, {}, {}, {}, {}, {}, {}, {}, {}, {}, {}, {}, {}, {}, {}, {}, {}, {}, {}, {}, {}, {}, {}, {}, {}, {}, {}, {}, {}, {}, {}, {}, {}, {}, {}, {}, {}, {}, {}, {}, {}, {}, {}, {}, {}, {}, {}, {}, {}, {}, {}, {}, {}, {}, {}, {}, {}, {}, {}, {}, {}, {}, {}, {}, {}, {}, {}, {}, {}, {}, {}, {}, {}, {}, {}, {}, {}, {}, {}, {}, {}, {}, {}, {}, {}, {}, {}, {}, {}, {}, {}, {}, {}, {}, {}, {}, {}, {}, {}, {}, {}, {}, {}, {}, {}, {}, {}, {}, {}, {}, {}, {}, {}, {}, {}, {}, {}, {}, {}, {}, {}, {}, {}, {}, {}, {}, {}, {}, {}, {}, {}, {}, {}, {}, {}, {}, {}, {}, {}, {}, {}, {}, {}, {}, {}, {}, {}, {}, {}, {}, {}, {}, {}, {}, {}, {}, {}, {}, {}, {}, {}, {}, {}, {}, {}, {}, {}, {}, {}, {}, {}, {}, {}, {}, {}, {}, {}, {}, {}, {}, {}, {}, {}, {}, {}, {}, {}, {}, {}, {}, {}, {}, {}, {}, {}, {}, {}, {}, {}, {}, {}, {}, {}, {}, {}, {}, {}, {}, {}, {}, {}, {}, {}, {}, {}, {}, {}, {}, {}, {}, {}, {}, {}, {}, {}, {}, {}, {}, {}, {}, {}, {}, {}, {}, {}, {}, {}, {}, {}, {}, {}, {}, {}, {}, {}, {}, {}, {}, {}, {}, {}, {}, {}, {}, {}, {}, {}, {}, {}, {}, {}, {}, {}, {}, {}, {}, {}, {}, {}, {}, {}, {}, {}, {}, {}, {}, {}, {}, {}, {}, {}, {}, {}, {}, {}, {}, {}, {}, {}, {}, {}, {}, {}, {}, {}, {}, {}, {}, {}, {}, {}, {}, {}, {}]}",2.1706544204824857e-10,,"[1014.087890625, 1013.5362548828125, 1014.2445678710938, 1013.6121826171875, 1013.9952392578125, 1014.0120239257812, 1013.3770751953125, 1013.4927978515625, 1014.73681640625, 1014.4563598632812]",[955.0419311523438],[1765.9945068359375],[2408.840576171875],[1.771456003189087],[1.3478080034255981],
2026-10-05T09:55:38.629650+00:00,continuous coefficient 2D,5,"uniform(2D,8)",S8,S6,S6,"CG(AdditiveSchwarz(torch.float32, Inv(), CUDSS, const_dofs_per_coarse=False), bsr_matmul=True)",False,0,1,10,2752512,230759424,"{'iterations': 368, 'residual norms': [0.23042262653948303, 6.781294270821766, 3.9246625300967835, 15.931926473000683, 7.685309840076579, 12.679334221950011, 7.598406848795361, 8.933137712778704, 11.360415499240826, 10.257296622264866, 9.440532304379259, 12.984062567647099, 7.625369763898388, 10.54680049734166, 10.67931426349406, 8.08608803738623, 8.747443856695957, 9.121561442879955, 7.300468300098422, 7.50508424749759, 6.853983952591501, 6.23947476931347, 6.153637382556736, 4.6407920405666525, 5.39144292676337, 3.6818505918295883, 4.589151293019464, 3.353304239682245, 2.9024313809215894, 2.6119069142507065, 3.001164856179536, 2.2721083871075156, 1.7714577859281146, 2.118783690160963, 1.68566647646091, 1.4135036177158082, 1.6446656621850093, 1.6927701995375222, 1.1320613722434723, 1.0578594278632105, 1.0751957738442097, 0.8306695049261189, 0.9334559757495481, 0.9066513244257962, 0.6455833256374689, 0.549410758687126, 0.5020232354749522, 0.48204776741522914, 0.416188325074986, 0.4936512939273512, 0.3761646896459073, 0.2858720183070718, 0.35149326774642436, 0.39904108644236724, 0.2664601110915507, 0.33903293909393906, 0.39876106405257106, 0.3571505570097341, 0.33715097166813013, 0.33060613827627977, 0.2604911505106328, 0.26349404297705686, 0.29552755840817857, 0.23667550167849863, 0.20950943731551175, 0.22197177228529816, 0.21282700281919079, 0.16220272079340967, 0.1476461688648332, 0.13699056184854785, 0.12030393761477517, 0.08713893977565645, 0.07306338303662978, 0.07533657921812287, 0.055719288591105136, 0.03989210703243182, 0.04828932558862954, 0.02999843428780424, 0.028101992417255594, 0.028771654758845633, 0.025903662508364907, 0.018228090057257257, 0.0243140128996681, 0.024949129341507614, 0.021171891127013624, 0.02476856610747228, 0.02519702874502283, 0.026175146821342993, 0.026689189149290304, 0.03114671086121626, 0.030339051960310868, 0.02906208244876054, 0.024726711635065488, 0.02494747394553248, 0.02578055262069286, 0.023574200222772543, 0.021739844959286558, 0.020557869963231525, 0.01686521678214658, 0.017892768888986103, 0.02181201153140152, 0.0195202983587405, 0.014825899745872565, 0.014408454033508692, 0.015898079680062186, 0.013605562920600724, 0.011786291625609516, 0.011929963673743599, 0.00809125321329826, 0.008200443684798919, 0.008869783885658225, 0.007239711068225225, 0.0068181607347019705, 0.00825902982996205, 0.006426539773131195, 0.005091528835682244, 0.005170532895996237, 0.00577487389631118, 0.004921932742383716, 0.003522512493709298, 0.003108552098294114, 0.002961491521352158, 0.002190179076951933, 0.0020750315803269477, 0.0017362222138262628, 0.0013578400886091358, 0.0013516078585929794, 0.0015188145031239755, 0.0014431989006236177, 0.0012287849544254522, 0.001272898732608198, 0.0011715839774695481, 0.0009008310133773563, 0.0006664588848686635, 0.0006810007797812093, 0.00046950685520349365, 0.00039620948539981975, 0.0004993688654463177, 0.00042803071083098574, 0.0003585943284128471, 0.000397608197532691, 0.0004013177503267444, 0.0002653881955117721, 0.00026889991228748586, 0.00028226712692414003, 0.0002486032053957939, 0.0002841546760571892, 0.00034036504206928656, 0.00033129563434753355, 0.00028991938629848796, 0.0003105159999894073, 0.00026645522699331506, 0.00025439711605695686, 0.00021787295315092424, 0.00025969533782771296, 0.0002258571065362014, 0.00018738836431361633, 0.00020660520591804223, 0.0002183629091385772, 0.00019111311701640806, 0.00023531596351295268, 0.00023239891197751684, 0.00018011281621359927, 0.00016109632009319962, 0.00019995900978515697, 0.00013259301000184784, 0.00012999469907792397, 0.0001357150451856052, 0.00011158395592308623, 9.057407761200911e-05, 0.0001037270349227307, 8.374189011378652e-05, 6.456243807889735e-05, 8.348413144884786e-05, 8.324024156752245e-05, 7.226462220913041e-05, 7.142583256970207e-05, 8.554665768431205e-05, 8.219142014162991e-05, 7.551534380982387e-05, 5.9321134123527365e-05, 5.41288683332111e-05, 6.0479339596344624e-05, 5.689452566775772e-05, 4.914923260676166e-05, 4.712417690924838e-05, 3.9050429763296037e-05, 3.8857060145015756e-05, 3.3627693716473055e-05, 2.5692593865446037e-05, 2.4511808399281553e-05, 2.771592592575573e-05, 2.12493346335478e-05, 2.1000027516824894e-05, 1.8963765192688087e-05, 1.6948994962497263e-05, 1.5782157361172547e-05, 1.6190743718581812e-05, 2.3064406306626698e-05, 2.2921131733095514e-05, 2.0690310265784985e-05, 1.6181530986212932e-05, 1.658036269474905e-05, 1.2256272345178642e-05, 1.2616797321782642e-05, 1.3171225433631914e-05, 1.0856486357469535e-05, 7.505368123082542e-06, 7.536174013112915e-06, 5.66826333060231e-06, 4.484214441773625e-06, 5.5315234465792384e-06, 4.628225095404451e-06, 2.8385657427368207e-06, 2.567621375055606e-06, 2.3683375120527333e-06, 1.9706150283602547e-06, 1.7129819185574464e-06, 2.219802106616595e-06, 1.7271556032261927e-06, 1.2841787062252453e-06, 1.5552388248111742e-06, 1.3198905812861058e-06, 1.2091354061840034e-06, 1.2646455577339171e-06, 1.8171946588808345e-06, 1.2888076967253524e-06, 1.5561422997174283e-06, 1.745832341208076e-06, 1.4215856957237718e-06, 1.5355205126273338e-06, 1.7050150307243727e-06, 1.569967826301345e-06, 1.172345031301755e-06, 1.30752738966474e-06, 1.4328504174663584e-06, 1.3569617941406426e-06, 1.3853098905824908e-06, 1.2255528009107127e-06, 9.428536572050896e-07, 8.717744541181265e-07, 9.837314414996688e-07, 1.0148247784239983e-06, 7.651041441463466e-07, 7.236724893405674e-07, 6.686051917091498e-07, 5.475577067354322e-07, 4.035789733713919e-07, 3.996017590544667e-07, 3.364654900821115e-07, 3.340360634431276e-07, 3.823796821028895e-07, 3.92085651964122e-07, 2.6732572660519393e-07, 2.8339966309343573e-07, 3.357180840148553e-07, 2.873325526712826e-07, 2.6869111508948085e-07, 2.7996903960355597e-07, 2.3173209095216756e-07, 2.2125984298311056e-07, 2.2382491945512237e-07, 2.0037790283563242e-07, 1.7848393224883252e-07, 2.1599680573330332e-07, 1.894586005289661e-07, 1.557072443223081e-07, 1.4399354968558406e-07, 1.4290629212206973e-07, 1.2133134631372907e-07, 1.1905736614727981e-07, 1.178593369855968e-07, 1.0529536329826304e-07, 9.681527026962355e-08, 7.553333786030214e-08, 7.344511884724476e-08, 7.862900850916286e-08, 6.80193978599328e-08, 6.297507858427153e-08, 8.055171506837804e-08, 6.354253849446638e-08, 5.9496324010438274e-08, 6.745345238309115e-08, 5.5722035361701394e-08, 4.7003271111758736e-08, 4.883071448263853e-08, 4.4192670239192414e-08, 3.316578126993672e-08, 3.472703548069011e-08, 2.8476003447409358e-08, 2.2158910478329608e-08, 1.9867391140743816e-08, 2.004645683548552e-08, 1.7570422335411356e-08, 1.6477337563057986e-08, 1.841404198024101e-08, 1.788250739000904e-08, 1.6488604567943227e-08, 1.636240728549812e-08, 1.790214199345223e-08, 1.3200454576369343e-08, 1.2571776882503838e-08, 1.4327233393902972e-08, 1.109319615122234e-08, 8.564750253403385e-09, 1.1817032711089143e-08, 1.0459338991958807e-08, 8.665768445255869e-09, 8.806447565816133e-09, 1.1768289586699172e-08, 9.371576254782076e-09, 1.0958663885256519e-08, 1.2979546600256084e-08, 9.690462826090573e-09, 8.369854649079913e-09, 9.354441699021297e-09, 9.2747367172108e-09, 6.606715552633385e-09, 8.10184521234421e-09, 7.775620527122317e-09, 7.257374591084171e-09, 6.8584288505113534e-09, 7.002564341386272e-09, 5.800311151924418e-09, 5.931449988143216e-09, 5.856304175678213e-09, 5.910652059829338e-09, 5.047197577159774e-09, 4.418981056845165e-09, 3.985124130944038e-09, 3.6756107715816126e-09, 2.9690450855126482e-09, 3.2176569444948646e-09, 2.7361128091519813e-09, 2.0860461511818813e-09, 2.1630123141069543e-09, 1.7151198974056673e-09, 1.1178795795113605e-09, 1.0710700027065454e-09, 1.229634215469783e-09, 1.0124984356009193e-09, 9.968100987725322e-10, 1.0478503527954604e-09, 1.034905414937387e-09, 8.754965673141159e-10, 9.75109404513316e-10, 8.629226738968992e-10, 7.200102124586131e-10, 5.562272468819907e-10, 6.239331942074449e-10, 5.343791623278128e-10, 5.658522455348537e-10, 5.234277844749787e-10, 5.148163551911024e-10, 5.238011377392662e-10, 4.523967760346814e-10, 4.611289139088273e-10, 4.592637203566199e-10, 3.7293564275310303e-10, 3.298492906039356e-10, 3.9554628968352143e-10, 3.396135514460444e-10, 3.271954571215259e-10, 3.5279688103974806e-10, 2.9754011152830217e-10, 2.7007574190036635e-10, 2.728221990757908e-10, 2.386008988201501e-10, 2.0507762997163432e-10], 'preconditioner metadata': [{}, {}, {}, {}, {}, {}, {}, {}, {}, {}, {}, {}, {}, {}, {}, {}, {}, {}, {}, {}, {}, {}, {}, {}, {}, {}, {}, {}, {}, {}, {}, {}, {}, {}, {}, {}, {}, {}, {}, {}, {}, {}, {}, {}, {}, {}, {}, {}, {}, {}, {}, {}, {}, {}, {}, {}, {}, {}, {}, {}, {}, {}, {}, {}, {}, {}, {}, {}, {}, {}, {}, {}, {}, {}, {}, {}, {}, {}, {}, {}, {}, {}, {}, {}, {}, {}, {}, {}, {}, {}, {}, {}, {}, {}, {}, {}, {}, {}, {}, {}, {}, {}, {}, {}, {}, {}, {}, {}, {}, {}, {}, {}, {}, {}, {}, {}, {}, {}, {}, {}, {}, {}, {}, {}, {}, {}, {}, {}, {}, {}, {}, {}, {}, {}, {}, {}, {}, {}, {}, {}, {}, {}, {}, {}, {}, {}, {}, {}, {}, {}, {}, {}, {}, {}, {}, {}, {}, {}, {}, {}, {}, {}, {}, {}, {}, {}, {}, {}, {}, {}, {}, {}, {}, {}, {}, {}, {}, {}, {}, {}, {}, {}, {}, {}, {}, {}, {}, {}, {}, {}, {}, {}, {}, {}, {}, {}, {}, {}, {}, {}, {}, {}, {}, {}, {}, {}, {}, {}, {}, {}, {}, {}, {}, {}, {}, {}, {}, {}, {}, {}, {}, {}, {}, {}, {}, {}, {}, {}, {}, {}, {}, {}, {}, {}, {}, {}, {}, {}, {}, {}, {}, {}, {}, {}, {}, {}, {}, {}, {}, {}, {}, {}, {}, {}, {}, {}, {}, {}, {}, {}, {}, {}, {}, {}, {}, {}, {}, {}, {}, {}, {}, {}, {}, {}, {}, {}, {}, {}, {}, {}, {}, {}, {}, {}, {}, {}, {}, {}, {}, {}, {}, {}, {}, {}, {}, {}, {}, {}, {}, {}, {}, {}, {}, {}, {}, {}, {}, {}, {}, {}, {}, {}, {}, {}, {}, {}, {}, {}, {}, {}, {}, {}, {}, {}, {}, {}, {}, {}, {}, {}, {}, {}, {}, {}, {}, {}, {}, {}, {}, {}, {}, {}, {}, {}, {}, {}, {}, {}, {}, {}, {}, {}, {}, {}, {}, {}, {}, {}, {}, {}, {}, {}, {}, {}, {}, {}, {}, {}]}",2.0646363298175123e-10,,"[1518.4747314453125, 1517.5184326171875, 1517.9644775390625, 1518.752685546875, 1518.0621337890625, 1517.910400390625, 1517.773681640625, 1517.9998779296875, 1518.277587890625, 1517.8905029296875]",[954.2692260742188],[1773.9676513671875],[1915.7349853515625],[1.4120639562606812],[1.3737280368804932],
2026-10-05T09:55:56.748780+00:00,continuous coefficient 2D,5,"uniform(2D,8)",S8,S6,S6,"CG(HybridSchwarz(torch.float32, Inv(), CUDSS), bsr_matmul=True)",False,0,1,10,2752512,230759424,"{'iterations': 309, 'residual norms': [6.758082412414852, 6.034378235744271, 8.822505736797456, 10.493313279436153, 6.945567125936103, 9.206172183630876, 10.550364654132846, 8.3162786420767, 10.869557663071431, 7.544694667229015, 10.423786027274037, 7.775235945442383, 7.909149099820212, 8.811166315142422, 6.530397518748154, 6.382273791044375, 5.912288927278486, 4.869008339914611, 4.765697023534516, 3.7303980454476617, 3.9792692030981156, 3.1716224331422875, 2.478660547583232, 2.1695986327658687, 2.2807838174750983, 1.4584840168786195, 1.545806851194665, 1.2283467344776737, 0.9904575291146213, 1.2017507939585723, 0.9069309476593441, 0.8357516124106265, 0.653286897319352, 0.6211291616782625, 0.7029846988113498, 0.5150578249613358, 0.4597233845770743, 0.3820225481885072, 0.33420931656206043, 0.42061445768153083, 0.2567912498972948, 0.2462363887098558, 0.25986434052889507, 0.23666249909640333, 0.23239997689144065, 0.24176153799476893, 0.30766143422665526, 0.2777984614417415, 0.21479624499160227, 0.23316325192268977, 0.19715368601633948, 0.17679312661543709, 0.15691207524561068, 0.16082028557784261, 0.11869926026119614, 0.13259801526656614, 0.10051852750330084, 0.07347369459849463, 0.0829297787505254, 0.05286769753721686, 0.05516907945617798, 0.050796321625942845, 0.036559045696360884, 0.04409986290129353, 0.03644332105697386, 0.030858680795200957, 0.040365482516868535, 0.03149225221553168, 0.033853259968346414, 0.033355429405851386, 0.025633456166420498, 0.029135176536777024, 0.027826028918458177, 0.02396010288489361, 0.020785358180971537, 0.016000749233289806, 0.017438403097132172, 0.017340024953447254, 0.01746019221799168, 0.013057257318698836, 0.017574788814546362, 0.0181960308250195, 0.01570401679907039, 0.01743566051304271, 0.015570434310475922, 0.0159225152315891, 0.01348872142963602, 0.011250192509179593, 0.012124137144943679, 0.008525361330663478, 0.00875342361647075, 0.010043010082341076, 0.0059761595336585835, 0.005812527683850256, 0.00515819974126824, 0.004320738298546929, 0.0038013686784257724, 0.002644590551934709, 0.0022966058298422194, 0.0018841828300619663, 0.0014723633463761428, 0.001209029308617898, 0.001328531443892806, 0.0011254756354451012, 0.0013153908582465377, 0.0013594355838790104, 0.001167685148691143, 0.0014155717014927673, 0.0008492291898179201, 0.0009137677773104186, 0.0009931313353805258, 0.0009250657253389361, 0.00108999999639383, 0.0011162587118629481, 0.00110327795426295, 0.0010170073414411981, 0.0008243606050174509, 0.0007064600617355542, 0.0008578554395948845, 0.0007357525576711194, 0.0006576878944555088, 0.0006768919813714234, 0.000372991354736465, 0.0003778440192941843, 0.0002925733858799791, 0.0002480019740447462, 0.00029661065176851963, 0.00019194333827452067, 0.00024865101664717015, 0.0002248816329110958, 0.00022684395028860698, 0.00027718862540407216, 0.00019156847231896414, 0.00022035721361155937, 0.00017236248484070438, 0.00015142338355630532, 0.00014515430970686732, 0.00012752655921265642, 0.00010117370552146456, 8.53356866987336e-05, 9.023692711713732e-05, 7.841957398314452e-05, 8.085071980258558e-05, 8.108008989718982e-05, 9.365770170161457e-05, 9.556787522178577e-05, 6.660657956686754e-05, 6.739069862700553e-05, 5.9681985579384374e-05, 4.8966469884612155e-05, 5.4193784249736564e-05, 4.150239961674417e-05, 3.854367727232272e-05, 3.2589004622030835e-05, 2.6702437016697247e-05, 2.323165871179574e-05, 2.414667012242308e-05, 2.3849859040037694e-05, 1.5222113118532573e-05, 1.652130912449211e-05, 1.569304871307957e-05, 1.924127632390894e-05, 2.2739905047841315e-05, 1.7204728675898202e-05, 1.921674202058648e-05, 1.4264244006723785e-05, 1.4066805728451824e-05, 1.826859046870964e-05, 1.2481574254250513e-05, 1.2996286570174971e-05, 1.2944720217053285e-05, 1.1996218137372035e-05, 1.574274943981487e-05, 1.0794414396808938e-05, 8.937573256795573e-06, 1.0080670009833498e-05, 6.1213072881185265e-06, 6.719627323314879e-06, 5.802523878427623e-06, 4.384458951819691e-06, 4.701082510840032e-06, 3.0216357961879713e-06, 3.155732183813814e-06, 3.2404502413078066e-06, 2.6943078588665733e-06, 2.618086874415481e-06, 2.4906101649699547e-06, 2.0171939335430064e-06, 2.1042726415977203e-06, 1.6177511920429227e-06, 1.4459912284266244e-06, 1.8307293041629957e-06, 1.3951954906088436e-06, 1.5641975612000575e-06, 1.5712717007211257e-06, 1.3441793172833495e-06, 1.5706005484079077e-06, 1.2079404248872206e-06, 1.2386487042146686e-06, 1.3688987438204526e-06, 9.141234572451567e-07, 8.571714379193518e-07, 7.195098918914384e-07, 6.948727020715076e-07, 8.294948387712132e-07, 6.233162577609487e-07, 7.463350757369261e-07, 5.820241346781282e-07, 5.254898744842558e-07, 4.965807499288569e-07, 4.066310486116695e-07, 4.098700847989712e-07, 3.16774258251131e-07, 3.916433823153891e-07, 2.81078801987103e-07, 3.620105396007627e-07, 3.557615806670127e-07, 2.78389293713958e-07, 3.143220729708192e-07, 2.2575457654463443e-07, 2.3772015558996175e-07, 2.2526648407769284e-07, 1.993346199339442e-07, 2.0447357590504354e-07, 1.919463433725972e-07, 1.6500929038942119e-07, 1.751786569369144e-07, 1.6112270106210107e-07, 1.5884773746257302e-07, 1.7108894138078758e-07, 1.1677216557351627e-07, 1.3265395432945766e-07, 1.231431612413992e-07, 1.0506847686223488e-07, 1.2246467040227945e-07, 8.308176125427595e-08, 7.814353446353352e-08, 7.906777223401954e-08, 5.444950588764523e-08, 5.5367011191426226e-08, 5.264447645035899e-08, 3.7697164573322485e-08, 3.755976170336078e-08, 3.470080365771437e-08, 2.6508309965208993e-08, 2.718046273532486e-08, 2.1880807890018847e-08, 2.0221779418573947e-08, 2.6399278640678072e-08, 2.087196804224727e-08, 2.0678611006032408e-08, 2.1825007489150358e-08, 1.6652662617737163e-08, 1.9033057392484668e-08, 1.518689540312108e-08, 1.4584633105261332e-08, 1.5539156307835716e-08, 1.1545266690769792e-08, 1.2311686893471393e-08, 1.301336564880881e-08, 1.274192941988513e-08, 1.4921336132456286e-08, 1.1241485860331165e-08, 1.115637548400591e-08, 1.078756953614012e-08, 8.053920496082683e-09, 8.37130291331411e-09, 7.253259047825103e-09, 6.032264765174996e-09, 5.886863956704431e-09, 5.206393757337379e-09, 5.107311372960301e-09, 4.573167319611012e-09, 4.677414516452002e-09, 3.6704318452255324e-09, 3.853458999438748e-09, 3.6947557625922677e-09, 2.7882373496539062e-09, 3.2687346831685318e-09, 3.0188731894705034e-09, 2.873519031853828e-09, 2.7844535108274225e-09, 2.2224238898840657e-09, 2.040557911843443e-09, 1.9136249860374996e-09, 1.5969739469809625e-09, 1.9019043268536447e-09, 1.8566861261563453e-09, 2.0423473376228585e-09, 2.000356653518334e-09, 1.5819848981442191e-09, 1.3072310847507149e-09, 1.1851846232610793e-09, 9.048696924904263e-10, 9.092506976965369e-10, 8.252369202835373e-10, 6.320776806121025e-10, 7.02204375889172e-10, 5.304726031075492e-10, 5.646922354482966e-10, 4.895528963859873e-10, 4.028510966814833e-10, 4.963948213478028e-10, 3.8302278631930364e-10, 3.6819398698179453e-10, 4.077651103385058e-10, 2.8805547330924664e-10, 3.174705686303126e-10, 2.759802709782438e-10, 2.2807803144495065e-10], 'preconditioner metadata': [{}, {}, {}, {}, {}, {}, {}, {}, {}, {}, {}, {}, {}, {}, {}, {}, {}, {}, {}, {}, {}, {}, {}, {}, {}, {}, {}, {}, {}, {}, {}, {}, {}, {}, {}, {}, {}, {}, {}, {}, {}, {}, {}, {}, {}, {}, {}, {}, {}, {}, {}, {}, {}, {}, {}, {}, {}, {}, {}, {}, {}, {}, {}, {}, {}, {}, {}, {}, {}, {}, {}, {}, {}, {}, {}, {}, {}, {}, {}, {}, {}, {}, {}, {}, {}, {}, {}, {}, {}, {}, {}, {}, {}, {}, {}, {}, {}, {}, {}, {}, {}, {}, {}, {}, {}, {}, {}, {}, {}, {}, {}, {}, {}, {}, {}, {}, {}, {}, {}, {}, {}, {}, {}, {}, {}, {}, {}, {}, {}, {}, {}, {}, {}, {}, {}, {}, {}, {}, {}, {}, {}, {}, {}, {}, {}, {}, {}, {}, {}, {}, {}, {}, {}, {}, {}, {}, {}, {}, {}, {}, {}, {}, {}, {}, {}, {}, {}, {}, {}, {}, {}, {}, {}, {}, {}, {}, {}, {}, {}, {}, {}, {}, {}, {}, {}, {}, {}, {}, {}, {}, {}, {}, {}, {}, {}, {}, {}, {}, {}, {}, {}, {}, {}, {}, {}, {}, {}, {}, {}, {}, {}, {}, {}, {}, {}, {}, {}, {}, {}, {}, {}, {}, {}, {}, {}, {}, {}, {}, {}, {}, {}, {}, {}, {}, {}, {}, {}, {}, {}, {}, {}, {}, {}, {}, {}, {}, {}, {}, {}, {}, {}, {}, {}, {}, {}, {}, {}, {}, {}, {}, {}, {}, {}, {}, {}, {}, {}, {}, {}, {}, {}, {}, {}, {}, {}, {}, {}, {}, {}, {}, {}, {}, {}, {}, {}, {}, {}, {}, {}, {}, {}, {}, {}, {}, {}, {}, {}, {}, {}, {}, {}, {}, {}, {}, {}, {}, {}, {}, {}]}",2.2912458786359194e-10,,"[1286.615234375, 1287.28515625, 1287.474609375, 1287.42529296875, 1287.7738037109375, 1287.882080078125, 1287.0189208984375, 1287.25244140625, 1287.5166015625, 1286.9307861328125]",[584.7660522460938],[1782.3109130859375],[2259.86962890625],[1.504256010055542],[1.545024037361145],
2026-10-05T09:56:13.556146+00:00,continuous coefficient 2D,5,"uniform(2D,8)",S8,S6,S6,"CG(AdditiveSchwarz(torch.float32, Inv(torch.float16), CUDSS, const_dofs_per_coarse=False), bsr_matmul=True)",False,0,1,10,2752512,230759424,"{'iterations': 369, 'residual norms': [0.23042262653948303, 6.7812941547518335, 3.924683048973389, 15.931952109328794, 7.685306705670779, 12.67937531011605, 7.598407506446428, 8.932761024725608, 11.360378263614068, 10.25806912482108, 9.440523986852773, 12.984120711097033, 7.626253589098307, 10.54747131222429, 10.682476110566213, 8.087532055696327, 8.74673969866735, 9.124502702471563, 7.30161384252367, 7.503092709157905, 6.8568866040358145, 6.2395266185292995, 6.155222492120421, 4.641567267023905, 5.390808016889521, 3.685470908172168, 4.5853875183708945, 3.3659135312306496, 2.9031624249899055, 2.605618921905801, 3.0039176576413475, 2.2737767204549955, 1.77268686833737, 2.116435673342368, 1.685784341991725, 1.4302605603653085, 1.6083299052277, 1.6939721599969733, 1.1356865409775334, 1.0545026597600187, 1.0782042008605623, 0.8580058756343446, 0.8942091125024533, 0.9137711103788305, 0.6461141138126967, 0.5495661234043143, 0.5011872536328421, 0.4839342306258433, 0.4134782899167463, 0.4983721218027811, 0.3764198838605652, 0.285773183059894, 0.34844714839450885, 0.3997806474423299, 0.2674249454718643, 0.33600879416524876, 0.39558660646089083, 0.3571798971994614, 0.3348884857543956, 0.3301744837931247, 0.26027556199528784, 0.2631890374591521, 0.29438975902832526, 0.23828799775548518, 0.2120192932741293, 0.2177335632048796, 0.21198193972907353, 0.163157593168933, 0.14725995499884467, 0.13691504000611532, 0.12141021276284458, 0.08785235442327531, 0.07318450980931016, 0.07486621501911186, 0.05633237784200665, 0.03995964890048295, 0.04761552407286191, 0.031029183304438962, 0.028480961175241962, 0.02771343295416655, 0.025795821446540447, 0.01908669532102355, 0.0231740138076353, 0.023525058402870797, 0.0235474389128234, 0.023852061318946724, 0.022911969768731014, 0.027436597500818633, 0.027584139874789314, 0.02734066492153976, 0.031914431670668, 0.031234764568708964, 0.024013748215173717, 0.023927329613001383, 0.02723988361629193, 0.022817123014736786, 0.021704980911771216, 0.021351391289683216, 0.017206279338352257, 0.017182367878564676, 0.021582687341247412, 0.020152430377126926, 0.014711853802721735, 0.014328146210916663, 0.01605960725221055, 0.01389546941471605, 0.011629829732268929, 0.012016011970583136, 0.008163638591098466, 0.008164012232463743, 0.008673951388522934, 0.007418228825809351, 0.006706857130812551, 0.00822466320956567, 0.006569576791208861, 0.005151368743108717, 0.005067383982518888, 0.005875212863989283, 0.0052770378841217646, 0.003578256826792095, 0.0030083931368367098, 0.0030257356834292428, 0.0023386411791223574, 0.001968505971129276, 0.001758538026751049, 0.00139610060759678, 0.001334130950143454, 0.0014770328128167435, 0.0014879186539784842, 0.001234058721649014, 0.001257755211347903, 0.0012182695878624886, 0.0009225133079507332, 0.000662513004312958, 0.0007091874211571001, 0.0004992067437229413, 0.0003862214735510775, 0.0004959229771038267, 0.0004441919654409947, 0.0003659919366996627, 0.0003729341578591617, 0.0004027357830267092, 0.00028377470000246114, 0.0002644732338953821, 0.00026704357113109154, 0.00026108535782943696, 0.00028039547165773914, 0.0003174566377093313, 0.00034641393807706547, 0.00030327193844754713, 0.00029546019642519864, 0.0002721981286335929, 0.00026713846762114384, 0.00020932644903306474, 0.00025502339183035636, 0.000237113460902967, 0.00019274202546399596, 0.00019682678594365067, 0.00021247962046224756, 0.00019763762777029307, 0.00023074338187374914, 0.00021790754907533466, 0.00018616732237756772, 0.00016830496941974324, 0.00018640148812155914, 0.0001387665288631985, 0.00014440487422949237, 0.00012122876973831214, 0.00012330161283298299, 0.00010794804461476978, 9.165558250408836e-05, 8.02329718558525e-05, 8.345341735161933e-05, 7.456102495146812e-05, 6.940730103032463e-05, 8.898432152638814e-05, 7.153198118325451e-05, 7.508169746373998e-05, 8.904782330909851e-05, 8.338820123457281e-05, 6.02649202177882e-05, 5.8686338503461074e-05, 5.903340286268442e-05, 5.344822105540198e-05, 5.5391500094942764e-05, 5.069874159328319e-05, 3.863981259522319e-05, 3.822779012620469e-05, 3.6513989172022545e-05, 2.8621534915579468e-05, 2.2873580838572538e-05, 2.675317468716454e-05, 2.3920714861724494e-05, 2.123946724518816e-05, 1.7905879456601408e-05, 1.8645910933573126e-05, 1.6284286823516237e-05, 1.521978256304962e-05, 2.1889446112673827e-05, 2.5337670379372556e-05, 2.0604622392310834e-05, 1.6419607918635495e-05, 1.817215879382209e-05, 1.2711434302521678e-05, 1.1600416306140943e-05, 1.3255493000479935e-05, 1.184131508219911e-05, 7.815826791143845e-06, 7.17774423668982e-06, 6.092502701307419e-06, 4.644874392747646e-06, 4.7598094548373585e-06, 4.9998971350833545e-06, 2.9546182950932135e-06, 2.494617126363483e-06, 2.364783151858667e-06, 2.0349122731218158e-06, 1.6499049832498163e-06, 2.038931218816306e-06, 1.8600167778517562e-06, 1.2811599125277197e-06, 1.338917790468172e-06, 1.4317252129500658e-06, 1.231803887491196e-06, 1.1749636464207003e-06, 1.6201413965922522e-06, 1.4266582098272545e-06, 1.421585958049826e-06, 1.6713752466966535e-06, 1.512799507500671e-06, 1.5245448354037316e-06, 1.6041361130010832e-06, 1.5191443874491502e-06, 1.4200022927424301e-06, 1.1865861682758096e-06, 1.3237151927658632e-06, 1.4956987755777769e-06, 1.499379897978857e-06, 1.154326873418331e-06, 1.0710538382746407e-06, 9.430158870956663e-07, 8.910232238140873e-07, 9.896306982956812e-07, 9.652678745827485e-07, 7.226071079943934e-07, 6.743944076083531e-07, 5.905928423666485e-07, 5.068975958473479e-07, 3.80822345475208e-07, 3.594602123773267e-07, 3.603568390714295e-07, 3.6088901476450215e-07, 3.6681390866139824e-07, 3.3396268908668855e-07, 3.181537362061413e-07, 2.576434490017404e-07, 3.2143281156891176e-07, 3.316405801242408e-07, 2.539574880146611e-07, 2.3777363038529856e-07, 2.643891713896289e-07, 2.185039264588418e-07, 1.9476481945630122e-07, 2.1784535070900702e-07, 1.919434370489348e-07, 1.8252951787596516e-07, 1.9700648121344178e-07, 1.6722056791561112e-07, 1.257145689453083e-07, 1.3553835020062394e-07, 1.4023268441440282e-07, 1.0624702532315966e-07, 1.0914253419984452e-07, 1.1706671605625516e-07, 7.931731921977621e-08, 6.924761144834125e-08, 8.037337377206647e-08, 7.031630967895975e-08, 6.173698190397496e-08, 7.907434454396328e-08, 6.843905867058211e-08, 5.930676991669273e-08, 6.530356474712331e-08, 5.997142085022313e-08, 5.135626947896606e-08, 4.303449441544546e-08, 4.783563444433045e-08, 3.764824720241997e-08, 3.3692067557906145e-08, 2.7789551795108407e-08, 2.6115506101833403e-08, 1.9480110930082872e-08, 1.9940743894924363e-08, 1.9389173902980907e-08, 1.5679403190719706e-08, 1.702497807372857e-08, 1.9061039559026836e-08, 1.719442627537971e-08, 1.48139578584617e-08, 1.8917352547463797e-08, 1.555593895952776e-08, 1.2302360412163273e-08, 1.3008039742482837e-08, 1.2347900899592488e-08, 9.909412283123638e-09, 9.957012833098696e-09, 1.0139844361665503e-08, 1.0603167585385281e-08, 8.522594664188694e-09, 9.472969734186991e-09, 1.0173248279475671e-08, 1.1849203914271924e-08, 1.0864875891728886e-08, 1.13125803654144e-08, 1.0439499746249654e-08, 8.91482802288989e-09, 8.046355710132468e-09, 8.702989942838455e-09, 8.849808053488461e-09, 6.644703588584745e-09, 7.725617959886551e-09, 8.332195057510232e-09, 6.7735703009463355e-09, 5.845411729207957e-09, 6.547297283992037e-09, 5.7741304762954235e-09, 5.762280657929699e-09, 5.470137769816803e-09, 5.2945715374693035e-09, 4.410096359746071e-09, 3.6401365195571436e-09, 3.4720256241470323e-09, 3.3236067697039758e-09, 2.70829369187605e-09, 2.630257679147807e-09, 2.3809602622929582e-09, 1.6565267916122991e-09, 1.4540373709768198e-09, 1.3807286893223842e-09, 9.456134614189168e-10, 1.0320303254983944e-09, 1.1916843797900781e-09, 1.0709976529552694e-09, 9.003620707544637e-10, 1.0289349496833946e-09, 9.807250610551794e-10, 8.266814928479614e-10, 8.197761240403576e-10, 7.377811351425745e-10, 5.481023127088432e-10, 5.424901232478097e-10, 6.665148347687084e-10, 5.429532817153099e-10, 4.835683402830992e-10, 5.76025374310982e-10, 5.14205038284522e-10, 4.339302210344519e-10, 4.6238996060130175e-10, 4.01849087489015e-10, 3.6465297076223667e-10, 3.593174331050697e-10, 3.7536527903044463e-10, 3.2219431416065047e-10, 3.5984709984772397e-10, 3.151707990563774e-10, 3.097047975260395e-10, 2.5115448253640284e-10, 2.7545287081006695e-10, 2.3241560951722774e-10, 1.991203284967359e-10], 'preconditioner metadata': [{}, {}, {}, {}, {}, {}, {}, {}, {}, {}, {}, {}, {}, {}, {}, {}, {}, {}, {}, {}, {}, {}, {}, {}, {}, {}, {}, {}, {}, {}, {}, {}, {}, {}, {}, {}, {}, {}, {}, {}, {}, {}, {}, {}, {}, {}, {}, {}, {}, {}, {}, {}, {}, {}, {}, {}, {}, {}, {}, {}, {}, {}, {}, {}, {}, {}, {}, {}, {}, {}, {}, {}, {}, {}, {}, {}, {}, {}, {}, {}, {}, {}, {}, {}, {}, {}, {}, {}, {}, {}, {}, {}, {}, {}, {}, {}, {}, {}, {}, {}, {}, {}, {}, {}, {}, {}, {}, {}, {}, {}, {}, {}, {}, {}, {}, {}, {}, {}, {}, {}, {}, {}, {}, {}, {}, {}, {}, {}, {}, {}, {}, {}, {}, {}, {}, {}, {}, {}, {}, {}, {}, {}, {}, {}, {}, {}, {}, {}, {}, {}, {}, {}, {}, {}, {}, {}, {}, {}, {}, {}, {}, {}, {}, {}, {}, {}, {}, {}, {}, {}, {}, {}, {}, {}, {}, {}, {}, {}, {}, {}, {}, {}, {}, {}, {}, {}, {}, {}, {}, {}, {}, {}, {}, {}, {}, {}, {}, {}, {}, {}, {}, {}, {}, {}, {}, {}, {}, {}, {}, {}, {}, {}, {}, {}, {}, {}, {}, {}, {}, {}, {}, {}, {}, {}, {}, {}, {}, {}, {}, {}, {}, {}, {}, {}, {}, {}, {}, {}, {}, {}, {}, {}, {}, {}, {}, {}, {}, {}, {}, {}, {}, {}, {}, {}, {}, {}, {}, {}, {}, {}, {}, {}, {}, {}, {}, {}, {}, {}, {}, {}, {}, {}, {}, {}, {}, {}, {}, {}, {}, {}, {}, {}, {}, {}, {}, {}, {}, {}, {}, {}, {}, {}, {}, {}, {}, {}, {}, {}, {}, {}, {}, {}, {}, {}, {}, {}, {}, {}, {}, {}, {}, {}, {}, {}, {}, {}, {}, {}, {}, {}, {}, {}, {}, {}, {}, {}, {}, {}, {}, {}, {}, {}, {}, {}, {}, {}, {}, {}, {}, {}, {}, {}, {}, {}, {}, {}, {}, {}, {}, {}, {}, {}, {}, {}, {}, {}, {}, {}, {}, {}, {}, {}, {}, {}, {}, {}, {}, {}, {}]}",2.0059371232724702e-10,,"[1175.331787109375, 1175.5799560546875, 1175.163330078125, 1175.8072509765625, 1175.71435546875, 1176.5711669921875, 1179.8905029296875, 1175.8538818359375, 1175.8231201171875, 1175.6729736328125]",[697.1493530273438],[1753.2642822265625],[1935.0615234375],[1.3944000005722046],[1.4283839464187622],
2026-10-05T09:56:29.535475+00:00,continuous coefficient 2D,5,"uniform(2D,8)",S8,S6,S6,"CG(HybridSchwarz(torch.float32, Inv(torch.float16), CUDSS), bsr_matmul=True)",False,0,1,10,2752512,230759424,"{'iterations': 313, 'residual norms': [6.758083284341254, 6.034440785038141, 8.8225429812146, 10.493129247228286, 6.945575156814988, 9.206200901055617, 10.550192983275851, 8.316307351155679, 10.86936823769081, 7.545012133166977, 10.423218837919409, 7.776374630915961, 7.9087197187690546, 8.812092397158953, 6.530257864034788, 6.382982846264776, 5.91225002965429, 4.8699778139891485, 4.765058600179287, 3.7318582074472775, 3.977193701525578, 3.1738151187825845, 2.4781963859820895, 2.1706771951098784, 2.280479318198089, 1.4608964869638836, 1.5442188852621792, 1.230950004727921, 0.989767457260747, 1.2029753096136375, 0.9072027155874832, 0.8354270063632979, 0.6535181435465074, 0.6212303655705296, 0.7030650185895999, 0.515857002247802, 0.4594327705385343, 0.38241752272321167, 0.33383998966702544, 0.4197577338538077, 0.25746432789136825, 0.24556193226967776, 0.26039979562670973, 0.2369617183385024, 0.23217492399229253, 0.24167588860891914, 0.30737254084758975, 0.2771515484161611, 0.21616409776415985, 0.22981048466087434, 0.20048034572138235, 0.17655572811453873, 0.15564576527275195, 0.16285701069607192, 0.11880607011573008, 0.1290655341293238, 0.1013064426418092, 0.07333813967822941, 0.08279586269575942, 0.05444154834742919, 0.05393594372205625, 0.050502047374536244, 0.03821847319483325, 0.041024603435181814, 0.03720331709573352, 0.032203484187568375, 0.03533503928807668, 0.034394879702067525, 0.034107917698013246, 0.031204014004424806, 0.029935715321620825, 0.02599034558880342, 0.028492407075224983, 0.026680718128339588, 0.019208614250184393, 0.0176554960890513, 0.016490870686255554, 0.017171294855931097, 0.01837567137451992, 0.012649931560679223, 0.017556280236358527, 0.018460969946964004, 0.015499510664954218, 0.017650029146659325, 0.01501843468212074, 0.01597064827075197, 0.013174525145994133, 0.01105010778377312, 0.011940498620945015, 0.00840198384591988, 0.008651084827798255, 0.009910691597362294, 0.006275553857711037, 0.005791903839688692, 0.005161666304712822, 0.0045765310725016314, 0.003785338019115528, 0.0028425682010690986, 0.0022935115433346804, 0.0018962640200196519, 0.001556166451641575, 0.00117470325326964, 0.0013488105512305681, 0.0011293728117367672, 0.001262994291150497, 0.0013874546762726123, 0.0011560945086389717, 0.0013806480846519557, 0.0008832578327320537, 0.000883310553444917, 0.0009872216606878431, 0.0009439746735563127, 0.0010315209991839025, 0.001157336791354252, 0.001113358933554167, 0.0009897178927501006, 0.0008816469984818414, 0.0006840329033887713, 0.0008391025757594445, 0.000769426195948828, 0.0006528457267345653, 0.0006829066846744202, 0.000406999738243192, 0.00036031324422265156, 0.00030375253087091555, 0.000255823811998195, 0.00027567994369471897, 0.00021718947115114873, 0.000223225357017202, 0.00022064886997846627, 0.00024449666882282836, 0.0002388863349598965, 0.00023034914991574445, 0.00020496477221479986, 0.0001754417770819829, 0.000174905195110642, 0.00013527460198279166, 0.00013832206626402828, 0.00011813971176233889, 8.2671691280703e-05, 8.96693264882365e-05, 8.547062780034771e-05, 7.623259353354172e-05, 8.631054972332096e-05, 8.052478972315871e-05, 0.00010171074473151955, 7.873714633245845e-05, 5.794961528619247e-05, 6.771909357245115e-05, 4.937676484260496e-05, 5.031193118358033e-05, 4.769680797824111e-05, 3.76660711310728e-05, 3.3070716987262544e-05, 2.9063150752504284e-05, 2.2765126522764484e-05, 2.3735747670490538e-05, 2.5051917354842654e-05, 1.537595605357406e-05, 1.6219769425824153e-05, 1.562426299881469e-05, 1.798466420418576e-05, 2.2773640289667095e-05, 1.765834119390977e-05, 1.8473895542765484e-05, 1.5061313341704278e-05, 1.3400199293742476e-05, 1.8060628662662753e-05, 1.3410255949724823e-05, 1.2110529062575314e-05, 1.3276184117167211e-05, 1.2141246480846033e-05, 1.4331493106432582e-05, 1.2413239420363327e-05, 8.755536140462287e-06, 9.617538368422735e-06, 7.153412710204664e-06, 6.000227816850346e-06, 6.115545676123428e-06, 4.9253676992563276e-06, 4.2267810331313605e-06, 3.670345842616063e-06, 3.040064849051088e-06, 3.0548589901668467e-06, 3.169622728817654e-06, 2.506334143706014e-06, 2.53533065562844e-06, 2.2509455227154198e-06, 2.0104193842642013e-06, 1.7774595220193545e-06, 1.5432090750858878e-06, 1.557771809017039e-06, 1.5843556035876249e-06, 1.4991654365336347e-06, 1.4420017851091518e-06, 1.5659409495199115e-06, 1.4088080436600464e-06, 1.255746033082984e-06, 1.3074585265906038e-06, 1.1742162020285048e-06, 1.1527530409825888e-06, 9.549734090833084e-07, 6.558980999854212e-07, 7.907854349885831e-07, 6.972368034412015e-07, 7.019821204424552e-07, 7.205998710596387e-07, 5.593449775059529e-07, 6.340506698193554e-07, 4.329356379558348e-07, 4.6412714753964457e-07, 4.220628304010969e-07, 3.132964888947005e-07, 4.004553523570587e-07, 2.926826523020658e-07, 3.3455497626295205e-07, 3.5564262359763173e-07, 3.094303026403296e-07, 2.807033447520147e-07, 2.625199546196776e-07, 2.2816624863017097e-07, 2.2208069176456185e-07, 2.1761626329479892e-07, 1.8588766700277164e-07, 2.020532873634606e-07, 1.704594953296501e-07, 1.675342168564089e-07, 1.6987824431538726e-07, 1.5860051661325466e-07, 1.6553621868480568e-07, 1.39717601365564e-07, 1.1932374112366718e-07, 1.293898123363782e-07, 1.1706865728736276e-07, 1.0795488316441831e-07, 1.0170900952655396e-07, 7.98316918518505e-08, 7.24971179948356e-08, 6.795081347316967e-08, 5.441442368820367e-08, 4.855666685880746e-08, 5.164237446069895e-08, 3.5434309907475585e-08, 3.338503742538398e-08, 3.463511269096318e-08, 2.415783832722852e-08, 2.385301206487601e-08, 2.1678411211678254e-08, 2.2057988167943625e-08, 2.3414066317697926e-08, 2.2371626189435415e-08, 1.9280476656132755e-08, 1.9372112823582174e-08, 1.9846645471640715e-08, 1.492717005316365e-08, 1.6160126933489965e-08, 1.4395140826130129e-08, 1.2747301430700767e-08, 1.370324833005848e-08, 1.1085145918725557e-08, 1.3614388330541669e-08, 1.4418567298914601e-08, 1.1561999741808475e-08, 1.2993445564835529e-08, 9.626508684820809e-09, 9.77215320783262e-09, 8.486982323467104e-09, 6.74983775378004e-09, 7.812948929710153e-09, 5.743576630808087e-09, 5.097928616836172e-09, 5.7532892039118875e-09, 4.3600116226762294e-09, 4.8378337149138125e-09, 4.2714880164687465e-09, 3.4410351408056956e-09, 3.995727327082846e-09, 3.026890830444043e-09, 2.9382638107537935e-09, 3.1833032185010948e-09, 2.9120051247856906e-09, 2.8445796476939363e-09, 2.426494848856059e-09, 2.138351260400256e-09, 1.939251145445899e-09, 1.7646293963657964e-09, 1.736940016600647e-09, 1.9450335578002926e-09, 2.0239031986847044e-09, 1.907505296272724e-09, 1.921464562950272e-09, 1.3885226218511402e-09, 1.225292640391507e-09, 1.054358893896866e-09, 9.143364825292057e-10, 8.163260440733462e-10, 8.075639692686221e-10, 6.526695867477936e-10, 5.893153153040865e-10, 6.29413080306677e-10, 4.366756803049579e-10, 5.086134589875486e-10, 4.322441415680417e-10, 3.909098191436237e-10, 4.4661658891207754e-10, 3.2468464552181456e-10, 3.734009994697091e-10, 3.232947560037994e-10, 2.4822916636762106e-10, 2.9942452622623015e-10, 2.3263152820797627e-10, 2.3864180038705623e-10, 2.3428291711522733e-10, 1.8443671182127613e-10], 'preconditioner metadata': [{}, {}, {}, {}, {}, {}, {}, {}, {}, {}, {}, {}, {}, {}, {}, {}, {}, {}, {}, {}, {}, {}, {}, {}, {}, {}, {}, {}, {}, {}, {}, {}, {}, {}, {}, {}, {}, {}, {}, {}, {}, {}, {}, {}, {}, {}, {}, {}, {}, {}, {}, {}, {}, {}, {}, {}, {}, {}, {}, {}, {}, {}, {}, {}, {}, {}, {}, {}, {}, {}, {}, {}, {}, {}, {}, {}, {}, {}, {}, {}, {}, {}, {}, {}, {}, {}, {}, {}, {}, {}, {}, {}, {}, {}, {}, {}, {}, {}, {}, {}, {}, {}, {}, {}, {}, {}, {}, {}, {}, {}, {}, {}, {}, {}, {}, {}, {}, {}, {}, {}, {}, {}, {}, {}, {}, {}, {}, {}, {}, {}, {}, {}, {}, {}, {}, {}, {}, {}, {}, {}, {}, {}, {}, {}, {}, {}, {}, {}, {}, {}, {}, {}, {}, {}, {}, {}, {}, {}, {}, {}, {}, {}, {}, {}, {}, {}, {}, {}, {}, {}, {}, {}, {}, {}, {}, {}, {}, {}, {}, {}, {}, {}, {}, {}, {}, {}, {}, {}, {}, {}, {}, {}, {}, {}, {}, {}, {}, {}, {}, {}, {}, {}, {}, {}, {}, {}, {}, {}, {}, {}, {}, {}, {}, {}, {}, {}, {}, {}, {}, {}, {}, {}, {}, {}, {}, {}, {}, {}, {}, {}, {}, {}, {}, {}, {}, {}, {}, {}, {}, {}, {}, {}, {}, {}, {}, {}, {}, {}, {}, {}, {}, {}, {}, {}, {}, {}, {}, {}, {}, {}, {}, {}, {}, {}, {}, {}, {}, {}, {}, {}, {}, {}, {}, {}, {}, {}, {}, {}, {}, {}, {}, {}, {}, {}, {}, {}, {}, {}, {}, {}, {}, {}, {}, {}, {}, {}, {}, {}, {}, {}, {}, {}, {}, {}, {}, {}, {}, {}, {}, {}, {}, {}, {}]}",1.8577463328323362e-10,,"[1018.5164184570312, 1017.6978149414062, 1016.24267578125, 1015.5484619140625, 1011.418701171875, 1010.7548828125, 1011.802001953125, 1010.001953125, 1013.6771850585938, 1011.8784790039062]",[584.9281005859375],[1811.1092529296875],[2336.235595703125],[1.4446719884872437],[1.451583981513977],
2026-10-05T09:57:05.178878+00:00,continuous coefficient 2D,5,"uniform(2D,8)",S8,S6,S6,"CG(AdditiveSchwarz(torch.float32, Inv(torch.bfloat16), CUDSS, const_dofs_per_coarse=False), bsr_matmul=True)",False,0,1,10,2752512,230759424,"{'iterations': 947, 'residual norms': [0.23042262653948303, 6.7812921249211415, 3.9268730461870174, 15.934411905121719, 7.687211162518832, 12.676714987279004, 7.606857285158776, 8.927906282646408, 11.37961261679947, 10.290305233818595, 9.432314590380905, 12.994024360643479, 7.759485957128954, 10.44130015223425, 10.934969895755918, 8.312761835672534, 8.701829926635536, 9.56535616693488, 7.395656289744217, 7.4071749844355494, 7.215522187156291, 6.273502927983607, 6.287402063093188, 4.977825671445952, 5.2438476021217815, 4.21885994747755, 4.3470426547121646, 3.9515003826237, 3.226765260534977, 2.408176922934536, 3.2032255217201975, 2.414538216995153, 1.81916233986719, 2.1005773652735646, 1.8252600808391761, 1.5147269617934775, 1.5390635980053966, 1.7520459160284096, 1.2527523217469674, 1.0351936609402486, 1.0962955379449275, 0.9937110570313649, 0.8276739864321299, 0.935370127913374, 0.7905158362552582, 0.5254966505229131, 0.5291969321024014, 0.5092878676617453, 0.4174331129835551, 0.5022039806726493, 0.4426741233121959, 0.284262841846569, 0.33196196371103925, 0.4160059563628617, 0.31881546993498017, 0.30588008805817785, 0.36972186952382546, 0.3905550476594418, 0.33647230230941344, 0.3332816676510996, 0.2841226405828635, 0.2723893725528014, 0.2892773136030654, 0.2662509061176229, 0.2292814882297845, 0.21654429357143, 0.2115624503019017, 0.19166303175104496, 0.1546000114494006, 0.13438612237567046, 0.134115325584258, 0.10606873472268652, 0.07215795926100535, 0.07300228710784855, 0.0648857081483062, 0.04873260352332269, 0.04197697366064121, 0.04116097261877402, 0.03434079216974841, 0.027369413174927262, 0.025493751405396076, 0.02474660087161596, 0.02431707225405197, 0.021882293968623654, 0.0237165730631432, 0.029035447224848424, 0.024958965748590453, 0.02331150423841625, 0.032143887562006646, 0.03138091521383868, 0.028385540456684843, 0.03595103920295387, 0.032276555810587956, 0.02288481416150826, 0.025458004323360553, 0.02963218228325807, 0.025946898826371717, 0.01970415015271371, 0.02132619767544078, 0.01911127875537419, 0.01819661863100173, 0.021433076220376636, 0.021125412499899292, 0.014070484427714079, 0.015329907694379185, 0.01757466645037691, 0.01412259037760053, 0.011749096202341387, 0.010831836158675116, 0.009037298771193459, 0.007856714784750406, 0.008773234127765893, 0.007839896678661282, 0.007661339570371104, 0.007458231444391499, 0.006944639278602623, 0.005576555780049551, 0.0051944003733637705, 0.0055378584009486325, 0.006000026596394913, 0.004315243242958052, 0.002904478674395677, 0.002909228281828064, 0.0027241074549635143, 0.001964419236100423, 0.0018224291072310643, 0.0015640732682276177, 0.0013952911475593095, 0.001475142157443257, 0.00147263011137154, 0.001407091023898113, 0.0013310979570743831, 0.0011346045974941056, 0.0010037011581331778, 0.0008814513612548723, 0.0006092404711687755, 0.0005542056345864694, 0.0005141897787546418, 0.0004409214013272011, 0.00043345800020302755, 0.0004892733850748247, 0.000430595510532053, 0.0003462091288331641, 0.00037906207356256717, 0.00035504387712764226, 0.00025346345435631645, 0.00026297614541657684, 0.0003379228956441255, 0.0003157459345935155, 0.00031503335628852813, 0.00038527082071693067, 0.0003501527458818582, 0.00028802336155355727, 0.0002860069140584209, 0.0002742991131121031, 0.00023571415045089115, 0.00025086629928318334, 0.0002651293570004557, 0.00022267564849524067, 0.00019721340541713642, 0.000226093079831334, 0.00023796852723985352, 0.00023828043551609698, 0.0002242418354006166, 0.0002381390859478768, 0.00019548047193877164, 0.00016877402491375867, 0.00016548599174024528, 0.0001682991884773514, 0.0001350446909111539, 0.0001188790713685934, 0.0001277739106403142, 0.0001143138932019456, 8.83424873764597e-05, 8.348562949029698e-05, 9.046099206977484e-05, 8.287561566335092e-05, 7.966397346606751e-05, 9.102335538661408e-05, 9.39994454646917e-05, 8.461707094570498e-05, 8.456323287781882e-05, 8.356685005706259e-05, 8.243026221431516e-05, 6.468521677894765e-05, 5.505566702657311e-05, 6.140375826553963e-05, 7.064175345578912e-05, 5.748826444333564e-05, 4.3805835150973644e-05, 4.493256036791714e-05, 3.968011054878157e-05, 3.366856043666425e-05, 3.1589932373508585e-05, 3.0512640299239074e-05, 2.442443696509516e-05, 2.432155204575741e-05, 2.745850665833907e-05, 2.1960314170345036e-05, 1.7822294502971658e-05, 1.8527487945290896e-05, 2.2052694659789325e-05, 2.3158510031596883e-05, 2.4473635227654177e-05, 2.7707323813299692e-05, 2.5807664582820455e-05, 1.8574246203730802e-05, 1.5009625818627544e-05, 1.4690651155586145e-05, 1.5869363951406864e-05, 1.3572902831551566e-05, 1.1238590802672074e-05, 1.0424073255670326e-05, 8.702182530599687e-06, 6.806461178932522e-06, 5.593367357905904e-06, 5.538021914673309e-06, 5.368089025872058e-06, 4.728930954372285e-06, 3.887955796563463e-06, 3.0412944803151055e-06, 2.62476160261723e-06, 2.2508026588541233e-06, 2.2226287441004062e-06, 2.266411387896041e-06, 2.125381729010516e-06, 1.932704704339702e-06, 1.7666291237726487e-06, 1.6716342135003582e-06, 1.6774846777582144e-06, 1.5823638675578764e-06, 1.55232771804932e-06, 1.7280741148721332e-06, 1.8905302315034897e-06, 1.8228109124668445e-06, 1.8618597732953475e-06, 2.030792448247918e-06, 2.027648935472892e-06, 1.7780518765746683e-06, 1.754230473750272e-06, 2.0032367492378476e-06, 1.9564625005294377e-06, 1.6016558922795708e-06, 1.4977463389908035e-06, 1.6302927417107192e-06, 1.753894812329481e-06, 1.6727421928059197e-06, 1.5722216304362942e-06, 1.570366998825548e-06, 1.4310471537131132e-06, 1.210679165663294e-06, 1.1414918181990311e-06, 1.1712264936034868e-06, 1.236928738922541e-06, 1.1036472731007185e-06, 9.70222149977031e-07, 8.667140168615984e-07, 8.176155131301239e-07, 7.476832845843811e-07, 6.54544185334182e-07, 5.728632361967649e-07, 5.14560697606434e-07, 4.932046283741298e-07, 4.509361629630409e-07, 4.669639838596866e-07, 4.930064163764193e-07, 5.346001267064503e-07, 5.043057596937561e-07, 4.5126973375412617e-07, 4.031596818079932e-07, 4.0902379882685324e-07, 4.2107813446432887e-07, 4.1232560517897936e-07, 3.858071704050037e-07, 3.496786149379394e-07, 3.448306170814232e-07, 3.366846819172581e-07, 3.2536657576927323e-07, 2.94790503099541e-07, 2.860709591442881e-07, 2.8221960109797437e-07, 2.858112002658895e-07, 2.72602938004849e-07, 2.481644795355802e-07, 2.453962666814661e-07, 2.486211858596336e-07, 2.430272017352976e-07, 2.1479072432557782e-07, 1.847702242463667e-07, 1.7952936977422264e-07, 1.8542873836307367e-07, 1.866690536386455e-07, 1.7501822606849893e-07, 1.5437454577586055e-07, 1.471430674575014e-07, 1.443021857742467e-07, 1.4626047137345932e-07, 1.3703758606029058e-07, 1.224012449221206e-07, 1.1354347055669672e-07, 1.117499604067106e-07, 1.1409324425326341e-07, 1.1519151257093353e-07, 1.145449784398941e-07, 1.1273662037556997e-07, 1.109184668582131e-07, 1.0809689025433066e-07, 1.0698277549499854e-07, 1.0169844106361452e-07, 9.655732784763632e-08, 9.128600821501033e-08, 8.300007405839075e-08, 7.84383713800029e-08, 7.413211609698347e-08, 6.89572892187953e-08, 6.376585041082332e-08, 5.8217277994287657e-08, 5.411424507652084e-08, 5.136181467967596e-08, 4.8589641394687014e-08, 4.444273959146541e-08, 4.022736786960197e-08, 3.671849436801537e-08, 3.399691687367106e-08, 3.2941714522474836e-08, 3.1924251932605184e-08, 3.0470504209958917e-08, 2.982933264854521e-08, 2.9160696743386748e-08, 2.9053138965869026e-08, 3.019403990850451e-08, 3.075201687791717e-08, 3.065667416626229e-08, 3.0367736422284894e-08, 2.939948469935341e-08, 2.8587215124877342e-08, 2.8273224323638868e-08, 2.8096303742397842e-08, 2.804270153455921e-08, 2.727255176392999e-08, 2.5599013812532525e-08, 2.3919474544706016e-08, 2.2505521723013668e-08, 2.167508755124241e-08, 2.13755682420636e-08, 2.0620851599472794e-08, 1.9429086839091162e-08, 1.8518782292951214e-08, 1.77295798107834e-08, 1.7196289440117635e-08, 1.7442769458539776e-08, 1.798175864693949e-08, 1.8140998879178244e-08, 1.8100154810369142e-08, 1.7983181827131525e-08, 1.77758147787444e-08, 1.7793779350293803e-08, 1.806910775725199e-08, 1.83854947029445e-08, 1.8835474011541388e-08, 1.9358241526067945e-08, 1.9570614633722502e-08, 1.95068900716625e-08, 1.9461278754781895e-08, 1.9463529944555583e-08, 1.952993386647556e-08, 1.9625136193877304e-08, 1.9429106056418736e-08, 1.8878835631819425e-08, 1.8320683857310965e-08, 1.7782738398410143e-08, 1.708513053995792e-08, 1.6448755701834796e-08, 1.6126219258681958e-08, 1.5927150379951848e-08, 1.5641040615222324e-08, 1.5420812556307393e-08, 1.537126697379262e-08, 1.5304581914963645e-08, 1.5103305374046025e-08, 1.4868332679760225e-08, 1.4656279650545833e-08, 1.446706750348781e-08, 1.440286878113864e-08, 1.4537376335393835e-08, 1.4723525484693078e-08, 1.4754201498997891e-08, 1.4587323982404051e-08, 1.4292917259031532e-08, 1.3937846371548695e-08, 1.3593062002496264e-08, 1.3324288090879558e-08, 1.3110636821015166e-08, 1.2861386522738842e-08, 1.2541251245729759e-08, 1.2195838794040743e-08, 1.1869167025393904e-08, 1.1572789894743315e-08, 1.1332793273555987e-08, 1.1184709623474136e-08, 1.109924927333468e-08, 1.0978675051046484e-08, 1.0758589418300721e-08, 1.046136680049996e-08, 1.0135669215109223e-08, 9.790125445218811e-09, 9.416599362533736e-09, 9.043219299857248e-09, 8.722164090179672e-09, 8.474297046643647e-09, 8.274537185178337e-09, 8.0866368544223e-09, 7.886705525269933e-09, 7.65504874432651e-09, 7.373336256203516e-09, 7.0455154637312016e-09, 6.7105904952993764e-09, 6.415944845230986e-09, 6.178062911746391e-09, 5.979948301147166e-09, 5.797688415026783e-09, 5.618375768187e-09, 5.437316510206242e-09, 5.251223740812733e-09, 5.060722332778993e-09, 4.873576814616552e-09, 4.698006876866819e-09, 4.534376178341229e-09, 4.378686392731368e-09, 4.232293292330807e-09, 4.102658018886372e-09, 3.9936339314404196e-09, 3.899580491738248e-09, 3.811499777183623e-09, 3.7262041106229565e-09, 3.6465343092264035e-09, 3.5739824495351436e-09, 3.505883409222676e-09, 3.4415091616720646e-09, 3.3878060002358078e-09, 3.354901238765102e-09, 3.3451473126343614e-09, 3.3490602263214244e-09, 3.352790641120734e-09, 3.3487785668840252e-09, 3.33845666773229e-09, 3.3253177106390894e-09, 3.308274760288385e-09, 3.2833516105827456e-09, 3.25031202788994e-09, 3.2146909203357565e-09, 3.182190192589543e-09, 3.152968687336655e-09, 3.122811685712003e-09, 3.089256400117347e-09, 3.054836577571611e-09, 3.0229197638705054e-09, 2.991298767342598e-09, 2.9516021566730193e-09, 2.8957335369717033e-09, 2.823013278519306e-09, 2.740532247825674e-09, 2.65685461218434e-09, 2.576539717420711e-09, 2.5004174676134417e-09, 2.4295338180964486e-09, 2.3673952941033343e-09, 2.317834229027713e-09, 2.2811989075566283e-09, 2.2531799103684987e-09, 2.2276510338414376e-09, 2.201162277877645e-09, 2.1748881197971617e-09, 2.1522623812626176e-09, 2.1350316936247903e-09, 2.1215257375152738e-09, 2.1084402679454227e-09, 2.0942774010722568e-09, 2.0808679642621193e-09, 2.0713145567846696e-09, 2.066532149148876e-09, 2.063697252246394e-09, 2.0579983106373235e-09, 2.046347771688891e-09, 2.0298348116425693e-09, 2.0127056784359176e-09, 1.998936799435061e-09, 1.989296235131035e-09, 1.980969044647898e-09, 1.9698128922664406e-09, 1.9532913847248055e-09, 1.9316979274124073e-09, 1.907143273181987e-09, 1.8817544765665604e-09, 1.856679333699683e-09, 1.8323948796591064e-09, 1.8096528718992493e-09, 1.7898990101778194e-09, 1.7745840385952328e-09, 1.763877073176863e-09, 1.7558525109214493e-09, 1.7469293262450818e-09, 1.7334609515784383e-09, 1.7134646967377095e-09, 1.6873669471755422e-09, 1.6574746032051585e-09, 1.6267550858473988e-09, 1.5977079431356936e-09, 1.5718156481087594e-09, 1.5496361733420631e-09, 1.5312252714103114e-09, 1.516458309606105e-09, 1.5050508150830077e-09, 1.4964115397222713e-09, 1.489605420100081e-09, 1.4835842851159857e-09, 1.4775803797054522e-09, 1.4713726176841515e-09, 1.4652043422773132e-09, 1.4593964488804008e-09, 1.4539273195154602e-09, 1.4482784048104753e-09, 1.4416689583902347e-09, 1.4335328939946973e-09, 1.4239085979676802e-09, 1.4134663990635132e-09, 1.4031461241493842e-09, 1.3936280276385027e-09, 1.3849567992790318e-09, 1.3765406240414011e-09, 1.3675139414254489e-09, 1.3572247781333571e-09, 1.3455414565720537e-09, 1.3328071630735335e-09, 1.3194972170081759e-09, 1.305809097045362e-09, 1.291449414380102e-09, 1.2757584548323034e-09, 1.2581017842621396e-09, 1.238296320963174e-09, 1.216829144432448e-09, 1.194757287584008e-09, 1.1733477751464771e-09, 1.1536388253640742e-09, 1.1361283184386005e-09, 1.1207188419905827e-09, 1.1069088085773235e-09, 1.0940955543197109e-09, 1.0818188293913178e-09, 1.0698347761574845e-09, 1.0580235643559562e-09, 1.046230257299245e-09, 1.03416597311955e-09, 1.0214468091814738e-09, 1.00775717153753e-09, 9.930467873285513e-10, 9.776452396649618e-10, 9.62213770539942e-10, 9.475349076564078e-10, 9.342271196550495e-10, 9.225152344935249e-10, 9.121605538426857e-10, 9.025752710275626e-10, 8.930619687603883e-10, 8.830710627111759e-10, 8.723704780135139e-10, 8.610668597436077e-10, 8.494876076806101e-10, 8.379954697100181e-10, 8.268295914110281e-10, 8.160401802888137e-10, 8.055297897489494e-10, 7.951636539292749e-10, 7.848845189613536e-10, 7.747709512860654e-10, 7.650102149637004e-10, 7.558037476365908e-10, 7.472588886663662e-10, 7.393245724494811e-10, 7.318026507057813e-10, 7.244296830310098e-10, 7.169941809152398e-10, 7.094391287126078e-10, 7.019029056634322e-10, 6.946760194067202e-10, 6.880894467689707e-10, 6.823826313185719e-10, 6.77606169155745e-10, 6.735947827801078e-10, 6.700158974839972e-10, 6.664733646270899e-10, 6.626293531650488e-10, 6.583013397388524e-10, 6.534991229070113e-10, 6.483908978503144e-10, 6.432181617322006e-10, 6.381992927034407e-10, 6.334603922501092e-10, 6.290143430114e-10, 6.247878338946459e-10, 6.206797995903263e-10, 6.166254308572391e-10, 6.126385690400743e-10, 6.088141876892802e-10, 6.052904739898876e-10, 6.02188568053906e-10, 5.995566871452076e-10, 5.97340675162257e-10, 5.953903478196005e-10, 5.934980416700685e-10, 5.914563874931882e-10, 5.891169510298545e-10, 5.864303967785438e-10, 5.834543625381037e-10, 5.803269104068188e-10, 5.772165823004957e-10, 5.742680671532282e-10, 5.715618323279391e-10, 5.690986524778074e-10, 5.668104032829185e-10, 5.645903079546723e-10, 5.623306397594585e-10, 5.599545256284512e-10, 5.574316057321171e-10, 5.54774100873852e-10, 5.520177529303954e-10, 5.491974042249905e-10, 5.463276965321788e-10, 5.433960869448178e-10, 5.403700864705127e-10, 5.37215486233214e-10, 5.339185190511889e-10, 5.305033561103945e-10, 5.270377575289761e-10, 5.23623854305778e-10, 5.203764207668183e-10, 5.173953340388603e-10, 5.147404694880222e-10, 5.124159514828734e-10, 5.103675274277707e-10, 5.084931727080546e-10, 5.066637508136108e-10, 5.047481687934398e-10, 5.026366006760395e-10, 5.00256374382025e-10, 4.975778684678608e-10, 4.946111608963805e-10, 4.91396834084126e-10, 4.879952698349113e-10, 4.844779946034462e-10, 4.809227878985543e-10, 4.774121800980511e-10, 4.740334392694316e-10, 4.708774885304982e-10, 4.680346644050196e-10, 4.655865868646403e-10, 4.6359516190722427e-10, 4.620911259854975e-10, 4.610650836575898e-10, 4.604636335126139e-10, 4.601921384097667e-10, 4.6012444556080427e-10, 4.601184721577143e-10, 4.6003526916896014e-10, 4.5975810450338186e-10, 4.592077212422944e-10, 4.583506005058115e-10, 4.5719873927643054e-10, 4.5580165644377427e-10, 4.5423317858800186e-10, 4.525764845189392e-10, 4.5091072974712473e-10, 4.493016248815443e-10, 4.477970930062048e-10, 4.4642787230742497e-10, 4.452118563713624e-10, 4.44160212687121e-10, 4.4328303077356473e-10, 4.425925975123996e-10, 4.4210328408688277e-10, 4.4182820646932493e-10, 4.4177385673512613e-10, 4.419344992592294e-10, 4.422881226220353e-10, 4.427953331371981e-10, 4.4340188118088975e-10, 4.440447038892234e-10, 4.4466057432434065e-10, 4.4519577022322916e-10, 4.4561478236012213e-10, 4.459061572806803e-10, 4.460841235377024e-10, 4.461855998906675e-10, 4.462631815205051e-10, 4.463755393336747e-10, 4.465770751891312e-10, 4.469087062885738e-10, 4.4739130852846625e-10, 4.480228102110472e-10, 4.4877921255266145e-10, 4.4961908811652156e-10, 4.5049044997122916e-10, 4.5133849606792143e-10, 4.5211267252081467e-10, 4.5277184989609397e-10, 4.5328701266196214e-10, 4.5364151220858216e-10, 4.538294960031961e-10, 4.5385338914668937e-10, 4.537213222742483e-10, 4.5344520729324065e-10, 4.530398201546717e-10, 4.525228942110208e-10, 4.51915903046878e-10, 4.5124498258651317e-10, 4.505413757991909e-10, 4.498408739439374e-10, 4.4918198055369244e-10, 4.48602826121203e-10, 4.481371927777763e-10, 4.4781024224269867e-10, 4.4763464965835726e-10, 4.476078299331175e-10, 4.4771081144258235e-10, 4.4790902857769435e-10, 4.481550306636854e-10, 4.483927457568142e-10, 4.4856271121466445e-10, 4.486075069645273e-10, 4.4847666514825415e-10, 4.481304676957778e-10, 4.475423172207888e-10, 4.4669963151801795e-10, 4.4560345893236894e-10, 4.44267144435463e-10, 4.4271442771778837e-10, 4.40977322387456e-10, 4.390940218713664e-10, 4.371069844282154e-10, 4.3506123900844577e-10, 4.330028650291732e-10, 4.3097755627003255e-10, 4.290291659615775e-10, 4.2719814650206724e-10, 4.2551986083829264e-10, 4.240228010721791e-10, 4.2272682030325123e-10, 4.216415472735124e-10, 4.20765195599158e-10, 4.200839830083662e-10, 4.195723510512475e-10, 4.191941336851258e-10, 4.189046921854067e-10, 4.186539259339385e-10, 4.1838991054998826e-10, 4.1806281231217905e-10, 4.1762865685522507e-10, 4.1705254761976546e-10, 4.163110108992155e-10, 4.153932724352147e-10, 4.143014256420129e-10, 4.13049572878678e-10, 4.1166212176623227e-10, 4.1017146526053713e-10, 4.0861529021615805e-10, 4.070337508989691e-10, 4.054667290327655e-10, 4.0395136747553177e-10, 4.025200357601484e-10, 4.0119883991043404e-10, 4.0000671936039186e-10, 3.989551142449247e-10, 3.980481177631606e-10, 3.972829917514131e-10, 3.9665089478559006e-10, 3.961376956463097e-10, 3.957247781295045e-10, 3.9538980156786254e-10, 3.9510742513243177e-10, 3.9485004845962054e-10, 3.945886379358607e-10, 3.9429370252681915e-10, 3.939364571941054e-10, 3.9349016561777406e-10, 3.929316099255496e-10, 3.9224257909424033e-10, 3.914112446207969e-10, 3.9043326890354067e-10, 3.893125016814532e-10, 3.880611487954753e-10, 3.8669934142091e-10, 3.852540860069867e-10, 3.8375763670522227e-10, 3.822453836332513e-10, 3.8075340939354446e-10, 3.7931590174627456e-10, 3.779626470918621e-10, 3.767168272178702e-10, 3.7559333087563105e-10, 3.7459774377542384e-10, 3.737261065699996e-10, 3.7296544602756075e-10, 3.72294999443994e-10, 3.7168797447071345e-10, 3.7111365063382306e-10, 3.7053960985749763e-10, 3.6993389861133067e-10, 3.6926696931156974e-10, 3.6851329168406396e-10, 3.6765257094091876e-10, 3.66670557873236e-10, 3.655594616219499e-10, 3.643179960542365e-10, 3.629511110910311e-10, 3.6146945791316824e-10, 3.5988864530569405e-10, 3.5822834887965195e-10, 3.5651132207421017e-10, 3.547623641037399e-10, 3.5300728572974846e-10, 3.5127190539516054e-10, 3.495810977532338e-10, 3.4795790747545485e-10, 3.464227336641844e-10, 3.4499259376937863e-10, 3.436804722106381e-10, 3.4249477111833953e-10, 3.414388877068848e-10, 3.4051094603986185e-10, 3.3970372100464575e-10, 3.3900478023168095e-10, 3.383968698808066e-10, 3.378585428533392e-10, 3.3736501593595157e-10, 3.3688922086684827e-10, 3.3640299703134915e-10, 3.3587835782548374e-10, 3.3528876714305857e-10, 3.346103569285308e-10, 3.338230220227968e-10, 3.329113454027464e-10, 3.3186531283590193e-10, 3.306807814107889e-10, 3.293596838534383e-10, 3.27909955696534e-10, 3.2634518014553933e-10, 3.2468396445023353e-10, 3.2294906608167573e-10, 3.2116631117596927e-10, 3.193633608054746e-10, 3.175683929166891e-10, 3.1580877600988526e-10, 3.1410981560657363e-10, 3.1249364646394267e-10, 3.1097833113816573e-10, 3.0957720413164367e-10, 3.082984848084264e-10, 3.0714515333958934e-10, 3.061150688539538e-10, 3.0520129978799396e-10, 3.0439261993548194e-10, 3.036741288215641e-10, 3.030279547434757e-10, 3.0243400542315635e-10, 3.0187073721622363e-10, 3.013159200892174e-10, 3.0074738275540085e-10, 3.001437253565424e-10, 2.99484989222499e-10, 2.987532762557033e-10, 2.979333065185419e-10, 2.97012907177946e-10, 2.959834201917669e-10, 2.948400165441775e-10, 2.9358190500757536e-10, 2.922124215187683e-10, 2.9073898890606653e-10, 2.891729326324867e-10, 2.8752915022664297e-10, 2.858256312119163e-10, 2.840828330965753e-10, 2.8232292946035547e-10, 2.8056895454880714e-10, 2.7884387993693865e-10, 2.771696675875575e-10, 2.7556634745374626e-10, 2.740511764133495e-10, 2.7263792597095165e-10, 2.71336343577304e-10, 2.701518205743105e-10, 2.690852839067576e-10, 2.681333123653791e-10, 2.672884632731038e-10, 2.6653978095297725e-10, 2.658734451352897e-10, 2.6527351512714624e-10, 2.6472271920284905e-10, 2.6420324426313547e-10, 2.636974832070876e-10, 2.6318870557299403e-10, 2.6266162663139083e-10, 2.62102859464469e-10, 2.615012435114352e-10, 2.608480504398445e-10, 2.601370794910633e-10, 2.593646522839312e-10, 2.5852952885937647e-10, 2.5763276362453666e-10, 2.5667751734519055e-10, 2.5566884636180454e-10, 2.546134773716968e-10, 2.5351958088863146e-10, 2.52396543354522e-10, 2.5125474142755493e-10, 2.501053113993252e-10, 2.4895991065040824e-10, 2.47830462460718e-10, 2.4672887897321854e-10, 2.4566676019483276e-10, 2.446550706764642e-10, 2.4370379678416116e-10, 2.42821598835788e-10, 2.420154720598404e-10, 2.412904346555803e-10, 2.40649262575296e-10, 2.4009229093260464e-10, 2.3961729674027995e-10, 2.3921947735738556e-10, 2.388915291054853e-10, 2.3862382846145766e-10, 2.384047093398425e-10, 2.3822082731681056e-10, 2.3805759750246066e-10, 2.3789968864562863e-10, 2.377315534671632e-10, 2.375379759880998e-10, 2.3730461427240824e-10, 2.3701851657761016e-10, 2.366685905968862e-10, 2.3624600464479016e-10, 2.357445037497008e-10, 2.351606258114718e-10, 2.344938069515554e-10, 2.3374636988149806e-10, 2.3292339849392947e-10, 2.320325024367502e-10, 2.3108348712844152e-10, 2.3008794383627964e-10], 'preconditioner metadata': [{}, {}, {}, {}, {}, {}, {}, {}, {}, {}, {}, {}, {}, {}, {}, {}, {}, {}, {}, {}, {}, {}, {}, {}, {}, {}, {}, {}, {}, {}, {}, {}, {}, {}, {}, {}, {}, {}, {}, {}, {}, {}, {}, {}, {}, {}, {}, {}, {}, {}, {}, {}, {}, {}, {}, {}, {}, {}, {}, {}, {}, {}, {}, {}, {}, {}, {}, {}, {}, {}, {}, {}, {}, {}, {}, {}, {}, {}, {}, {}, {}, {}, {}, {}, {}, {}, {}, {}, {}, {}, {}, {}, {}, {}, {}, {}, {}, {}, {}, {}, {}, {}, {}, {}, {}, {}, {}, {}, {}, {}, {}, {}, {}, {}, {}, {}, {}, {}, {}, {}, {}, {}, {}, {}, {}, {}, {}, {}, {}, {}, {}, {}, {}, {}, {}, {}, {}, {}, {}, {}, {}, {}, {}, {}, {}, {}, {}, {}, {}, {}, {}, {}, {}, {}, {}, {}, {}, {}, {}, {}, {}, {}, {}, {}, {}, {}, {}, {}, {}, {}, {}, {}, {}, {}, {}, {}, {}, {}, {}, {}, {}, {}, {}, {}, {}, {}, {}, {}, {}, {}, {}, {}, {}, {}, {}, {}, {}, {}, {}, {}, {}, {}, {}, {}, {}, {}, {}, {}, {}, {}, {}, {}, {}, {}, {}, {}, {}, {}, {}, {}, {}, {}, {}, {}, {}, {}, {}, {}, {}, {}, {}, {}, {}, {}, {}, {}, {}, {}, {}, {}, {}, {}, {}, {}, {}, {}, {}, {}, {}, {}, {}, {}, {}, {}, {}, {}, {}, {}, {}, {}, {}, {}, {}, {}, {}, {}, {}, {}, {}, {}, {}, {}, {}, {}, {}, {}, {}, {}, {}, {}, {}, {}, {}, {}, {}, {}, {}, {}, {}, {}, {}, {}, {}, {}, {}, {}, {}, {}, {}, {}, {}, {}, {}, {}, {}, {}, {}, {}, {}, {}, {}, {}, {}, {}, {}, {}, {}, {}, {}, {}, {}, {}, {}, {}, {}, {}, {}, {}, {}, {}, {}, {}, {}, {}, {}, {}, {}, {}, {}, {}, {}, {}, {}, {}, {}, {}, {}, {}, {}, {}, {}, {}, {}, {}, {}, {}, {}, {}, {}, {}, {}, {}, {}, {}, {}, {}, {}, {}, {}, {}, {}, {}, {}, {}, {}, {}, {}, {}, {}, {}, {}, {}, {}, {}, {}, {}, {}, {}, {}, {}, {}, {}, {}, {}, {}, {}, {}, {}, {}, {}, {}, {}, {}, {}, {}, {}, {}, {}, {}, {}, {}, {}, {}, {}, {}, {}, {}, {}, {}, {}, {}, {}, {}, {}, {}, {}, {}, {}, {}, {}, {}, {}, {}, {}, {}, {}, {}, {}, {}, {}, {}, {}, {}, {}, {}, {}, {}, {}, {}, {}, {}, {}, {}, {}, {}, {}, {}, {}, {}, {}, {}, {}, {}, {}, {}, {}, {}, {}, {}, {}, {}, {}, {}, {}, {}, {}, {}, {}, {}, {}, {}, {}, {}, {}, {}, {}, {}, {}, {}, {}, {}, {}, {}, {}, {}, {}, {}, {}, {}, {}, {}, {}, {}, {}, {}, {}, {}, {}, {}, {}, {}, {}, {}, {}, {}, {}, {}, {}, {}, {}, {}, {}, {}, {}, {}, {}, {}, {}, {}, {}, {}, {}, {}, {}, {}, {}, {}, {}, {}, {}, {}, {}, {}, {}, {}, {}, {}, {}, {}, {}, {}, {}, {}, {}, {}, {}, {}, {}, {}, {}, {}, {}, {}, {}, {}, {}, {}, {}, {}, {}, {}, {}, {}, {}, {}, {}, {}, {}, {}, {}, {}, {}, {}, {}, {}, {}, {}, {}, {}, {}, {}, {}, {}, {}, {}, {}, {}, {}, {}, {}, {}, {}, {}, {}, {}, {}, {}, {}, {}, {}, {}, {}, {}, {}, {}, {}, {}, {}, {}, {}, {}, {}, {}, {}, {}, {}, {}, {}, {}, {}, {}, {}, {}, {}, {}, {}, {}, {}, {}, {}, {}, {}, {}, {}, {}, {}, {}, {}, {}, {}, {}, {}, {}, {}, {}, {}, {}, {}, {}, {}, {}, {}, {}, {}, {}, {}, {}, {}, {}, {}, {}, {}, {}, {}, {}, {}, {}, {}, {}, {}, {}, {}, {}, {}, {}, {}, {}, {}, {}, {}, {}, {}, {}, {}, {}, {}, {}, {}, {}, {}, {}, {}, {}, {}, {}, {}, {}, {}, {}, {}, {}, {}, {}, {}, {}, {}, {}, {}, {}, {}, {}, {}, {}, {}, {}, {}, {}, {}, {}, {}, {}, {}, {}, {}, {}, {}, {}, {}, {}, {}, {}, {}, {}, {}, {}, {}, {}, {}, {}, {}, {}, {}, {}, {}, {}, {}, {}, {}, {}, {}, {}, {}, {}, {}, {}, {}, {}, {}, {}, {}, {}, {}, {}, {}, {}, {}, {}, {}, {}, {}, {}, {}, {}, {}, {}, {}, {}, {}, {}, {}, {}, {}, {}, {}, {}, {}, {}, {}, {}, {}, {}, {}, {}, {}, {}, {}, {}, {}, {}, {}, {}, {}, {}, {}, {}, {}, {}, {}, {}, {}, {}, {}, {}, {}, {}, {}, {}, {}, {}, {}, {}, {}, {}, {}, {}, {}, {}, {}, {}, {}, {}, {}, {}, {}, {}, {}, {}, {}, {}, {}, {}, {}, {}, {}, {}, {}, {}, {}, {}, {}, {}, {}, {}, {}, {}, {}, {}, {}, {}, {}, {}, {}, {}, {}, {}, {}, {}, {}, {}, {}, {}, {}, {}, {}, {}, {}, {}, {}, {}, {}, {}, {}, {}, {}, {}, {}, {}, {}, {}, {}, {}, {}, {}, {}, {}, {}, {}, {}, {}, {}, {}, {}, {}, {}, {}, {}, {}, {}, {}, {}, {}, {}, {}, {}, {}, {}, {}, {}, {}, {}, {}, {}, {}, {}, {}, {}, {}, {}, {}, {}, {}, {}, {}, {}, {}, {}, {}]}",2.3333494994285137e-10,,"[3025.94580078125, 3017.94482421875, 3006.7783203125, 3008.556396484375, 3006.492919921875, 3010.627685546875, 3006.912109375, 3006.479248046875, 3007.415771484375, 3009.376953125]",[694.0460815429688],[1759.9334716796875],[1948.8204345703125],[7.584959983825684],[1.8876160383224487],
2026-10-05T09:57:16.935106+00:00,continuous coefficient 2D,5,"uniform(2D,8)",S8,S6,S6,"CG(HybridSchwarz(torch.float32, Inv(torch.bfloat16), CUDSS), bsr_matmul=True)",False,0,1,10,2752512,230759424,"{'iterations': 1999, 'residual norms': [6.758082464740362, 6.043199964109183, 8.832770923054323, 10.487568614758295, 6.95349501920438, 9.198492813731994, 10.574703061432619, 8.325749427467278, 10.900303897823175, 7.61996847051361, 10.391929708446138, 8.0716361957622, 7.909641795813678, 9.096633096733568, 6.555740660990812, 6.569854530969416, 5.940528102593112, 5.137519265136005, 4.75568915357091, 4.086519860370404, 3.853516788719468, 3.621238341980441, 2.5082365755504017, 2.277125958988858, 2.3309703512611573, 1.6358323547476104, 1.5309189855691758, 1.3720892201646846, 0.9982722121665266, 1.2500057713539452, 1.0021412905368665, 0.8096610973893612, 0.7563115748127319, 0.6122737906159478, 0.7462354716928956, 0.5617377269427299, 0.4601414292652379, 0.4169220528265407, 0.33462092963684664, 0.41036248805358044, 0.307135568519555, 0.23576262405630502, 0.29046800974813447, 0.25634154962645245, 0.23285478718102146, 0.2527257797641812, 0.30604053813065196, 0.28884383712915146, 0.23593047359487201, 0.2246452574417835, 0.21424841162138292, 0.21044448926625603, 0.15484638559767716, 0.1692124231346333, 0.14869645460838432, 0.11326260548650523, 0.12182313907113704, 0.08507781377466174, 0.0773550495781413, 0.0685528394034924, 0.054942050683450906, 0.047513488566356656, 0.046522712188393864, 0.04134362730392269, 0.03501580838789126, 0.04223260847519854, 0.03154145576110528, 0.03654594467974722, 0.040821294794613584, 0.030180881077893514, 0.034525241829562306, 0.029137863578415524, 0.026856216099426265, 0.03187669855853057, 0.0221582581809116, 0.0177537585820631, 0.01952539370009987, 0.016779559323206628, 0.020006884882314068, 0.01581751754775211, 0.014575953675667098, 0.02103042217546539, 0.01800217263071578, 0.017558545687545946, 0.01672244923143048, 0.01655736630806998, 0.016568108527633105, 0.013942007036324503, 0.011542153846752301, 0.00995796436738396, 0.010294052292640332, 0.009013215488968477, 0.01000159181414241, 0.007233208633085326, 0.005199226734367165, 0.005554480863187514, 0.004903996195858269, 0.0037910696778456435, 0.0028788602689713686, 0.0023493152045521316, 0.001960539157965902, 0.0016416755956014807, 0.0013636459027765223, 0.0012172573177266178, 0.0014001508779391096, 0.0013214933537176107, 0.0013704090812901581, 0.0015419533713544864, 0.001181664434396926, 0.0012138616521822714, 0.0010772294588169366, 0.000827698942506099, 0.0011414731505428332, 0.0011509416259105072, 0.0010716467829908428, 0.001347308254469481, 0.0010897016803368255, 0.0009446097740629956, 0.000877044085525792, 0.0007378669799692655, 0.0008462647484977909, 0.0008393337440717201, 0.0006760778832647831, 0.0006146107962884829, 0.00047481629311551014, 0.00034577003201882245, 0.00032711593348699723, 0.0003086740858397582, 0.0002588025095242204, 0.0002589448226031389, 0.00025322130011650167, 0.00022940071420445463, 0.00027753613749876866, 0.00028223503743337187, 0.00023619856630144887, 0.0002509946882585148, 0.00021400613267413398, 0.0001785819612201024, 0.00017166136850046192, 0.00016068635443105262, 0.00013448545201089345, 0.00011186680361933039, 0.00011048582293631253, 8.951407133704963e-05, 8.641331065609774e-05, 0.00010956249629674714, 8.701715966234979e-05, 8.84309170684502e-05, 0.00011953314114749745, 9.907792506205826e-05, 7.68247072360985e-05, 7.222297153448548e-05, 6.20379384539285e-05, 6.199581143601872e-05, 6.46869357286346e-05, 4.857924830003277e-05, 4.395457943371407e-05, 4.3608266253998395e-05, 3.453630120159117e-05, 2.8002127001403542e-05, 2.8996659838793865e-05, 2.7308045055958567e-05, 2.437244084945836e-05, 2.3093871460476085e-05, 2.1140390312019634e-05, 1.776384610903341e-05, 1.8732259348782673e-05, 2.4861689678254398e-05, 2.737853122766784e-05, 2.3429532073289086e-05, 2.2003902728947454e-05, 2.0088060323573364e-05, 1.7666186889290105e-05, 1.7794582147395793e-05, 1.8864144488878657e-05, 1.8745642456299417e-05, 1.7233840597178415e-05, 1.5603571406457902e-05, 1.5191142345007013e-05, 1.5567211778566175e-05, 1.6511645136496625e-05, 1.6819878422108174e-05, 1.399780374285258e-05, 1.0887259732759849e-05, 1.0414017292921776e-05, 9.77797945286973e-06, 8.128831709000106e-06, 7.208104502957963e-06, 7.550882518863039e-06, 6.40573946047858e-06, 5.235966296604886e-06, 5.12695542489621e-06, 4.885175523056752e-06, 4.008267270508629e-06, 3.6884767381948833e-06, 4.1347661961376695e-06, 4.02065834273427e-06, 3.5248915159037326e-06, 3.190686179586682e-06, 3.1274386230802415e-06, 2.9277464047876844e-06, 2.6658724516793533e-06, 2.4594615968705656e-06, 2.3208309086476407e-06, 2.1817086829488765e-06, 2.0523057508810677e-06, 2.0613475970576523e-06, 2.1932887237069867e-06, 2.2200263709041213e-06, 2.1280152101847477e-06, 1.9905756341161388e-06, 2.022438867068964e-06, 2.065228289282185e-06, 1.988965512050023e-06, 1.8294560332977455e-06, 1.7698355360636921e-06, 1.7520611822021128e-06, 1.6451826354732887e-06, 1.5209949220353436e-06, 1.4512843872324265e-06, 1.3760061023668586e-06, 1.239751240700338e-06, 1.0658117593492285e-06, 9.554723981099364e-07, 9.992892456419889e-07, 1.1004821018806236e-06, 1.1325533135867828e-06, 1.07296831353747e-06, 1.001899815775194e-06, 9.762270260571185e-07, 9.516849463389888e-07, 8.790412109475574e-07, 7.81182404165739e-07, 7.246223045767296e-07, 7.077964793728317e-07, 6.802780838354779e-07, 6.241131369518568e-07, 5.64474789644772e-07, 5.467086397663128e-07, 5.741481964885351e-07, 5.878570124401485e-07, 5.546115819621703e-07, 5.163477125442968e-07, 5.204744038311018e-07, 5.448138531607206e-07, 5.54351731288241e-07, 5.423471988233275e-07, 5.117809358434028e-07, 4.83218950098146e-07, 4.7268285303839526e-07, 4.6211054046665237e-07, 4.405115479139988e-07, 4.1513209253915506e-07, 3.8721605782310574e-07, 3.6203181425603115e-07, 3.519259212798107e-07, 3.572136133521247e-07, 3.63666675113635e-07, 3.5904715866724474e-07, 3.4362741128634795e-07, 3.2779417655244834e-07, 3.1898045323668453e-07, 3.164001293296079e-07, 3.141114070557878e-07, 3.061845116245888e-07, 2.939849447429977e-07, 2.8541933413884706e-07, 2.8397838910941565e-07, 2.852052930523546e-07, 2.842822592165347e-07, 2.7953446770499417e-07, 2.7131827081206245e-07, 2.623499794472299e-07, 2.5577968362398285e-07, 2.5090692287826424e-07, 2.437435667461143e-07, 2.3221599477019454e-07, 2.1864958763066995e-07, 2.0783455371342642e-07, 2.0353220807154523e-07, 2.0501253359376508e-07, 2.0682934346610268e-07, 2.034838268445346e-07, 1.9408647236299248e-07, 1.8240384649821183e-07, 1.7248645987763985e-07, 1.6536085472538477e-07, 1.5962954805166166e-07, 1.5335474997317953e-07, 1.4536887138485468e-07, 1.3590994168054984e-07, 1.2665858223805248e-07, 1.1959943328746312e-07, 1.1514682042057788e-07, 1.1191885983309031e-07, 1.0838836877669254e-07, 1.041311539598831e-07, 9.947163026545289e-08, 9.454983832591097e-08, 8.936279016434738e-08, 8.43801892624392e-08, 8.044674373697659e-08, 7.791407738401527e-08, 7.611714876230881e-08, 7.391828973877483e-08, 7.069566231284891e-08, 6.678479087445018e-08, 6.310349503836322e-08, 6.037209691402126e-08, 5.8604794415897354e-08, 5.72780642169369e-08, 5.588369614801761e-08, 5.427386266249011e-08, 5.2583682127269044e-08, 5.097048225897283e-08, 4.949710578796829e-08, 4.8209544711176644e-08, 4.7213270316655354e-08, 4.663253822694774e-08, 4.652027355584151e-08, 4.6806931153168384e-08, 4.730257068415002e-08, 4.774336273211434e-08, 4.7888866936115366e-08, 4.764495755791336e-08, 4.712739578679356e-08, 4.658191625850645e-08, 4.618516083259659e-08, 4.590013353269487e-08, 4.5532741568771283e-08, 4.491122315895419e-08, 4.40053556839638e-08, 4.291056238272194e-08, 4.175602379602576e-08, 4.064069885247217e-08, 3.963631580044022e-08, 3.880659851988046e-08, 3.818861240840051e-08, 3.774867200934857e-08, 3.737075933874586e-08, 3.690558074775849e-08, 3.624617931837008e-08, 3.537998246028403e-08, 3.439300610718003e-08, 3.3429673634080884e-08, 3.2633183698189486e-08, 3.209686930879534e-08, 3.1840116399703734e-08, 3.180736688884e-08, 3.189024900060879e-08, 3.1970551797158504e-08, 3.196551058786389e-08, 3.185142788708561e-08, 3.165883403928725e-08, 3.144927258419323e-08, 3.1286025413584004e-08, 3.120860810972274e-08, 3.1220084058861356e-08, 3.129168534235404e-08, 3.1380353323316894e-08, 3.1449037994804576e-08, 3.147993093942304e-08, 3.147503497232167e-08, 3.1445655012808616e-08, 3.1399859670181184e-08, 3.1337668746454494e-08, 3.125536110140061e-08, 3.115080762487658e-08, 3.102058799757986e-08, 3.0848422318288626e-08, 3.059599271978214e-08, 3.020986580618629e-08, 2.9646603354833675e-08, 2.890223304905354e-08, 2.8027074225145467e-08, 2.7115084422681582e-08, 2.6270280042259843e-08, 2.5565104538248672e-08, 2.5012488094953392e-08, 2.4567576329601996e-08, 2.415645808090813e-08, 2.3713040890137916e-08, 2.3204931084921313e-08, 2.263974298619735e-08, 2.2053443782053762e-08, 2.148877505174678e-08, 2.0974996337534324e-08, 2.0518430800559406e-08, 2.010617909102268e-08, 1.971783691162015e-08, 1.9337519210034915e-08, 1.8960791865784053e-08, 1.8594758389134282e-08, 1.8252500503811363e-08, 1.7945051309037618e-08, 1.767474297450044e-08, 1.7432737229209217e-08, 1.7201452224887494e-08, 1.6960635009197714e-08, 1.6694657016766582e-08, 1.6398289422161732e-08, 1.6078814335064772e-08, 1.5753765933114822e-08, 1.544524741886033e-08, 1.5172815704830925e-08, 1.4947186724967695e-08, 1.4766788327674495e-08, 1.4618470756111941e-08, 1.4482234119858458e-08, 1.4338092152931283e-08, 1.4172316809321021e-08, 1.398092161800879e-08, 1.3769672188775679e-08, 1.3551131107019333e-08, 1.3339909165375594e-08, 1.3147662878986436e-08, 1.297951075413513e-08, 1.2833088841991152e-08, 1.2700351660182464e-08, 1.2571049411062905e-08, 1.2436352095799508e-08, 1.2291428709032395e-08, 1.213644193752113e-08, 1.1975961143292105e-08, 1.1817161743071087e-08, 1.1667429329284519e-08, 1.1532097325032004e-08, 1.1412944248310532e-08, 1.130779515313422e-08, 1.1211247374741755e-08, 1.1116285014634244e-08, 1.1016366923374662e-08, 1.090745541240518e-08, 1.0789429779235253e-08, 1.0666452183837746e-08, 1.0546106777707181e-08, 1.043742883441881e-08, 1.0348222321532217e-08, 1.028233447270292e-08, 1.0237762125540385e-08, 1.0206418188801462e-08, 1.0175897152149928e-08, 1.0132776207363711e-08, 1.0066337762778994e-08, 9.971503490815695e-09, 9.850192811511167e-09, 9.710893796957679e-09, 9.566656091449973e-09, 9.431972051705387e-09, 9.319243351812106e-09, 9.235761475281192e-09, 9.182143263935961e-09, 9.152731198710483e-09, 9.137701203435982e-09, 9.125983123006404e-09, 9.107964497464819e-09, 9.077269456412203e-09, 9.031363609335352e-09, 8.971090512978937e-09, 8.899456933450596e-09, 8.82010601664981e-09, 8.735961164212617e-09, 8.648440769328276e-09, 8.557417835394247e-09, 8.461811999425169e-09, 8.360490331151385e-09, 8.253104868040512e-09, 8.140591615235506e-09, 8.025215068531937e-09, 7.91019380735149e-09, 7.799049329348841e-09, 7.694879298688404e-09, 7.599759087812052e-09, 7.514423431125493e-09, 7.438286573388954e-09, 7.3697562076373015e-09, 7.3067252608154616e-09, 7.247100154165965e-09, 7.189245522903544e-09, 7.132270397776327e-09, 7.076129018518749e-09, 7.021549930170686e-09, 6.969834655805211e-09, 6.9225822714584475e-09, 6.881397748658803e-09, 6.8476318194563414e-09, 6.822184134846084e-09, 6.8053829382097266e-09, 6.796941069566048e-09, 6.795979338157449e-09, 6.80110573133344e-09, 6.810538959412351e-09, 6.8222639719230585e-09, 6.834206130176217e-09, 6.844408679187397e-09, 6.851196598374452e-09, 6.853310912612309e-09, 6.849999996830446e-09, 6.841058593943135e-09, 6.826810316493188e-09, 6.808034123634511e-09, 6.785840715514109e-09, 6.761510721779602e-09, 6.736312259938326e-09, 6.71132149620069e-09, 6.687271668271987e-09, 6.664454534265164e-09, 6.642690304577065e-09, 6.621370385882629e-09, 6.599564100794673e-09, 6.576168517773716e-09, 6.550073904721723e-09, 6.520315443319936e-09, 6.4861868087705614e-09, 6.447299231663463e-09, 6.403581719487666e-09, 6.355229451926578e-09, 6.302617427652202e-09, 6.246202185924685e-09, 6.186435088351492e-09, 6.1237055516518734e-09, 6.0583239045926915e-09, 5.990542795359859e-09, 5.920605904449766e-09, 5.848807226301612e-09, 5.775541889237174e-09, 5.7013330532973375e-09, 5.626825745839598e-09, 5.552746789839546e-09, 5.47983824101303e-09, 5.408777201677584e-09, 5.340098113001336e-09, 5.27413265146569e-09, 5.210978696651658e-09, 5.150504007209505e-09, 5.092383391953657e-09, 5.036162049774728e-09, 4.981333380432409e-09, 4.927417923647408e-09, 4.874030924004289e-09, 4.820929324889936e-09, 4.768033580344664e-09, 4.7154242186576625e-09, 4.663317467733306e-09, 4.612026080725302e-09, 4.561913069965724e-09, 4.5133450002984455e-09, 4.466650439328455e-09, 4.422087023728228e-09, 4.379819005564813e-09, 4.339905414133551e-09, 4.302297919992714e-09, 4.266847033254824e-09, 4.233314910641251e-09, 4.201392997339179e-09, 4.170723262803706e-09, 4.140921617845229e-09, 4.111602512610679e-09, 4.082403362742988e-09, 4.053007656707478e-09, 4.023165042737076e-09, 3.992706778315492e-09, 3.961554777940056e-09, 3.929722887374142e-09, 3.897309527328932e-09, 3.864481757553443e-09, 3.8314521061714265e-09, 3.79845059903099e-09, 3.7656953212642155e-09, 3.733365550609907e-09, 3.701580954457632e-09, 3.6703898022313417e-09, 3.639767699889854e-09, 3.609626615278332e-09, 3.579832459049204e-09, 3.550228462865247e-09, 3.5206608332533807e-09, 3.49100321636252e-09, 3.461176860939495e-09, 3.431164179703609e-09, 3.4010144997067382e-09, 3.370841604596358e-09, 3.3408137399131633e-09, 3.3111374673759555e-09, 3.282037457465402e-09, 3.2537345236840345e-09, 3.2264243775696617e-09, 3.200259398626344e-09, 3.1753352159469e-09, 3.1516832462390482e-09, 3.129269683575542e-09, 3.1080005899803987e-09, 3.087732112493064e-09, 3.068284600246843e-09, 3.0494588469260066e-09, 3.0310530590973588e-09, 3.0128790930086845e-09, 2.9947768743527573e-09, 2.976626146947549e-09, 2.9583550551658387e-09, 2.9399451042978705e-09, 2.9214323726577933e-09, 2.9029048082385256e-09, 2.8844957117076224e-09, 2.8663735701273555e-09, 2.8487287552378267e-09, 2.831757785145305e-09, 2.8156462584119594e-09, 2.8005517498966293e-09, 2.786588197646823e-09, 2.773813287400259e-09, 2.7622201126022625e-09, 2.7517340556063022e-09, 2.7422153098243367e-09, 2.7334668467266167e-09, 2.7252471354083617e-09, 2.7172865369260282e-09, 2.7093058934361e-09, 2.701035864992103e-09, 2.6922355127161272e-09, 2.6827087730570348e-09, 2.672317711481595e-09, 2.6609916577713292e-09, 2.648731645933437e-09, 2.6356098271709067e-09, 2.621763900854584e-09, 2.6073869227304797e-09, 2.592713207167818e-09, 2.578001325384945e-09, 2.5635155153500424e-09, 2.549506905331856e-09, 2.536196099701061e-09, 2.52375838889184e-09, 2.512312784892486e-09, 2.5019155133932475e-09, 2.492558324025418e-09, 2.4841714271425183e-09, 2.4766305286518416e-09, 2.4697671505523633e-09, 2.463381262214939e-09, 2.457255168468388e-09, 2.451167687081308e-09, 2.4449077847742595e-09, 2.4382868945127304e-09, 2.431149392971531e-09, 2.423380777916289e-09, 2.414913209980015e-09, 2.4057282587515837e-09, 2.395856633763725e-09, 2.3853749844041137e-09, 2.3743998793982094e-09, 2.3630792405566975e-09, 2.3515817098807985e-09, 2.3400846422826298e-09, 2.3287614576320814e-09, 2.317769347053089e-09, 2.307238182127003e-09, 2.297261555016441e-09, 2.28789062678531e-09, 2.279131272569263e-09, 2.2709446918571615e-09, 2.2632513969357905e-09, 2.2559381563943226e-09, 2.2488673264344514e-09, 2.241887799956413e-09, 2.2348467586195766e-09, 2.227601455835424e-09, 2.2200301869926377e-09, 2.2120418382995165e-09, 2.203583387985988e-09, 2.1946448952382063e-09, 2.185261625219203e-09, 2.1755130839526496e-09, 2.1655189330617803e-09, 2.1554318685227974e-09, 2.1454278552745915e-09, 2.1356942282724946e-09, 2.1264164779944483e-09, 2.117764650258368e-09, 2.1098804209970942e-09, 2.1028659194928384e-09, 2.096775222308634e-09, 2.0916092846264365e-09, 2.087314686701392e-09, 2.083786285629004e-09, 2.080873458775727e-09, 2.078389358522123e-09, 2.0761224039632035e-09, 2.0738490845188933e-09, 2.0713472136725397e-09, 2.0684087769406434e-09, 2.0648516934220212e-09, 2.0605299190143628e-09, 2.0553414773245588e-09, 2.049234086690112e-09, 2.042208193913753e-09, 2.034317311833531e-09, 2.0256656140123034e-09, 2.0164028965784856e-09, 2.0067170395571005e-09, 1.9968243095602436e-09, 1.986957947511041e-09, 1.977355601308505e-09, 1.96824631651542e-09, 1.9598378676552395e-09, 1.952305243147156e-09, 1.9457810051773997e-09, 1.9403482072266457e-09, 1.9360362658163426e-09, 1.932819991437988e-09, 1.930621753776702e-09, 1.929316461034477e-09, 1.9287389092414985e-09, 1.9286929114977245e-09, 1.928961562960459e-09, 1.929318030841889e-09, 1.9295362818263307e-09, 1.9294013080259147e-09, 1.9287184523112856e-09, 1.9273215292515462e-09, 1.925079530199428e-09, 1.9219017351703907e-09, 1.9177411175722986e-09, 1.9125959218150264e-09, 1.906509400652157e-09, 1.899567667191379e-09, 1.8918957211312564e-09, 1.883651767138887e-09, 1.875019988170793e-09, 1.8662020715310505e-09, 1.8574078478060534e-09, 1.8488454637882406e-09, 1.8407116037398153e-09, 1.8331822495376532e-09, 1.8264045204555316e-09, 1.8204900227729192e-09, 1.8155100999612053e-09, 1.8114932109917928e-09, 1.8084245563029343e-09, 1.8062478886610952e-09, 1.8048693244326835e-09, 1.8041628535950593e-09, 1.8039771758394536e-09, 1.8041434258016453e-09, 1.8044833753490154e-09, 1.8048176889765388e-09, 1.804973904872332e-09, 1.804793790261563e-09, 1.8041398598023085e-09, 1.802900826106657e-09, 1.80099585213382e-09, 1.7983774754244336e-09, 1.7950331402802303e-09, 1.790985287120138e-09, 1.7862899819675607e-09, 1.7810341503436878e-09, 1.775331461637907e-09, 1.7693170261116864e-09, 1.7631410851769752e-09, 1.7569619481957693e-09, 1.7509385025191844e-09, 1.7452226311441155e-09, 1.739951937565148e-09, 1.7352431681112863e-09, 1.7311866947764629e-09, 1.7278423671401878e-09, 1.7252369689085487e-09, 1.7233633864105026e-09, 1.7221815040420456e-09, 1.721620721732677e-09, 1.7215838773937643e-09, 1.721952304556222e-09, 1.7225916955833788e-09, 1.7233584328538273e-09, 1.7241060564636813e-09, 1.72469157356629e-09, 1.7249813632427577e-09, 1.7248564731527796e-09, 1.7242171549296945e-09, 1.7229865254562925e-09, 1.7211132815706991e-09, 1.718573423787827e-09, 1.7153709545060707e-09, 1.7115375612308983e-09, 1.7071312858310772e-09, 1.7022342219052273e-09, 1.6969492993548986e-09, 1.691396233764954e-09, 1.6857067783005093e-09, 1.6800194226523981e-09, 1.6744737490288414e-09, 1.6692046719141825e-09, 1.664336802479068e-09, 1.6599792038298167e-09, 1.6562208076728764e-09, 1.6531267065110778e-09, 1.6507355229564621e-09, 1.6490579647191524e-09, 1.6480766256373647e-09, 1.6477470137463731e-09, 1.6479997185553116e-09, 1.648743552825116e-09, 1.6498694681359867e-09, 1.6512550418755052e-09, 1.652769305709601e-09, 1.6542776758620695e-09, 1.655646821421205e-09, 1.6567492762939688e-09, 1.6574676830271246e-09, 1.6576985419962582e-09, 1.6573553956047034e-09, 1.6563714065993497e-09, 1.6547012657848873e-09, 1.652322425447534e-09, 1.6492356356458309e-09, 1.6454647797549401e-09, 1.6410560152496922e-09, 1.6360762475875547e-09, 1.6306109460811612e-09, 1.6247613729271256e-09, 1.6186412776888444e-09, 1.6123731437843118e-09, 1.6060841096558068e-09, 1.5999016744875649e-09, 1.5939493530483926e-09, 1.588342434945054e-09, 1.5831840152925755e-09, 1.578561460204558e-09, 1.5745434530886422e-09, 1.57117775581011e-09, 1.5684897773780028e-09, 1.5664819928440059e-09, 1.565134228179126e-09, 1.5644047771565076e-09, 1.564232264072269e-09, 1.5645381574722886e-09, 1.5652297964042342e-09, 1.5662037823914976e-09, 1.567349594780971e-09, 1.5685532863248555e-09, 1.5697011277633313e-09, 1.5706830905698153e-09, 1.5713960802679574e-09, 1.5717468414910622e-09, 1.5716544662990346e-09, 1.5710524875308224e-09, 1.5698905008513177e-09, 1.5681353211155204e-09, 1.5657716349064314e-09, 1.5628021757893905e-09, 1.559247401213478e-09, 1.555144694445341e-09, 1.5505471134231475e-09, 1.5455216965224105e-09, 1.540147392873977e-09, 1.5345126296397935e-09, 1.5287126000395905e-09, 1.5228463473569071e-09, 1.5170137054467863e-09, 1.511312208732107e-09, 1.505834067665005e-09, 1.5006633095614408e-09, 1.4958731940962696e-09, 1.4915239894213214e-09, 1.4876612003002829e-09, 1.4843143239339203e-09, 1.4814961530222718e-09, 1.4792026630997267e-09, 1.4774134717894013e-09, 1.4760928333818485e-09, 1.475191113233244e-09, 1.4746466678897888e-09, 1.4743880471094173e-09, 1.474336415532375e-09, 1.4744081081402688e-09, 1.4745172201103591e-09, 1.4745781582740165e-09, 1.4745080747048691e-09, 1.4742291220627606e-09, 1.4736704847192552e-09, 1.4727701503546631e-09, 1.471476388146726e-09, 1.4697489244893666e-09, 1.467559796767385e-09, 1.4648938838513168e-09, 1.4617491195225214e-09, 1.4581363801038067e-09, 1.4540790626583732e-09, 1.4496123702728006e-09, 1.4447823131472293e-09, 1.4396444439169675e-09, 1.4342623672272413e-09, 1.4287060337720176e-09, 1.4230498717631779e-09, 1.417370800416461e-09, 1.4117461595555872e-09, 1.406251621861266e-09, 1.4009591418047623e-09, 1.3959350028195362e-09, 1.391238018953912e-09, 1.386917951513428e-09, 1.3830141973022984e-09, 1.3795547792821868e-09, 1.3765556852347555e-09, 1.3740205626203675e-09, 1.3719407901162633e-09, 1.3702958996927558e-09, 1.3690543361276435e-09, 1.368174517612794e-09, 1.3676061536491118e-09, 1.3672917601500821e-09, 1.3671683307391468e-09, 1.3671690931114626e-09, 1.3672253076945035e-09, 1.3672680467249806e-09, 1.3672299162799985e-09, 1.3670466792787418e-09, 1.3666587413340367e-09, 1.3660124794978898e-09, 1.3650613912229487e-09, 1.3637670489715494e-09, 1.3620998440098955e-09, 1.3600395240121776e-09, 1.3575755146809427e-09, 1.3547070240504476e-09, 1.3514429405137196e-09, 1.3478015215440465e-09, 1.3438098853930993e-09, 1.3395033208322815e-09, 1.3349244136387598e-09, 1.3301220249171624e-09, 1.3251501265210563e-09, 1.320066524240677e-09, 1.3149314848497588e-09, 1.309806305867521e-09, 1.3047518520946058e-09, 1.2998271020211504e-09, 1.295087729472091e-09, 1.2905847651485936e-09, 1.2863633734035531e-09, 1.2824617783783474e-09, 1.2789103705976124e-09, 1.2757310229792242e-09, 1.2729366321934804e-09, 1.270530901182679e-09, 1.2685083661059114e-09, 1.266854665318464e-09, 1.2655470373397142e-09, 1.2645550223188645e-09, 1.2638413477942615e-09, 1.2633629609263075e-09, 1.2630721764459958e-09, 1.2629179035446476e-09, 1.262846908148149e-09, 1.2628050876399294e-09, 1.2627387157243347e-09, 1.2625956328998503e-09, 1.2623263579264218e-09, 1.2618850987371774e-09, 1.2612306494120332e-09, 1.2603271537882443e-09, 1.2591447373347315e-09, 1.2576599933363541e-09, 1.2558563250941252e-09, 1.2537241448280873e-09, 1.2512609272820153e-09, 1.2484711280721394e-09, 1.2453659619805818e-09, 1.2419630644998095e-09, 1.2382860246216594e-09, 1.2343638182072377e-09, 1.2302301319083852e-09, 1.225922610953431e-09, 1.2214820303668037e-09, 1.2169514053732096e-09, 1.2123750720569027e-09, 1.2077977299896976e-09, 1.2032634942134406e-09, 1.1988149542073328e-09, 1.1944922800653891e-09, 1.1903323768004133e-09, 1.1863681241144164e-09, 1.182627709748582e-09, 1.179134077420551e-09, 1.1759045008337712e-09, 1.172950301833902e-09, 1.1702766996273777e-09, 1.1678828191069153e-09, 1.1657618366001595e-09, 1.1639012599737553e-09, 1.1622833378914523e-09, 1.1608855780695762e-09, 1.159681358381091e-09, 1.1586406107713154e-09, 1.1577305596265812e-09, 1.1569164935744828e-09, 1.1561625491743334e-09, 1.1554324879933419e-09, 1.1546904527255773e-09, 1.1539016833991399e-09, 1.1530331821084482e-09, 1.1520543189116584e-09, 1.1509373652021562e-09, 1.1496579526126542e-09, 1.1481954505395726e-09, 1.1465332640623866e-09, 1.1446590461122695e-09, 1.1425648272140878e-09, 1.140247065878488e-09, 1.1377066157846353e-09, 1.1349486182409681e-09, 1.1319823235530882e-09, 1.1288208412993072e-09, 1.1254808316708659e-09, 1.1219821335143058e-09, 1.118347347275791e-09, 1.114601371969288e-09, 1.1107709067835322e-09, 1.1068839222841198e-09, 1.1029691172303216e-09, 1.0990553637701421e-09, 1.0951711559466711e-09, 1.0913440707871521e-09, 1.0876002483678849e-09, 1.0839639084795286e-09, 1.0804569087465992e-09, 1.0770983574062152e-09, 1.073904282918609e-09, 1.0708873724579768e-09, 1.068056784059361e-09, 1.0654180344510197e-09, 1.0629729620179477e-09, 1.0607197703881725e-09, 1.0586531429563152e-09, 1.0567644276835045e-09, 1.055041887224794e-09, 1.0534710009693124e-09, 1.0520348212347878e-09, 1.0507143585227654e-09, 1.0494890032182537e-09, 1.0483369598221016e-09, 1.0472356916737715e-09, 1.0461623653489781e-09, 1.0450942840237008e-09, 1.0440093049466982e-09, 1.0428862310341437e-09, 1.0417051761420794e-09, 1.0404478906662398e-09, 1.0390980533204027e-09, 1.037641518841204e-09, 1.0360665211528602e-09, 1.0343638316613805e-09, 1.0325268716486566e-09, 1.0305517775877401e-09, 1.0284374218520753e-09, 1.0261853858537041e-09, 1.023799891782833e-09, 1.0212876915192352e-09, 1.0186579170401527e-09, 1.0159218923641664e-09, 1.0130929124348535e-09, 1.0101859936155948e-09, 1.007217595780638e-09, 1.004205323715024e-09, 1.0011676125225763e-09, 9.98123399775378e-10, 9.950917930144098e-10, 9.920917332585201e-10, 9.89141667952609e-10, 9.862592297116903e-10, 9.834609353709357e-10, 9.807619043422338e-10, 9.78175605722205e-10, 9.75713635343211e-10, 9.73385528370754e-10, 9.71198613661309e-10, 9.691579062778167e-10, 9.672660443921666e-10, 9.655232718474575e-10, 9.639274623728816e-10, 9.624741850315166e-10, 9.61156811846317e-10, 9.599666631640913e-10, 9.588931849638078e-10, 9.579241558988983e-10, 9.570459179998369e-10, 9.562436294551008e-10, 9.555015296793956e-10, 9.548032130145118e-10, 9.541319085511536e-10, 9.534707582319386e-10, 9.528030885525675e-10, 9.521126747406571e-10, 9.513839893001771e-10, 9.506024342499957e-10, 9.49754554654743e-10, 9.488282277891577e-10, 9.478128313355475e-10, 9.466993811310607e-10, 9.454806460628905e-10, 9.441512313038867e-10, 9.427076370030311e-10, 9.411482864239787e-10, 9.394735265294856e-10, 9.37685601206004e-10, 9.35788597093365e-10, 9.337883661426036e-10, 9.3169242233316e-10, 9.295098167098128e-10, 9.272509915379364e-10, 9.249276170056578e-10, 9.225524110559132e-10, 9.201389467535814e-10, 9.177014493014387e-10, 9.152545825448768e-10, 9.128132332923794e-10, 9.103922931606903e-10, 9.080064413169959e-10, 9.056699323976007e-10, 9.033963915532022e-10, 9.011986197772205e-10, 8.990884149955907e-10, 8.970764067433413e-10, 8.951719119332861e-10, 8.933828120985214e-10, 8.917154504104244e-10, 8.901745563246629e-10, 8.887631944374985e-10, 8.874827394138158e-10, 8.86332877115383e-10, 8.853116301797837e-10, 8.844154091022475e-10, 8.83639087016489e-10, 8.829760953471827e-10, 8.824185391070362e-10, 8.8195733079731e-10, 8.81582336695323e-10, 8.812825370212505e-10, 8.810461941474886e-10, 8.808610272905824e-10, 8.807143919637014e-10, 8.805934591443273e-10, 8.804853926395174e-10, 8.803775227749417e-10, 8.802575138695549e-10, 8.801135233075672e-10, 8.799343490598214e-10, 8.797095681111158e-10, 8.794296578314002e-10, 8.790861074932791e-10, 8.786715105181638e-10, 8.781796441042588e-10, 8.7760552992021e-10, 8.76945479156882e-10, 8.761971202929244e-10, 8.753594095907256e-10, 8.744326260926028e-10, 8.73418347856594e-10, 8.723194144929875e-10, 8.711398730859595e-10, 8.69884909446521e-10, 8.685607662357837e-10, 8.671746490865322e-10, 8.657346201899035e-10, 8.642494818129693e-10, 8.627286511451017e-10, 8.611820298442359e-10, 8.596198651045526e-10, 8.580526098479672e-10, 8.564907781873233e-10, 8.549448044336714e-10, 8.534248989317266e-10, 8.519409134888928e-10, 8.505022080085053e-10, 8.49117525140597e-10, 8.477948767451947e-10, 8.465414381712258e-10, 8.453634567784025e-10, 8.442661725236481e-10, 8.432537538044667e-10, 8.423292501141254e-10, 8.41494558060044e-10, 8.407504060575108e-10, 8.400963541818298e-10, 8.395308100316445e-10, 8.3905106279759e-10, 8.386533291977261e-10, 8.383328149170942e-10, 8.380837897544131e-10, 8.378996726176474e-10, 8.377731270278561e-10, 8.376961665930241e-10, 8.376602656917934e-10, 8.376564757175443e-10, 8.376755462187596e-10, 8.377080448951831e-10, 8.37744479905112e-10, 8.377754212377238e-10, 8.377916174086704e-10, 8.377841087340093e-10, 8.377443355754157e-10, 8.376642399813305e-10, 8.375363587595508e-10, 8.373539081888689e-10, 8.371108608650743e-10, 8.368020108690965e-10, 8.364230294164055e-10, 8.359705098177872e-10, 8.354420002154033e-10, 8.348360256307545e-10, 8.341520986344518e-10, 8.333907185735943e-10, 8.325533586003226e-10, 8.316424434778321e-10, 8.306613140535211e-10, 8.296141839506509e-10, 8.285060842327493e-10, 8.273427996440216e-10, 8.261307958832357e-10, 8.24877139888446e-10, 8.235894119020535e-10, 8.222756126705512e-10, 8.209440644565611e-10, 8.196033096462989e-10, 8.182620052738006e-10, 8.169288171978979e-10, 8.156123131164818e-10, 8.143208576207436e-10, 8.130625094048047e-10, 8.118449213864406e-10, 8.106752487035428e-10, 8.09560058699909e-10, 8.085052524252301e-10, 8.075159921902311e-10, 8.065966394375141e-10, 8.057507040641038e-10, 8.04980802852289e-10, 8.042886311705375e-10, 8.036749451518406e-10, 8.031395563666549e-10, 8.026813387775376e-10, 8.022982475216673e-10, 8.019873492443545e-10, 8.017448615872241e-10, 8.015662051084655e-10, 8.014460628052666e-10, 8.013784483210591e-10, 8.013567811360339e-10, 8.013739686801117e-10, 8.014224922869429e-10, 8.014944978211348e-10, 8.015818883033252e-10, 8.016764173290317e-10, 8.017697834511382e-10, 8.018537238165864e-10, 8.01920106296252e-10, 8.019610169816692e-10, 8.019688453511735e-10, 8.019363654322578e-10, 8.018568104272378e-10, 8.017239416760161e-10, 8.015321130394857e-10, 8.01276325594849e-10, 8.009522772365676e-10, 8.005564044426923e-10, 8.000859155068245e-10, 7.995388159252382e-10, 7.989139266712223e-10, 7.982108937915908e-10, 7.97430189768901e-10, 7.965731074546196e-10, 7.956417447778373e-10, 7.946389834363399e-10, 7.935684593778312e-10, 7.924345256359058e-10, 7.912422085850986e-10, 7.899971577526213e-10, 7.887055901000285e-10, 7.873742266387312e-10, 7.860102264242392e-10, 7.846211143177007e-10, 7.8321470591732e-10, 7.817990284132264e-10, 7.803822394702177e-10, 7.789725447545163e-10, 7.775781137206559e-10, 7.762069968922991e-10, 7.748670420645536e-10, 7.735658139447438e-10, 7.723105155347173e-10, 7.711079141551024e-10, 7.699642701472607e-10, 7.688852726672166e-10, 7.67875980410665e-10, 7.669407700178322e-10, 7.660832912460677e-10, 7.653064301861711e-10, 7.646122809869205e-10, 7.640021266151541e-10, 7.634764279844937e-10, 7.630348219665982e-10, 7.626761291362849e-10, 7.623983700946658e-10, 7.621987888691093e-10, 7.620738866385547e-10, 7.620194609768483e-10, 7.620306530104716e-10, 7.621020011060875e-10, 7.622274980144872e-10, 7.624006559593134e-10, 7.626145725958467e-10, 7.628620018105052e-10, 7.631354249743922e-10, 7.63427126332253e-10, 7.637292661887263e-10, 7.640339550951513e-10, 7.643333277850435e-10, 7.646196136159171e-10, 7.648852072522253e-10, 7.651227346502852e-10, 7.653251175094804e-10, 7.654856323241636e-10, 7.655979665794377e-10, 7.656562704636293e-10, 7.656552033661135e-10, 7.655899754650559e-10, 7.654563860606122e-10, 7.652508536741026e-10, 7.649704438904817e-10, 7.646128886760649e-10, 7.64176603129721e-10, 7.636606947045075e-10, 7.630649682733506e-10, 7.623899250033774e-10, 7.616367554976424e-10, 7.608073287450996e-10, 7.599041748714124e-10, 7.58930463308562e-10, 7.578899752640036e-10, 7.567870726393106e-10, 7.556266609805112e-10, 7.544141485844693e-10, 7.531554020049424e-10, 7.518566970123541e-10, 7.505246661219743e-10, 7.491662429307834e-10, 7.477886037468054e-10, 7.463991077661934e-10, 7.450052334727632e-10, 7.436145152603327e-10, 7.422344781493993e-10, 7.408725732229103e-10, 7.395361122090084e-10, 7.38232203886405e-10, 7.369676917965884e-10, 7.357490931260547e-10, 7.345825417658568e-10, 7.334737340284055e-10, 7.324278777779159e-10, 7.314496471371337e-10, 7.305431415009899e-10, 7.29711850134875e-10, 7.289586223338766e-10, 7.282856440179865e-10, 7.276944212876111e-10, 7.271857695502313e-10, 7.267598100012664e-10, 7.26415972888252e-10, 7.261530066148678e-10, 7.259689936385038e-10, 7.258613724613115e-10, 7.258269657557786e-10, 7.258620135741502e-10, 7.259622111695907e-10, 7.261227522030231e-10, 7.263383745666705e-10, 7.26603410818819e-10, 7.269118398389994e-10, 7.272573423673231e-10, 7.27633357308753e-10, 7.280331378660971e-10, 7.284498111343941e-10, 7.288764344713877e-10, 7.293060520869361e-10, 7.297317530479903e-10, 7.301467237601633e-10, 7.305443018172066e-10, 7.30918025838139e-10, 7.312616842542313e-10, 7.315693595914183e-10, 7.318354713460345e-10, 7.320548150448473e-10, 7.322225983764765e-10, 7.323344731762369e-10, 7.323865640229776e-10, 7.323754929644915e-10, 7.322984013675838e-10, 7.321529667824044e-10, 7.319374175677133e-10, 7.316505419070543e-10, 7.312916937593385e-10, 7.308607958062835e-10, 7.303583369879679e-10, 7.297853673544021e-10, 7.291434889066928e-10, 7.284348425532923e-10, 7.276620920070407e-10, 7.26828402862353e-10, 7.259374198270237e-10, 7.249932398377476e-10, 7.240003814379581e-10, 7.229637519598824e-10, 7.218886112928924e-10, 7.20780533524966e-10, 7.196453650099133e-10, 7.184891807590929e-10, 7.173182392099421e-10, 7.161389342023723e-10, 7.149577468924306e-10, 7.137811958749931e-10, 7.12615785838707e-10, 7.114679574623151e-10, 7.103440363495539e-10, 7.092501825817281e-10, 7.08192341866549e-10, 7.071761980105284e-10, 7.062071253259182e-10, 7.052901464271393e-10, 7.044298909436529e-10, 7.036305576494205e-10, 7.028958805708082e-10, 7.022290979288054e-10, 7.016329273534295e-10, 7.011095435499107e-10, 7.006605615452843e-10, 7.002870255452859e-10, 6.999894016526166e-10, 6.997675761876803e-10, 6.99620859280621e-10, 6.995479932295251e-10, 6.995471657650612e-10, 6.996160278529584e-10, 6.997517159540882e-10, 6.999508786450738e-10, 7.002097064067441e-10, 7.00523965905562e-10, 7.00889035915896e-10, 7.012999464902293e-10, 7.017514206891636e-10, 7.022379174538467e-10, 7.027536763041526e-10, 7.03292762027397e-10, 7.03849110260356e-10, 7.044165738219888e-10, 7.049889673443618e-10, 7.05560112198658e-10, 7.061238802976028e-10, 7.066742365580724e-10, 7.072052798880887e-10, 7.077112827166762e-10, 7.081867274456469e-10, 7.08626342109698e-10, 7.090251333084489e-10, 7.093784160877886e-10, 7.096818426662808e-10, 7.099314276354139e-10, 7.101235703911067e-10, 7.102550754346225e-10, 7.103231700708612e-10, 7.1032551922653e-10, 7.102602368751642e-10, 7.101258961056043e-10, 7.099215349561678e-10, 7.096466605470811e-10, 7.093012501763821e-10, 7.088857501340789e-10, 7.084010708818504e-10, 7.078485811999737e-10, 7.07230097909487e-10, 7.065478746670879e-10, 7.058045876563056e-10, 7.050033183676721e-10, 7.041475347797579e-10, 7.032410696930344e-10, 7.022880970817489e-10, 7.012931061552946e-10, 7.002608731360484e-10, 6.991964321035928e-10, 6.981050426745578e-10, 6.969921568479388e-10, 6.958633840636094e-10, 6.947244552967742e-10, 6.935811853656669e-10, 6.924394344505246e-10, 6.913050694897566e-10, 6.901839244078172e-10, 6.890817614261878e-10, 6.880042303214741e-10, 6.869568303093741e-10, 6.859448710543048e-10, 6.849734355466794e-10, 6.840473444195e-10, 6.831711210638838e-10, 6.823489596205119e-10, 6.815846945851791e-10, 6.808817735558754e-10, 6.802432325236632e-10, 6.796716740537824e-10, 6.791692489599474e-10, 6.787376412643552e-10, 6.783780574744779e-10, 6.780912184356863e-10, 6.77877355717066e-10, 6.777362114761126e-10, 6.776670425678703e-10, 6.776686277524899e-10, 6.777392786715545e-10, 6.778768548613317e-10, 6.780787811230455e-10, 6.783420687375702e-10, 6.786633390111936e-10, 6.79038849479811e-10, 6.794645227410477e-10, 6.799359761440675e-10, 6.804485546687542e-10, 6.809973638584905e-10, 6.815773045977702e-10, 6.821831081062362e-10, 6.828093716538329e-10, 6.83450594333169e-10, 6.841012126882342e-10, 6.847556361585221e-10, 6.854082814694158e-10, 6.860536065451593e-10, 6.866861437129537e-10, 6.873005306090143e-10, 6.878915410127616e-10, 6.884541138777808e-10, 6.889833806106498e-10, 6.894746902353001e-10, 6.899236340314009e-10, 6.903260670503898e-10, 6.906781295737655e-10, 6.909762646553821e-10, 6.912172349381849e-10, 6.91398137814694e-10, 6.915164174582341e-10, 6.915698766111354e-10, 6.915566852318053e-10, 6.914753876112887e-10, 6.913249079429923e-10, 6.911045535025173e-10, 6.908140164691805e-10, 6.904533736435402e-10, 6.90023084409304e-10, 6.89523987164981e-10, 6.889572933136421e-10, 6.883245807480732e-10, 6.876277844956124e-10, 6.868691864495037e-10, 6.860514029511785e-10, 6.85177370964452e-10, 6.842503327071747e-10, 6.832738188921451e-10, 6.822516301546869e-10, 6.811878172886648e-10, 6.800866601891797e-10, 6.789526452996731e-10, 6.777904420171337e-10, 6.76604877594178e-10, 6.754009116291741e-10, 6.741836090977487e-10, 6.729581127424825e-10, 6.717296145977956e-10, 6.7050332752318e-10, 6.692844556933259e-10, 6.680781650371965e-10, 6.66889553800697e-10, 6.657236231528924e-10, 6.64585248013678e-10, 6.634791484271983e-10, 6.624098616659338e-10, 6.613817153050611e-10, 6.603988013385833e-10, 6.594649515737054e-10, 6.58583714917347e-10, 6.577583354431418e-10, 6.569917339365178e-10, 6.562864900678325e-10, 6.556448270868191e-10, 6.550685994442154e-10, 6.545592824664539e-10, 6.541179644166491e-10, 6.537453419586788e-10, 6.534417173412423e-10, 6.532069984366788e-10, 6.530407023884141e-10, 6.529419600049887e-10, 6.529095249186939e-10, 6.529417832234707e-10, 6.530367667243087e-10, 6.53192167668367e-10, 6.534053555909666e-10, 6.53673396487905e-10, 6.539930736220243e-10, 6.543609086951678e-10, 6.547731854329143e-10, 6.552259738410035e-10, 6.55715155701012e-10, 6.562364498316545e-10, 6.567854383600431e-10, 6.573575935759136e-10, 6.579483040659424e-10, 6.585529013874329e-10, 6.591666857310017e-10, 6.597849519405104e-10, 6.604030143548693e-10, 6.610162313533203e-10, 6.616200293296114e-10, 6.622099247735567e-10, 6.627815464353718e-10, 6.633306554238714e-10, 6.638531649479067e-10, 6.643451586852221e-10, 6.648029079582331e-10, 6.652228874777234e-10, 6.65601789762142e-10, 6.659365387082666e-10, 6.662243015501174e-10, 6.664624994745512e-10, 6.666488172168179e-10, 6.667812110405422e-10, 6.668579156158997e-10, 6.668774500899929e-10, 6.668386215812112e-10, 6.66740529111817e-10, 6.665825655413063e-10, 6.663644177893597e-10, 6.660860667775964e-10, 6.657477854793555e-10, 6.653501363707593e-10, 6.648939676777136e-10, 6.643804080189541e-10, 6.63810860479196e-10, 6.631869957072951e-10, 6.625107433055384e-10, 6.617842824855147e-10, 6.610100321583771e-10, 6.601906394210851e-10, 6.593289674150668e-10, 6.584280821925488e-10, 6.574912382126284e-10, 6.565218637791367e-10, 6.555235451646312e-10, 6.545000097171405e-10, 6.534551089851857e-10, 6.523928001154431e-10, 6.513171276172747e-10, 6.50232203911786e-10, 6.491421895033568e-10, 6.480512730130025e-10, 6.469636504699196e-10, 6.458835046999828e-10, 6.448149844355249e-10, 6.437621833583892e-10, 6.427291194666862e-10, 6.417197142196874e-10, 6.407377725180946e-10, 6.397869625136713e-10, 6.388707966336409e-10, 6.37992613030206e-10, 6.371555577788568e-10, 6.363625680635327e-10, 6.356163564713973e-10, 6.349193969990855e-10, 6.342739113537165e-10, 6.336818575858424e-10, 6.331449197145665e-10, 6.326644993061258e-10, 6.322417083763217e-10, 6.318773642773642e-10, 6.315719863617829e-10, 6.313257940963308e-10, 6.311387075195389e-10, 6.310103489374432e-10, 6.309400466586789e-10, 6.309268401430218e-10, 6.309694877237253e-10, 6.310664748116378e-10, 6.312160239709116e-10, 6.314161067373128e-10, 6.316644565201515e-10, 6.319585826903832e-10, 6.322957856483998e-10, 6.326731732298653e-10, 6.330876771451509e-10, 6.33536071171269e-10, 6.340149883109736e-10, 6.345209402307017e-10, 6.35050336002336e-10, 6.355995006820206e-10, 6.361646945060701e-10, 6.367421317318008e-10, 6.373279995883481e-10, 6.379184767241012e-10, 6.385097510099293e-10, 6.390980375783998e-10, 6.39679595524042e-10, 6.402507443779555e-10, 6.408078803390549e-10, 6.413474910339779e-10, 6.418661701817231e-10, 6.42360630964684e-10, 6.428277188267903e-10, 6.432644236120161e-10, 6.436678905787694e-10, 6.440354305662776e-10, 6.443645293749955e-10, 6.446528563582668e-10, 6.448982721186039e-10, 6.450988349620865e-10, 6.452528071630292e-10, 6.453586600709978e-10, 6.454150785507868e-10, 6.454209638192955e-10, 6.45375436496201e-10, 6.452778384165309e-10, 6.45127733480187e-10, 6.449249081324757e-10, 6.446693707404291e-10, 6.443613503959661e-10, 6.44001294867862e-10, 6.435898681953272e-10, 6.431279468399365e-10, 6.4261661605425e-10, 6.420571646973697e-10, 6.414510798163031e-10, 6.408000407609013e-10, 6.401059121517429e-10, 6.393707366133434e-10, 6.385967264599007e-10, 6.377862552492434e-10, 6.36941848133562e-10, 6.360661724585145e-10, 6.351620269880515e-10, 6.342323309334583e-10, 6.3328011221303e-10, 6.323084958015287e-10, 6.31320690926674e-10, 6.303199782079307e-10, 6.293096962612645e-10, 6.282932279883912e-10, 6.272739866022767e-10, 6.262554009803973e-10, 6.252409013409642e-10, 6.242339044703709e-10, 6.232377988715343e-10, 6.222559301772842e-10, 6.212915859216363e-10, 6.203479810513799e-10, 6.194282433914622e-10, 6.18535399354646e-10, 6.176723598695e-10, 6.168419070222712e-10, 6.160466810231899e-10, 6.152891678627258e-10, 6.145716876293139e-10, 6.138963833420873e-10, 6.132652109712294e-10, 6.126799302452347e-10, 6.121420961000776e-10, 6.116530517029066e-10, 6.11213922153387e-10, 6.108256094447697e-10, 6.104887887577096e-10, 6.102039055541261e-10, 6.099711742535464e-10, 6.097905779945459e-10, 6.096618696804944e-10, 6.095845738426191e-10, 6.095579905088066e-10, 6.095811992592183e-10, 6.096530650596993e-10, 6.097722449953759e-10, 6.099371959568666e-10, 6.101461835381536e-10, 6.103972913508388e-10, 6.106884312563949e-10, 6.110173545762881e-10, 6.113816638549557e-10, 6.117788250847637e-10, 6.122061802795787e-10, 6.12660960895437e-10, 6.131403007839703e-10, 6.136412501845187e-10, 6.141607892107057e-10, 6.14695841763148e-10, 6.15243288983217e-10, 6.15799983476937e-10, 6.163627622826071e-10, 6.169284601908922e-10, 6.174939231918047e-10, 6.180560203855474e-10, 6.186116568387813e-10, 6.191577851967476e-10, 6.196914169320975e-10, 6.202096334924728e-10, 6.207095964455868e-10, 6.211885573603531e-10, 6.216438673110796e-10, 6.220729855155798e-10, 6.224734872129094e-10, 6.228430715613974e-10, 6.231795685798404e-10, 6.234809454188913e-10, 6.237453122621362e-10, 6.239709276416308e-10, 6.241562029366773e-10, 6.242997066284518e-10, 6.244001676480756e-10, 6.24456478491697e-10, 6.244676976546276e-10, 6.244330515005681e-10, 6.243519355789975e-10, 6.24223915557203e-10, 6.240487275312744e-10, 6.238262778151413e-10, 6.235566424185349e-10, 6.23240066009586e-10, 6.228769600701537e-10, 6.224679009857269e-10, 6.22013627429553e-10, 6.215150374003912e-10, 6.20973184800892e-10, 6.203892757252026e-10, 6.197646642501278e-10, 6.191008473672595e-10, 6.183994599417533e-10, 6.176622692521167e-10, 6.168911693206162e-10, 6.160881740948038e-10, 6.152554110866036e-10, 6.14395113917377e-10, 6.135096151568388e-10, 6.126013382586329e-10, 6.116727894023816e-10, 6.107265489819178e-10, 6.097652629409797e-10, 6.087916334892472e-10, 6.078084098106778e-10, 6.068183781827801e-10, 6.058243523228717e-10, 6.048291632217172e-10, 6.038356490099272e-10, 6.028466444065371e-10, 6.01864970273221e-10, 6.008934231591498e-10, 5.999347648197761e-10, 5.989917116042098e-10, 5.980669239199539e-10, 5.971629958495253e-10, 5.962824451069768e-10, 5.954277029756838e-10, 5.946011048510547e-10, 5.938048805145304e-10, 5.93041145224704e-10, 5.923118913457122e-10, 5.916189801014703e-10, 5.909641341199921e-10, 5.903489302052717e-10, 5.897747929345993e-10, 5.892429891121968e-10, 5.887546226515824e-10, 5.883106303357363e-10, 5.879117782357642e-10, 5.87558658794302e-10, 5.872516889308944e-10, 5.869911088800612e-10, 5.867769818397666e-10, 5.866091943886588e-10, 5.8648745783536e-10, 5.864113103465272e-10, 5.863801194893634e-10, 5.863930860854237e-10, 5.864492486403444e-10, 5.865474883143499e-10, 5.86686534605169e-10, 5.868649717802459e-10, 5.870812454855535e-10, 5.873336704548479e-10, 5.876204384592832e-10, 5.879396265280422e-10, 5.882892055827319e-10, 5.886670496408158e-10, 5.8907094492233e-10, 5.894985994060699e-10, 5.899476524036687e-10, 5.90415684524885e-10, 5.909002270384812e-10, 5.913987719370876e-10, 5.919087816550861e-10, 5.924276988079547e-10, 5.929529553528205e-10, 5.934819821793612e-10, 5.940122184077018e-10, 5.945411201016885e-10, 5.950661688344701e-10, 5.955848802944788e-10, 5.960948121723633e-10, 5.965935720415518e-10, 5.970788246336171e-10, 5.975482988405295e-10, 5.9799979450118e-10, 5.984311887307004e-10, 5.988404418199575e-10, 5.992256026481962e-10, 5.995848138704964e-10, 5.999163165782881e-10, 6.002184549908325e-10, 6.004896801718298e-10, 6.007285536592822e-10, 6.009337508310672e-10, 6.011040637900869e-10, 6.012384034869359e-10, 6.013358022339539e-10, 6.013954152476412e-10, 6.014165221319198e-10, 6.013985280172689e-10, 6.013409641664298e-10, 6.012434885635756e-10, 6.011058858890458e-10, 6.009280672819278e-10, 6.007100697824789e-10, 6.004520554132103e-10, 6.0015431014464e-10, 5.998172423249337e-10, 5.994413811527161e-10, 5.990273744235805e-10, 5.985759861149147e-10, 5.980880940728865e-10, 5.975646870644137e-10, 5.970068615004808e-10, 5.96415818206058e-10, 5.957928585803843e-10, 5.951393808220283e-10, 5.944568757670434e-10, 5.937469221987565e-10, 5.930111825816583e-10, 5.922513978772694e-10, 5.914693823187249e-10, 5.90667018297878e-10, 5.89846250618047e-10, 5.890090808832686e-10, 5.88157561322926e-10, 5.87293788561403e-10, 5.864198976236014e-10, 5.855380550572997e-10, 5.846504525065791e-10, 5.837592996678277e-10, 5.828668176032815e-10, 5.819752315707329e-10, 5.810867641670519e-10, 5.802036279226692e-10, 5.793280182726469e-10, 5.784621063279703e-10, 5.776080318167358e-10, 5.767678958932821e-10, 5.759437540624662e-10, 5.751376091747549e-10, 5.743514047058749e-10, 5.735870180705228e-10, 5.72846254102047e-10, 5.721308389333126e-10, 5.714424138830838e-10, 5.707825298012306e-10, 5.701526416212372e-10, 5.695541033369964e-10, 5.689881634253373e-10, 5.684559602682758e-10, 5.679585184354902e-10, 5.674967451200415e-10, 5.670714271782703e-10, 5.666832287668122e-10, 5.663326891904887e-10, 5.66020221458627e-10, 5.65746111110256e-10, 5.655105156787342e-10, 5.653134649263726e-10, 5.651548612784603e-10, 5.650344807340159e-10, 5.649519745991101e-10, 5.649068715049968e-10, 5.648985796096117e-10, 5.64926389842436e-10, 5.64989479188664e-10, 5.650869147223707e-10, 5.652176575757884e-10, 5.653805675940599e-10, 5.655744081988868e-10, 5.657978518817212e-10], 'preconditioner metadata': [{}, {}, {}, {}, {}, {}, {}, {}, {}, {}, {}, {}, {}, {}, {}, {}, {}, {}, {}, {}, {}, {}, {}, {}, {}, {}, {}, {}, {}, {}, {}, {}, {}, {}, {}, {}, {}, {}, {}, {}, {}, {}, {}, {}, {}, {}, {}, {}, {}, {}, {}, {}, {}, {}, {}, {}, {}, {}, {}, {}, {}, {}, {}, {}, {}, {}, {}, {}, {}, {}, {}, {}, {}, {}, {}, {}, {}, {}, {}, {}, {}, {}, {}, {}, {}, {}, {}, {}, {}, {}, {}, {}, {}, {}, {}, {}, {}, {}, {}, {}, {}, {}, {}, {}, {}, {}, {}, {}, {}, {}, {}, {}, {}, {}, {}, {}, {}, {}, {}, {}, {}, {}, {}, {}, {}, {}, {}, {}, {}, {}, {}, {}, {}, {}, {}, {}, {}, {}, {}, {}, {}, {}, {}, {}, {}, {}, {}, {}, {}, {}, {}, {}, {}, {}, {}, {}, {}, {}, {}, {}, {}, {}, {}, {}, {}, {}, {}, {}, {}, {}, {}, {}, {}, {}, {}, {}, {}, {}, {}, {}, {}, {}, {}, {}, {}, {}, {}, {}, {}, {}, {}, {}, {}, {}, {}, {}, {}, {}, {}, {}, {}, {}, {}, {}, {}, {}, {}, {}, {}, {}, {}, {}, {}, {}, {}, {}, {}, {}, {}, {}, {}, {}, {}, {}, {}, {}, {}, {}, {}, {}, {}, {}, {}, {}, {}, {}, {}, {}, {}, {}, {}, {}, {}, {}, {}, {}, {}, {}, {}, {}, {}, {}, {}, {}, {}, {}, {}, {}, {}, {}, {}, {}, {}, {}, {}, {}, {}, {}, {}, {}, {}, {}, {}, {}, {}, {}, {}, {}, {}, {}, {}, {}, {}, {}, {}, {}, {}, {}, {}, {}, {}, {}, {}, {}, {}, {}, {}, {}, {}, {}, {}, {}, {}, {}, {}, {}, {}, {}, {}, {}, {}, {}, {}, {}, {}, {}, {}, {}, {}, {}, {}, {}, {}, {}, {}, {}, {}, {}, {}, {}, {}, {}, {}, {}, {}, {}, {}, {}, {}, {}, {}, {}, {}, {}, {}, {}, {}, {}, {}, {}, {}, {}, {}, {}, {}, {}, {}, {}, {}, {}, {}, {}, {}, {}, {}, {}, {}, {}, {}, {}, {}, {}, {}, {}, {}, {}, {}, {}, {}, {}, {}, {}, {}, {}, {}, {}, {}, {}, {}, {}, {}, {}, {}, {}, {}, {}, {}, {}, {}, {}, {}, {}, {}, {}, {}, {}, {}, {}, {}, {}, {}, {}, {}, {}, {}, {}, {}, {}, {}, {}, {}, {}, {}, {}, {}, {}, {}, {}, {}, {}, {}, {}, {}, {}, {}, {}, {}, {}, {}, {}, {}, {}, {}, {}, {}, {}, {}, {}, {}, {}, {}, {}, {}, {}, {}, {}, {}, {}, {}, {}, {}, {}, {}, {}, {}, {}, {}, {}, {}, {}, {}, {}, {}, {}, {}, {}, {}, {}, {}, {}, {}, {}, {}, {}, {}, {}, {}, {}, {}, {}, {}, {}, {}, {}, {}, {}, {}, {}, {}, {}, {}, {}, {}, {}, {}, {}, {}, {}, {}, {}, {}, {}, {}, {}, {}, {}, {}, {}, {}, {}, {}, {}, {}, {}, {}, {}, {}, {}, {}, {}, {}, {}, {}, {}, {}, {}, {}, {}, {}, {}, {}, {}, {}, {}, {}, {}, {}, {}, {}, {}, {}, {}, {}, {}, {}, {}, {}, {}, {}, {}, {}, {}, {}, {}, {}, {}, {}, {}, {}, {}, {}, {}, {}, {}, {}, {}, {}, {}, {}, {}, {}, {}, {}, {}, {}, {}, {}, {}, {}, {}, {}, {}, {}, {}, {}, {}, {}, {}, {}, {}, {}, {}, {}, {}, {}, {}, {}, {}, {}, {}, {}, {}, {}, {}, {}, {}, {}, {}, {}, {}, {}, {}, {}, {}, {}, {}, {}, {}, {}, {}, {}, {}, {}, {}, {}, {}, {}, {}, {}, {}, {}, {}, {}, {}, {}, {}, {}, {}, {}, {}, {}, {}, {}, {}, {}, {}, {}, {}, {}, {}, {}, {}, {}, {}, {}, {}, {}, {}, {}, {}, {}, {}, {}, {}, {}, {}, {}, {}, {}, {}, {}, {}, {}, {}, {}, {}, {}, {}, {}, {}, {}, {}, {}, {}, {}, {}, {}, {}, {}, {}, {}, {}, {}, {}, {}, {}, {}, {}, {}, {}, {}, {}, {}, {}, {}, {}, {}, {}, {}, {}, {}, {}, {}, {}, {}, {}, {}, {}, {}, {}, {}, {}, {}, {}, {}, {}, {}, {}, {}, {}, {}, {}, {}, {}, {}, {}, {}, {}, {}, {}, {}, {}, {}, {}, {}, {}, {}, {}, {}, {}, {}, {}, {}, {}, {}, {}, {}, {}, {}, {}, {}, {}, {}, {}, {}, {}, {}, {}, {}, {}, {}, {}, {}, {}, {}, {}, {}, {}, {}, {}, {}, {}, {}, {}, {}, {}, {}, {}, {}, {}, {}, {}, {}, {}, {}, {}, {}, {}, {}, {}, {}, {}, {}, {}, {}, {}, {}, {}, {}, {}, {}, {}, {}, {}, {}, {}, {}, {}, {}, {}, {}, {}, {}, {}, {}, {}, {}, {}, {}, {}, {}, {}, {}, {}, {}, {}, {}, {}, {}, {}, {}, {}, {}, {}, {}, {}, {}, {}, {}, {}, {}, {}, {}, {}, {}, {}, {}, {}, {}, {}, {}, {}, {}, {}, {}, {}, {}, {}, {}, {}, {}, {}, {}, {}, {}, {}, {}, {}, {}, {}, {}, {}, {}, {}, {}, {}, {}, {}, {}, {}, {}, {}, {}, {}, {}, {}, {}, {}, {}, {}, {}, {}, {}, {}, {}, {}, {}, {}, {}, {}, {}, {}, {}, {}, {}, {}, {}, {}, {}, {}, {}, {}, {}, {}, {}, {}, {}, {}, {}, {}, {}, {}, {}, {}, {}, {}, {}, {}, {}, {}, {}, {}, {}, {}, {}, {}, {}, {}, {}, {}, {}, {}, {}, {}, {}, {}, {}, {}, {}, {}, {}, {}, {}, {}, {}, {}, {}, {}, {}, {}, {}, {}, {}, {}, {}, {}, {}, {}, {}, {}, {}, {}, {}, {}, {}, {}, {}, {}, {}, {}, {}, {}, {}, {}, {}, {}, {}, {}, {}, {}, {}, {}, {}, {}, {}, {}, {}, {}, {}, {}, {}, {}, {}, {}, {}, {}, {}, {}, {}, {}, {}, {}, {}, {}, {}, {}, {}, {}, {}, {}, {}, {}, {}, {}, {}, {}, {}, {}, {}, {}, {}, {}, {}, {}, {}, {}, {}, {}, {}, {}, {}, {}, {}, {}, {}, {}, {}, {}, {}, {}, {}, {}, {}, {}, {}, {}, {}, {}, {}, {}, {}, {}, {}, {}, {}, {}, {}, {}, {}, {}, {}, {}, {}, {}, {}, {}, {}, {}, {}, {}, {}, {}, {}, {}, {}, {}, {}, {}, {}, {}, {}, {}, {}, {}, {}, {}, {}, {}, {}, {}, {}, {}, {}, {}, {}, {}, {}, {}, {}, {}, {}, {}, {}, {}, {}, {}, {}, {}, {}, {}, {}, {}, {}, {}, {}, {}, {}, {}, {}, {}, {}, {}, {}, {}, {}, {}, {}, {}, {}, {}, {}, {}, {}, {}, {}, {}, {}, {}, {}, {}, {}, {}, {}, {}, {}, {}, {}, {}, {}, {}, {}, {}, {}, {}, {}, {}, {}, {}, {}, {}, {}, {}, {}, {}, {}, {}, {}, {}, {}, {}, {}, {}, {}, {}, {}, {}, {}, {}, {}, {}, {}, {}, {}, {}, {}, {}, {}, {}, {}, {}, {}, {}, {}, {}, {}, {}, {}, {}, {}, {}, {}, {}, {}, {}, {}, {}, {}, {}, {}, {}, {}, {}, {}, {}, {}, {}, {}, {}, {}, {}, {}, {}, {}, {}, {}, {}, {}, {}, {}, {}, {}, {}, {}, {}, {}, {}, {}, {}, {}, {}, {}, {}, {}, {}, {}, {}, {}, {}, {}, {}, {}, {}, {}, {}, {}, {}, {}, {}, {}, {}, {}, {}, {}, {}, {}, {}, {}, {}, {}, {}, {}, {}, {}, {}, {}, {}, {}, {}, {}, {}, {}, {}, {}, {}, {}, {}, {}, {}, {}, {}, {}, {}, {}, {}, {}, {}, {}, {}, {}, {}, {}, {}, {}, {}, {}, {}, {}, {}, {}, {}, {}, {}, {}, {}, {}, {}, {}, {}, {}, {}, {}, {}, {}, {}, {}, {}, {}, {}, {}, {}, {}, {}, {}, {}, {}, {}, {}, {}, {}, {}, {}, {}, {}, {}, {}, {}, {}, {}, {}, {}, {}, {}, {}, {}, {}, {}, {}, {}, {}, {}, {}, {}, {}, {}, {}, {}, {}, {}, {}, {}, {}, {}, {}, {}, {}, {}, {}, {}, {}, {}, {}, {}, {}, {}, {}, {}, {}, {}, {}, {}, {}, {}, {}, {}, {}, {}, {}, {}, {}, {}, {}, {}, {}, {}, {}, {}, {}, {}, {}, {}, {}, {}, {}, {}, {}, {}, {}, {}, {}, {}, {}, {}, {}, {}, {}, {}, {}, {}, {}, {}, {}, {}, {}, {}, {}, {}, {}, {}, {}, {}, {}, {}, {}, {}, {}, {}, {}, {}, {}, {}, {}, {}, {}, {}, {}, {}, {}, {}, {}, {}, {}, {}, {}, {}, {}, {}, {}, {}, {}, {}, {}, {}, {}, {}, {}, {}, {}, {}, {}, {}, {}, {}, {}, {}, {}, {}, {}, {}, {}, {}, {}, {}, {}, {}, {}, {}, {}, {}, {}, {}, {}, {}, {}, {}, {}, {}, {}, {}, {}, {}, {}, {}, {}, {}, {}, {}, {}, {}, {}, {}, {}, {}, {}, {}, {}, {}, {}, {}, {}, {}, {}, {}, {}, {}, {}, {}, {}, {}, {}, {}, {}, {}, {}, {}, {}, {}, {}, {}, {}, {}, {}, {}, {}, {}, {}, {}, {}, {}, {}, {}, {}, {}, {}, {}, {}, {}, {}, {}, {}, {}, {}, {}, {}, {}, {}, {}, {}, {}, {}, {}, {}, {}, {}, {}, {}, {}, {}, {}, {}, {}, {}, {}, {}, {}, {}, {}, {}, {}, {}, {}, {}, {}, {}, {}, {}, {}, {}, {}, {}, {}, {}, {}, {}, {}, {}, {}, {}, {}, {}, {}, {}, {}, {}, {}, {}, {}, {}, {}, {}, {}, {}, {}, {}, {}, {}, {}, {}, {}, {}, {}, {}, {}, {}, {}, {}, {}, {}, {}, {}, {}, {}, {}, {}, {}, {}, {}, {}, {}, {}, {}, {}, {}, {}, {}, {}, {}, {}, {}, {}, {}, {}, {}, {}, {}, {}, {}, {}, {}, {}, {}, {}, {}, {}, {}, {}, {}, {}, {}, {}, {}, {}, {}, {}, {}, {}, {}, {}, {}, {}, {}, {}, {}, {}, {}, {}, {}, {}, {}, {}, {}, {}, {}, {}, {}, {}, {}, {}, {}, {}, {}, {}, {}, {}, {}, {}, {}, {}, {}, {}, {}, {}, {}, {}, {}, {}, {}, {}, {}, {}, {}, {}, {}, {}, {}, {}, {}, {}, {}, {}, {}, {}, {}, {}, {}, {}, {}, {}, {}, {}, {}, {}, {}, {}, {}, {}, {}, {}, {}, {}, {}, {}, {}, {}, {}, {}, {}, {}, {}, {}, {}, {}, {}, {}, {}, {}, {}, {}, {}, {}, {}, {}, {}, {}, {}, {}, {}, {}, {}, {}, {}, {}, {}, {}, {}, {}, {}, {}, {}, {}, {}, {}, {}, {}, {}, {}, {}, {}, {}, {}, {}, {}, {}, {}, {}, {}, {}, {}, {}, {}, {}, {}, {}, {}, {}, {}, {}, {}, {}, {}, {}, {}, {}, {}, {}, {}, {}, {}, {}, {}, {}, {}, {}, {}, {}, {}, {}, {}, {}, {}, {}, {}, {}, {}, {}, {}, {}, {}, {}, {}, {}, {}, {}, {}, {}, {}, {}, {}, {}, {}, {}, {}, {}, {}, {}, {}, {}, {}, {}, {}, {}, {}, {}, {}, {}, {}, {}, {}, {}, {}, {}, {}, {}, {}, {}, {}, {}, {}, {}, {}, {}, {}, {}, {}, {}, {}, {}, {}, {}, {}, {}, {}, {}, {}, {}, {}, {}, {}, {}, {}, {}, {}, {}, {}, {}, {}, {}, {}, {}, {}, {}, {}, {}, {}, {}, {}, {}, {}, {}, {}, {}, {}, {}, {}, {}, {}, {}, {}, {}, {}, {}, {}, {}, {}, {}, {}, {}, {}, {}, {}, {}]}",,,,,,,,,Convergence not achieved in 1999 iterations.
2026-10-05T09:57:30.785145+00:00,continuous coefficient 2D,5,"uniform(2D,8)",S8,S7,S7,"CG(AdditiveSchwarz(torch.float64, Inv(), CUDSS, const_dofs_per_coarse=False), bsr_matmul=True)",False,0,1,10,2752512,230759424,"{'iterations': 256, 'residual norms': [0.23042262653948303, 9.552179644749243, 9.552200152177035, 12.849537125285694, 10.25882914420729, 13.182207996864058, 7.952553964415182, 13.862469916701787, 10.890903674501828, 11.236149085555276, 14.112288747126392, 10.550231884869445, 8.382134163134117, 11.6525119719467, 8.191251293542614, 7.067345278601213, 6.068965069383789, 5.860367509312484, 4.882265510068574, 3.8943986783733493, 3.2633406666033973, 3.2556848339093167, 2.431386284190893, 2.410150511078201, 1.7587524765336608, 1.7058505990974961, 1.8206877852635466, 1.2843860214718021, 1.0155022612452747, 1.0883717576759384, 1.0263449052229419, 0.6282708287238221, 0.43396649782809826, 0.508058108676596, 0.41289982281982357, 0.2252107180941085, 0.2430400552942895, 0.27158741052673985, 0.27506182398720924, 0.16493101791038106, 0.1795718159868738, 0.16648515659501567, 0.19435369333921912, 0.22909720373356127, 0.25288614270078047, 0.14027438644538823, 0.14173934557619045, 0.1666897875352593, 0.11534556892489971, 0.12745772196714633, 0.09199919333405158, 0.06761175054238568, 0.04071187928843903, 0.040536830993037905, 0.0305228540044438, 0.026769977518650078, 0.019351237470104265, 0.020272902851040133, 0.01680918506330258, 0.024361077772921614, 0.023397249989337895, 0.02851957461323422, 0.0307863318717893, 0.024923642411730746, 0.025771690511285923, 0.021950973346631212, 0.018611066040669446, 0.02307932300255821, 0.030454615559994826, 0.018887067063520002, 0.014416087293593638, 0.01112298829764275, 0.009529254388727664, 0.008760866408454963, 0.007410213146228184, 0.007117281506206801, 0.006614703974046618, 0.006262938943171166, 0.007140942483482946, 0.006473542803213687, 0.0039028997060813297, 0.003180968723669712, 0.0034368401368326277, 0.002690888622405958, 0.0017956990778962582, 0.001998000584393153, 0.0016038779611127272, 0.0010477298555158897, 0.0009701498583499879, 0.001188659099409146, 0.0007926534048853183, 0.0008415157902514324, 0.0009373727736183292, 0.0005419018719116884, 0.0004473515475717228, 0.000373448646290311, 0.0002500478856964182, 0.0002765214404325101, 0.0003366206199817309, 0.00032405846175738255, 0.00024445045250264793, 0.000277845923344138, 0.0003058746650806175, 0.00027318647232505767, 0.000258903365395137, 0.0002549686745618968, 0.00021118305043962423, 0.00021091798846632238, 0.00022071979067596743, 0.00021430386496754914, 0.000189122660973756, 0.0001757011781989045, 0.00016158785666830114, 0.00018358839262199524, 0.00013986976807943367, 0.00013808497852596513, 0.00012648837883377618, 0.000107595903000899, 7.983528388974583e-05, 8.70013387903839e-05, 8.1897312051743e-05, 6.670390415290116e-05, 6.596256983066626e-05, 5.6951492285674984e-05, 6.507751125641019e-05, 5.495345684023802e-05, 7.207704865316854e-05, 5.274411058422148e-05, 4.681067649760379e-05, 3.577472187855219e-05, 3.7317145199686376e-05, 3.1324232580837145e-05, 2.769688016925304e-05, 2.9390911374681528e-05, 1.902902613607734e-05, 1.5107345476276596e-05, 1.8558797066004383e-05, 1.8320049485910508e-05, 1.7596288331059592e-05, 2.0747777696811625e-05, 2.046272452824225e-05, 1.4454916871084077e-05, 1.094459355945752e-05, 1.0829076259099644e-05, 7.50487823593949e-06, 6.157551106179753e-06, 6.566446292917346e-06, 6.40403638798698e-06, 3.6806029878464353e-06, 2.4450791178547774e-06, 2.059510675354379e-06, 1.4560268818148704e-06, 1.3007265721941467e-06, 1.2810304586693585e-06, 1.6673020595201662e-06, 1.479538965615764e-06, 1.0990787733159884e-06, 1.212687838997669e-06, 1.3268689412540144e-06, 1.1845980963819127e-06, 1.3746777298378047e-06, 1.4888347083731953e-06, 1.1359572779364152e-06, 1.0536647227257072e-06, 1.2648816925515428e-06, 1.4022924248528414e-06, 1.007700297873209e-06, 1.1361100062880675e-06, 8.673261473998934e-07, 6.365369975779364e-07, 5.320608170752323e-07, 5.291259115944934e-07, 4.601126128819275e-07, 4.0028564504171926e-07, 3.781654106260301e-07, 3.1446732035875043e-07, 3.4508321036204487e-07, 2.7603365839559493e-07, 2.541889456322402e-07, 2.630076556078608e-07, 2.288763038118679e-07, 2.2217960971093382e-07, 2.2510309940852896e-07, 1.7399244859577973e-07, 1.7279037653006815e-07, 2.0467510354494812e-07, 1.6241664625699337e-07, 1.2177705820462446e-07, 1.3266765964638054e-07, 9.89313595695036e-08, 7.748329807085167e-08, 7.288712235685583e-08, 7.151832422111152e-08, 5.785179105206925e-08, 6.638715815920592e-08, 7.171474914942395e-08, 6.791546069980033e-08, 5.671699165116477e-08, 4.136788324354387e-08, 4.1970792152923076e-08, 2.710671640128027e-08, 2.1072369156290943e-08, 2.3522193010532708e-08, 2.1891013367359713e-08, 1.712594570081518e-08, 2.1185036393517504e-08, 1.8612486795209074e-08, 1.2831924745812379e-08, 1.1620908601573669e-08, 1.1179596416489727e-08, 8.473742716969226e-09, 8.370569772259795e-09, 8.90462815195131e-09, 8.987616435501379e-09, 7.580656588999464e-09, 9.808025011631366e-09, 8.35831570670128e-09, 6.933391785978874e-09, 8.34782430410283e-09, 7.887755316442199e-09, 6.638493405297632e-09, 6.549900996631511e-09, 7.581082018565746e-09, 5.9735861945317496e-09, 6.199021548236159e-09, 6.912117229255581e-09, 5.538860473450506e-09, 5.082817552684107e-09, 5.25159308347834e-09, 4.618010543396542e-09, 3.5831300063283294e-09, 3.0329051962137194e-09, 2.8983841681057674e-09, 2.292963312264711e-09, 1.7147545881390114e-09, 1.2127106209356208e-09, 1.2517044189048184e-09, 8.900488055410669e-10, 8.86382554953302e-10, 9.297492515839637e-10, 1.0012637285118286e-09, 7.801123868658932e-10, 6.970787304503001e-10, 7.122731488233837e-10, 6.317481388862067e-10, 5.527898649231114e-10, 4.2158455832216184e-10, 5.303767234665789e-10, 4.784475280453635e-10, 4.29421752837273e-10, 4.306123907251245e-10, 4.1339760031786943e-10, 3.178233941811597e-10, 3.062525270483718e-10, 3.3250585371625577e-10, 2.402279404093631e-10, 2.068144447675616e-10], 'preconditioner metadata': [{}, {}, {}, {}, {}, {}, {}, {}, {}, {}, {}, {}, {}, {}, {}, {}, {}, {}, {}, {}, {}, {}, {}, {}, {}, {}, {}, {}, {}, {}, {}, {}, {}, {}, {}, {}, {}, {}, {}, {}, {}, {}, {}, {}, {}, {}, {}, {}, {}, {}, {}, {}, {}, {}, {}, {}, {}, {}, {}, {}, {}, {}, {}, {}, {}, {}, {}, {}, {}, {}, {}, {}, {}, {}, {}, {}, {}, {}, {}, {}, {}, {}, {}, {}, {}, {}, {}, {}, {}, {}, {}, {}, {}, {}, {}, {}, {}, {}, {}, {}, {}, {}, {}, {}, {}, {}, {}, {}, {}, {}, {}, {}, {}, {}, {}, {}, {}, {}, {}, {}, {}, {}, {}, {}, {}, {}, {}, {}, {}, {}, {}, {}, {}, {}, {}, {}, {}, {}, {}, {}, {}, {}, {}, {}, {}, {}, {}, {}, {}, {}, {}, {}, {}, {}, {}, {}, {}, {}, {}, {}, {}, {}, {}, {}, {}, {}, {}, {}, {}, {}, {}, {}, {}, {}, {}, {}, {}, {}, {}, {}, {}, {}, {}, {}, {}, {}, {}, {}, {}, {}, {}, {}, {}, {}, {}, {}, {}, {}, {}, {}, {}, {}, {}, {}, {}, {}, {}, {}, {}, {}, {}, {}, {}, {}, {}, {}, {}, {}, {}, {}, {}, {}, {}, {}, {}, {}, {}, {}, {}, {}, {}, {}, {}, {}, {}, {}, {}, {}, {}, {}, {}, {}, {}, {}, {}, {}, {}, {}, {}, {}, {}, {}, {}, {}, {}, {}]}",2.0776042515383256e-10,,"[817.928466796875, 817.2046508789062, 817.9456176757812, 817.4667358398438, 819.7772827148438, 823.5988159179688, 823.7853393554688, 823.7669677734375, 817.7412109375, 823.5917358398438]",[899.7473754882812],[1830.4837646484375],[1840.744873046875],[1.8480960130691528],[1.5756800174713135],
2026-10-05T09:57:42.993236+00:00,continuous coefficient 2D,5,"uniform(2D,8)",S8,S7,S7,"CG(HybridSchwarz(torch.float64, Inv(), CUDSS), bsr_matmul=True)",False,0,1,10,2752512,230759424,"{'iterations': 217, 'residual norms': [9.545064139398866, 8.397935863811355, 11.628529381531244, 9.819088218389048, 7.942095102837652, 13.103093000882431, 10.087892665839322, 11.625562415487167, 10.688356585330073, 7.983921081221084, 9.545291402596707, 6.771014525791873, 6.026574724650892, 5.306176881327848, 3.8602836397577613, 3.0072322719721387, 2.693768997005079, 2.038345679736065, 1.826696548510232, 1.1876910372769534, 1.0754057222622946, 1.0586038657978794, 0.7390757425442677, 0.722270620909278, 0.7108460513617203, 0.3462236708115882, 0.4603624165619253, 0.3331129578799098, 0.1802132569147806, 0.22837664962568227, 0.20795648760878924, 0.17677903121678198, 0.14409870251737622, 0.11822686331717533, 0.20202595641220591, 0.16256192837349553, 0.13780409925782364, 0.11851989839952677, 0.10067122175870878, 0.10386951163684392, 0.07463929316300072, 0.05457146944145657, 0.04285587332131302, 0.032962726770057516, 0.0359838676459153, 0.022636071715659196, 0.028855968801364852, 0.025089891717367568, 0.03162837165198344, 0.031712741731089275, 0.01991021532762968, 0.02261880869991317, 0.013562473586405634, 0.014361283641806964, 0.021014786711022127, 0.013436753719621435, 0.012920103612757751, 0.009613434243787243, 0.010189138367097509, 0.011873818306185615, 0.010220725846091856, 0.009120035030195926, 0.009507661591251923, 0.006725822311341123, 0.0038123033029622295, 0.003783068615935303, 0.0022442165993427163, 0.0023324188153409204, 0.0016420687422890358, 0.0012335934231109545, 0.0012826214417637496, 0.0010356987006545403, 0.0011836212338971312, 0.0011545475765490508, 0.001203097019152064, 0.0011016765617172762, 0.0007856718696028969, 0.0007505294797891771, 0.0009247350516124395, 0.0010578300565159443, 0.0008322293918165954, 0.0007856951959218893, 0.0006161110025561172, 0.0004934517461607752, 0.0004480976472365517, 0.0003023861068849175, 0.00023694342736565294, 0.000242907052847221, 0.00022070492562828754, 0.00023052299201369207, 0.00022083891626125917, 0.0001785203103911073, 0.00018476508214017756, 0.0001452698127705366, 0.000120722433585262, 0.00010745280893528842, 9.726003410509422e-05, 7.310488541627987e-05, 9.039429000425332e-05, 6.53129659196441e-05, 7.614975299124568e-05, 7.953619683727871e-05, 6.094758974086101e-05, 6.927767009101101e-05, 4.115719337825406e-05, 3.944427037173307e-05, 3.513444851282295e-05, 2.2430629551690703e-05, 2.4263274597820388e-05, 1.9258926225285283e-05, 1.6181742732106937e-05, 1.783522847072435e-05, 1.6761100727010277e-05, 1.980960779866299e-05, 1.8587032186703867e-05, 1.4001562007145073e-05, 1.2597995754143513e-05, 1.6069786425963367e-05, 1.388703910357039e-05, 1.3821762648159955e-05, 1.051657273763529e-05, 6.917922224217454e-06, 7.150799173383201e-06, 6.1465688260506195e-06, 4.509822713257578e-06, 4.100078849923186e-06, 3.1102014301413132e-06, 2.787363747162518e-06, 3.2691940646887374e-06, 2.1099015135280422e-06, 1.8617959441049146e-06, 1.5780214864398464e-06, 1.5479740488029484e-06, 1.6916556807859473e-06, 1.609170292055899e-06, 1.4723902402105813e-06, 1.2702889168204073e-06, 1.1448275459700097e-06, 1.0227712141804292e-06, 1.02052703830603e-06, 9.791088681380709e-07, 9.066296446336196e-07, 8.074878165049756e-07, 5.610609350325852e-07, 5.431435064962371e-07, 5.38025842968814e-07, 4.314883867728921e-07, 4.04116408022461e-07, 3.9617901938993324e-07, 2.9969394827556076e-07, 3.7005489914792927e-07, 2.7115151197395704e-07, 2.851714023636995e-07, 2.8228434913345715e-07, 1.9915729875651748e-07, 2.016989619552988e-07, 1.8929486748316498e-07, 1.5877438760323608e-07, 1.881416433446926e-07, 1.3388476086346323e-07, 1.307219848057977e-07, 1.3319509875665965e-07, 9.608878890551718e-08, 9.915230898025778e-08, 9.135020337273471e-08, 7.708453328293236e-08, 6.96178621088861e-08, 4.092229401115341e-08, 3.6023294655875087e-08, 3.071399083234123e-08, 2.6511318688073024e-08, 2.51518774284742e-08, 2.3113143626303823e-08, 2.29099785862514e-08, 2.0999657257190324e-08, 1.9582228965465388e-08, 1.6011912093464173e-08, 1.8735288747896077e-08, 1.416418617960095e-08, 1.3129222567564365e-08, 1.4540446426027597e-08, 1.1727856362612086e-08, 1.2445175168186736e-08, 1.14010230410038e-08, 1.0012290005764615e-08, 9.33584740950526e-09, 9.416617402625085e-09, 6.440365862448311e-09, 5.8784894454486036e-09, 5.038630340059742e-09, 3.7044323352565467e-09, 4.20902621102219e-09, 3.9754178465812626e-09, 3.269927958947382e-09, 3.3540018768813433e-09, 2.6915168845532438e-09, 2.3429367136889875e-09, 2.209591387658332e-09, 1.689895055335258e-09, 2.0149200850374413e-09, 1.8212317753435087e-09, 1.7992654757636444e-09, 1.7238781138065412e-09, 1.338131954305472e-09, 1.1736684684612972e-09, 9.162171731844792e-10, 6.756978287316071e-10, 7.059037363931177e-10, 6.565064814357388e-10, 5.280390067783202e-10, 5.515307285501361e-10, 3.867298183407822e-10, 3.725278572213068e-10, 3.588575951191833e-10, 2.851004433633202e-10, 2.8847541642163884e-10, 2.8646310970451254e-10, 2.1046382152095222e-10], 'preconditioner metadata': [{}, {}, {}, {}, {}, {}, {}, {}, {}, {}, {}, {}, {}, {}, {}, {}, {}, {}, {}, {}, {}, {}, {}, {}, {}, {}, {}, {}, {}, {}, {}, {}, {}, {}, {}, {}, {}, {}, {}, {}, {}, {}, {}, {}, {}, {}, {}, {}, {}, {}, {}, {}, {}, {}, {}, {}, {}, {}, {}, {}, {}, {}, {}, {}, {}, {}, {}, {}, {}, {}, {}, {}, {}, {}, {}, {}, {}, {}, {}, {}, {}, {}, {}, {}, {}, {}, {}, {}, {}, {}, {}, {}, {}, {}, {}, {}, {}, {}, {}, {}, {}, {}, {}, {}, {}, {}, {}, {}, {}, {}, {}, {}, {}, {}, {}, {}, {}, {}, {}, {}, {}, {}, {}, {}, {}, {}, {}, {}, {}, {}, {}, {}, {}, {}, {}, {}, {}, {}, {}, {}, {}, {}, {}, {}, {}, {}, {}, {}, {}, {}, {}, {}, {}, {}, {}, {}, {}, {}, {}, {}, {}, {}, {}, {}, {}, {}, {}, {}, {}, {}, {}, {}, {}, {}, {}, {}, {}, {}, {}, {}, {}, {}, {}, {}, {}, {}, {}, {}, {}, {}, {}, {}, {}, {}, {}, {}, {}, {}, {}, {}, {}, {}, {}, {}, {}, {}, {}, {}, {}, {}, {}, {}, {}, {}, {}, {}, {}]}",2.1128092299677277e-10,,"[714.0668334960938, 712.2622680664062, 712.1951904296875, 712.5350341796875, 711.8941650390625, 712.3001098632812, 712.1043701171875, 711.9682006835938, 713.2115478515625, 712.3591918945312]",[395.6927185058594],[1808.2803955078125],[2207.03759765625],[1.742624044418335],[1.4199680089950562],
2026-10-05T09:57:54.740063+00:00,continuous coefficient 2D,5,"uniform(2D,8)",S8,S7,S7,"CG(AdditiveSchwarz(torch.float64, Inv(torch.float32), CUDSS, const_dofs_per_coarse=False), bsr_matmul=True)",False,0,1,10,2752512,230759424,"{'iterations': 256, 'residual norms': [0.23042262653948303, 9.552179644739471, 9.552200150381974, 12.849537125561755, 10.258829149048768, 13.182208030424587, 7.952553963249557, 13.862469919870824, 10.890903673011108, 11.236149077807239, 14.112288638479933, 10.55023186349175, 8.382134147194359, 11.652511891332951, 8.191251260222918, 7.067345280372808, 6.068965074900805, 5.860367470148109, 4.882265490235474, 3.894398678981573, 3.2633406431134806, 3.2556847395987982, 2.431386227034612, 2.41015050165157, 1.758752463335886, 1.7058505399033468, 1.8206877642178578, 1.2843860308273716, 1.0155022852437863, 1.0883717850387755, 1.0263449815200718, 0.6282709047138689, 0.43396650113381735, 0.5080581175627173, 0.4128998746691926, 0.22521075019068054, 0.243040072559045, 0.27158743092531223, 0.2750618368951129, 0.16493103896714614, 0.17957182172087915, 0.16648518903344697, 0.19435364237959998, 0.22909724276507198, 0.25288611983984616, 0.14027443139378656, 0.14173928420613321, 0.16668972711826943, 0.11534558433961933, 0.12745769068139498, 0.09199915824374622, 0.06761171135913785, 0.040711877178245766, 0.040536811661836716, 0.03052283375202586, 0.026769969536482936, 0.019351234305767354, 0.020272893222096723, 0.01680918019762411, 0.024361067439278652, 0.023397243430565547, 0.028519551133217535, 0.030786323364510784, 0.024923645889995242, 0.02577168544387034, 0.0219509571868216, 0.018611057268247966, 0.023079320188824724, 0.030454606049382632, 0.01888707844575488, 0.014416087653539298, 0.01112298058238099, 0.009529243205679501, 0.008760860165142615, 0.007410209452936872, 0.007117277544200959, 0.006614702464967279, 0.006262937921173497, 0.007140937847850984, 0.00647353760562063, 0.003902897425540059, 0.0031809689657410476, 0.0034368373145335263, 0.002690888123728513, 0.0017956978123425317, 0.0019979981856161674, 0.0016038766444088838, 0.0010477292628863657, 0.0009701495593081636, 0.0011886578472375606, 0.0007926529652458773, 0.0008415158604697886, 0.0009373724799357182, 0.0005419012893986353, 0.00044735165788396526, 0.0003734484782110435, 0.0002500478021090834, 0.0002765212406577899, 0.0003366207472409202, 0.0003240582452249785, 0.0002444504717430988, 0.0002778458009040105, 0.0003058744123692938, 0.0002731862952661626, 0.00025890346866796674, 0.0002549685926447533, 0.00021118282973369156, 0.000210917906692376, 0.00022071965581765547, 0.00021430385464739325, 0.00018912254545194268, 0.00017570115414262773, 0.00016158787064944562, 0.0001835883512343785, 0.0001398696378195798, 0.0001380848746669955, 0.00012648831428711612, 0.00010759584696614308, 7.983525554814966e-05, 8.700127737533876e-05, 8.189705001945134e-05, 6.67038706430842e-05, 6.596251062014289e-05, 5.695146455342549e-05, 6.50774442757495e-05, 5.495344484036843e-05, 7.20769919643262e-05, 5.274407506045917e-05, 4.681064329760445e-05, 3.577470036574289e-05, 3.731716136953348e-05, 3.132420496799567e-05, 2.7696871020715668e-05, 2.939088788364138e-05, 1.9029011009652412e-05, 1.5107350449694974e-05, 1.8558794688259623e-05, 1.8320049100028446e-05, 1.7596278263764138e-05, 2.0747772967466458e-05, 2.046271404056144e-05, 1.445490884557277e-05, 1.0944600541309727e-05, 1.0829068884402889e-05, 7.504873217179421e-06, 6.157552142409194e-06, 6.566444295209566e-06, 6.404039152332559e-06, 3.680601678317911e-06, 2.445079096407528e-06, 2.0595091903721744e-06, 1.456027415715204e-06, 1.3007261862794413e-06, 1.2810304523053992e-06, 1.6673038855193236e-06, 1.4795389895052154e-06, 1.0990783928447427e-06, 1.2126878467251792e-06, 1.3268681902397884e-06, 1.1845985738584434e-06, 1.3746800139280605e-06, 1.4888343270696667e-06, 1.1359568232840684e-06, 1.053664665513143e-06, 1.264883108760097e-06, 1.4022922873442246e-06, 1.0076999619508344e-06, 1.1361103480217953e-06, 8.673263172552759e-07, 6.365369002104754e-07, 5.320603985842443e-07, 5.291262153581332e-07, 4.6011267392486423e-07, 4.002856302961277e-07, 3.7816539618848323e-07, 3.1446705269492275e-07, 3.450831349511339e-07, 2.760336488596268e-07, 2.541890491959489e-07, 2.63007424123964e-07, 2.2887616571438497e-07, 2.2217995471291077e-07, 2.2510322161044284e-07, 1.7399225834889252e-07, 1.7279054360218895e-07, 2.0467519638456878e-07, 1.624166653576855e-07, 1.2177700718541047e-07, 1.326674622649215e-07, 9.89313486563316e-08, 7.748339633721323e-08, 7.28870254986322e-08, 7.151827032496486e-08, 5.785170893509007e-08, 6.638738709404986e-08, 7.171475088928242e-08, 6.79153871899812e-08, 5.671698005057455e-08, 4.136797821858092e-08, 4.197086279138983e-08, 2.7106695691376162e-08, 2.1072356562431124e-08, 2.3522233344542608e-08, 2.1891028464245242e-08, 1.7125928775414966e-08, 2.1185036512459816e-08, 1.8612465397814136e-08, 1.2831939744845552e-08, 1.16209012802198e-08, 1.1179575075857195e-08, 8.473755989201584e-09, 8.370593217811331e-09, 8.904632295500365e-09, 8.987612941746998e-09, 7.580664417005413e-09, 9.80803822166437e-09, 8.35832125357718e-09, 6.93338978647555e-09, 8.347820247942834e-09, 7.887761378040298e-09, 6.638498209674215e-09, 6.5498993543171525e-09, 7.581080071031716e-09, 5.973588195390255e-09, 6.199028228202667e-09, 6.912118991212206e-09, 5.538858720402275e-09, 5.082820638242652e-09, 5.2515992839339374e-09, 4.618007713532854e-09, 3.583130773106726e-09, 3.032904390474104e-09, 2.8983877344608663e-09, 2.2929639148018428e-09, 1.714756736803214e-09, 1.21270991291816e-09, 1.2517049352814045e-09, 8.900494294585556e-10, 8.863823513249253e-10, 9.297486289584971e-10, 1.001264355882266e-09, 7.801137693740276e-10, 6.970779509145611e-10, 7.122733403825725e-10, 6.31747785894678e-10, 5.52790383249742e-10, 4.2158456316499584e-10, 5.303766518089517e-10, 4.784472116625302e-10, 4.294218405865367e-10, 4.3061234158469996e-10, 4.1339789207350134e-10, 3.1782323813173427e-10, 3.062525798080608e-10, 3.3250613631680006e-10, 2.402280916747694e-10, 2.0681428802874654e-10], 'preconditioner metadata': [{}, {}, {}, {}, {}, {}, {}, {}, {}, {}, {}, {}, {}, {}, {}, {}, {}, {}, {}, {}, {}, {}, {}, {}, {}, {}, {}, {}, {}, {}, {}, {}, {}, {}, {}, {}, {}, {}, {}, {}, {}, {}, {}, {}, {}, {}, {}, {}, {}, {}, {}, {}, {}, {}, {}, {}, {}, {}, {}, {}, {}, {}, {}, {}, {}, {}, {}, {}, {}, {}, {}, {}, {}, {}, {}, {}, {}, {}, {}, {}, {}, {}, {}, {}, {}, {}, {}, {}, {}, {}, {}, {}, {}, {}, {}, {}, {}, {}, {}, {}, {}, {}, {}, {}, {}, {}, {}, {}, {}, {}, {}, {}, {}, {}, {}, {}, {}, {}, {}, {}, {}, {}, {}, {}, {}, {}, {}, {}, {}, {}, {}, {}, {}, {}, {}, {}, {}, {}, {}, {}, {}, {}, {}, {}, {}, {}, {}, {}, {}, {}, {}, {}, {}, {}, {}, {}, {}, {}, {}, {}, {}, {}, {}, {}, {}, {}, {}, {}, {}, {}, {}, {}, {}, {}, {}, {}, {}, {}, {}, {}, {}, {}, {}, {}, {}, {}, {}, {}, {}, {}, {}, {}, {}, {}, {}, {}, {}, {}, {}, {}, {}, {}, {}, {}, {}, {}, {}, {}, {}, {}, {}, {}, {}, {}, {}, {}, {}, {}, {}, {}, {}, {}, {}, {}, {}, {}, {}, {}, {}, {}, {}, {}, {}, {}, {}, {}, {}, {}, {}, {}, {}, {}, {}, {}, {}, {}, {}, {}, {}, {}, {}, {}, {}, {}, {}, {}]}",2.078013811293159e-10,,"[692.4718017578125, 691.58544921875, 692.0567016601562, 691.3046264648438, 691.6898803710938, 694.6751098632812, 691.8145751953125, 692.653076171875, 692.9234619140625, 691.62744140625]",[512.07763671875],[1789.2440185546875],[1849.877197265625],[7.804384231567383],[1.4320319890975952],
2026-10-05T09:58:06.152424+00:00,continuous coefficient 2D,5,"uniform(2D,8)",S8,S7,S7,"CG(HybridSchwarz(torch.float64, Inv(torch.float32), CUDSS), bsr_matmul=True)",False,0,1,10,2752512,230759424,"{'iterations': 217, 'residual norms': [9.545064139398871, 8.39793586104119, 11.628529371074679, 9.819088216321745, 7.942095100404579, 13.103092991577038, 10.087892661024346, 11.62556241293606, 10.688356578212277, 7.983921081383266, 9.545291401226024, 6.771014520484715, 6.026574728080427, 5.30617688375968, 3.860283644577298, 3.007232268791319, 2.6937689975618198, 2.038345674803399, 1.826696546131372, 1.1876910349523198, 1.07540572529554, 1.058603864133136, 0.7390757407643851, 0.722270620222435, 0.7108460476268912, 0.3462236698117901, 0.4603624150043545, 0.3331129552448231, 0.1802132564781345, 0.2283766499793083, 0.20795648039423542, 0.17677902860779066, 0.14409870177961442, 0.11822685955636267, 0.202025951804803, 0.16256191745802187, 0.13780409310280334, 0.11851989621365912, 0.10067120689013066, 0.10386950027536451, 0.07463927076249548, 0.054571433792964905, 0.042855863159371246, 0.03296271797759441, 0.03598385712913795, 0.022636068387370693, 0.028855964570361815, 0.025089888675318358, 0.031628364145845765, 0.03171273609384527, 0.0199102132342947, 0.02261879163745354, 0.013562469010629186, 0.01436128078421953, 0.021014778160016512, 0.013436743965473936, 0.012920093126024013, 0.009613428262336347, 0.01018912727721692, 0.011873806281819936, 0.010220720101867488, 0.009120031872142645, 0.009507658218419736, 0.006725818764406326, 0.0038123023431795456, 0.003783067704236728, 0.0022442160916396367, 0.002332418387437595, 0.0016420681756335745, 0.0012335929578561667, 0.0012826207497588684, 0.001035697971066349, 0.0011836209422729238, 0.0011545470808305032, 0.001203096497730547, 0.0011016763122947044, 0.0007856713643340773, 0.0007505293072979915, 0.0009247347738321304, 0.001057829675787765, 0.0008322292820205792, 0.0007856948432558322, 0.0006161106855827283, 0.0004934515934788922, 0.0004480973008752545, 0.00030238596832860893, 0.0002369433380145233, 0.00024290689640979745, 0.00022070486598447825, 0.00023052289284079694, 0.00022083887482578845, 0.0001785203097795014, 0.00018476499095221145, 0.00014526987846790495, 0.00012072241828768315, 0.00010745281227275837, 9.726008505685532e-05, 7.310486423624959e-05, 9.039432528140078e-05, 6.531295586266308e-05, 7.614975974414503e-05, 7.95362031664225e-05, 6.094758349414054e-05, 6.927767818378057e-05, 4.115719081080248e-05, 3.9444270751157765e-05, 3.51344482236263e-05, 2.243062809317581e-05, 2.426327088085025e-05, 1.9258926152042293e-05, 1.6181740558951185e-05, 1.7835226607561286e-05, 1.6761097450655175e-05, 1.9809599556161618e-05, 1.858702776278184e-05, 1.4001554034984743e-05, 1.2597993334194e-05, 1.606976740188165e-05, 1.3887038640457077e-05, 1.3821757145492738e-05, 1.0516567267455747e-05, 6.917925132257929e-06, 7.150789787798558e-06, 6.146572821408414e-06, 4.509822254643319e-06, 4.100076163655185e-06, 3.1102031365743614e-06, 2.787361255208903e-06, 3.269194570381225e-06, 2.109900678663991e-06, 1.8617950570323697e-06, 1.5780210072409625e-06, 1.547973083443583e-06, 1.6916552393991336e-06, 1.6091697136174063e-06, 1.472389606564008e-06, 1.270288423250857e-06, 1.1448270601778364e-06, 1.0227709599307302e-06, 1.0205267324464152e-06, 9.791082805998444e-07, 9.066292586688919e-07, 8.074870961399948e-07, 5.610607730470796e-07, 5.431430885059785e-07, 5.380252942070027e-07, 4.3148820273795045e-07, 4.0411591639299476e-07, 3.961788380744059e-07, 2.9969378826119996e-07, 3.7005405344948226e-07, 2.7115140839897344e-07, 2.851707086154187e-07, 2.822842560485913e-07, 1.9915716778571296e-07, 2.0169861476741e-07, 1.8929488993425958e-07, 1.5877416471899918e-07, 1.8814159328561215e-07, 1.338847394389856e-07, 1.3072180058364195e-07, 1.3319509695674563e-07, 9.608863467166808e-08, 9.915226794353498e-08, 9.135015692418393e-08, 7.708443900574081e-08, 6.961790456734177e-08, 4.092224264900704e-08, 3.602328986067869e-08, 3.071396287692412e-08, 2.6511313595943383e-08, 2.5151880782654917e-08, 2.3113119848862583e-08, 2.2909981840322857e-08, 2.0999637188089542e-08, 1.9582229449621192e-08, 1.6011915132776068e-08, 1.8735280291102885e-08, 1.4164199689389327e-08, 1.3129225142090426e-08, 1.4540451170726462e-08, 1.1727868790458174e-08, 1.244518160000969e-08, 1.1401031780456534e-08, 1.0012291936673833e-08, 9.335844990946338e-09, 9.416615922540224e-09, 6.440362914618527e-09, 5.878485697258423e-09, 5.038628119786943e-09, 3.704431813166583e-09, 4.20902255684159e-09, 3.97541611962232e-09, 3.2699264674035796e-09, 3.3540008101286682e-09, 2.6915171543674253e-09, 2.3429356984678043e-09, 2.2095915326506945e-09, 1.6898947117361548e-09, 2.014919596391157e-09, 1.821232090260283e-09, 1.7992648820073641e-09, 1.723878657195251e-09, 1.3381317948632648e-09, 1.1736681625912183e-09, 9.162169722602665e-10, 6.756976733756758e-10, 7.05903154040222e-10, 6.565062855990539e-10, 5.280388747857319e-10, 5.515298908311245e-10, 3.867302267935797e-10, 3.7252703209850134e-10, 3.58857766699378e-10, 2.851002855240863e-10, 2.884747886202133e-10, 2.864639058503583e-10, 2.104634535178566e-10], 'preconditioner metadata': [{}, {}, {}, {}, {}, {}, {}, {}, {}, {}, {}, {}, {}, {}, {}, {}, {}, {}, {}, {}, {}, {}, {}, {}, {}, {}, {}, {}, {}, {}, {}, {}, {}, {}, {}, {}, {}, {}, {}, {}, {}, {}, {}, {}, {}, {}, {}, {}, {}, {}, {}, {}, {}, {}, {}, {}, {}, {}, {}, {}, {}, {}, {}, {}, {}, {}, {}, {}, {}, {}, {}, {}, {}, {}, {}, {}, {}, {}, {}, {}, {}, {}, {}, {}, {}, {}, {}, {}, {}, {}, {}, {}, {}, {}, {}, {}, {}, {}, {}, {}, {}, {}, {}, {}, {}, {}, {}, {}, {}, {}, {}, {}, {}, {}, {}, {}, {}, {}, {}, {}, {}, {}, {}, {}, {}, {}, {}, {}, {}, {}, {}, {}, {}, {}, {}, {}, {}, {}, {}, {}, {}, {}, {}, {}, {}, {}, {}, {}, {}, {}, {}, {}, {}, {}, {}, {}, {}, {}, {}, {}, {}, {}, {}, {}, {}, {}, {}, {}, {}, {}, {}, {}, {}, {}, {}, {}, {}, {}, {}, {}, {}, {}, {}, {}, {}, {}, {}, {}, {}, {}, {}, {}, {}, {}, {}, {}, {}, {}, {}, {}, {}, {}, {}, {}, {}, {}, {}, {}, {}, {}, {}, {}, {}, {}, {}, {}, {}]}",2.113272083908469e-10,,"[606.5070190429688, 604.0922241210938, 605.21142578125, 603.6597290039062, 603.8192749023438, 603.8150634765625, 607.3355102539062, 603.7006225585938, 603.9613037109375, 603.678466796875]",[397.0380859375],[1821.617919921875],[2178.43310546875],[1.5563839673995972],[1.390239953994751],
2026-10-05T09:58:17.563925+00:00,continuous coefficient 2D,5,"uniform(2D,8)",S8,S7,S7,"CG(AdditiveSchwarz(torch.float64, Inv(torch.float16), CUDSS, const_dofs_per_coarse=False), bsr_matmul=True)",False,0,1,10,2752512,230759424,"{'iterations': 256, 'residual norms': [0.23042262653948303, 9.552179634193172, 9.552271061336521, 12.849501109264002, 10.258822109063154, 13.181927052208133, 7.952589329691143, 13.862605708055758, 10.890919534472117, 11.235681832168913, 14.110708696535665, 10.550026851903656, 8.38180346304399, 11.651460891747146, 8.191404615321265, 7.067073605836992, 6.071014682206342, 5.863096361008315, 4.881171083218367, 3.8942243334235385, 3.2645902458739475, 3.259453595433228, 2.429422500516299, 2.4029472120567994, 1.771359685380839, 1.6885722773005478, 1.8170988700763129, 1.2876481153133086, 1.023815632363683, 1.0824709189385688, 1.0240405270157107, 0.6400611399805012, 0.4308865253683974, 0.5091487814660725, 0.425633320868692, 0.23021426304071016, 0.23644087012336137, 0.2720709699624955, 0.2778606922665914, 0.16571022382985065, 0.17824769113542022, 0.16845044565673645, 0.18912520261506718, 0.228315705332133, 0.25026982095386235, 0.14327481764062366, 0.14005479680334923, 0.1689334182144517, 0.11550631153205808, 0.1269699341605639, 0.09292563865767615, 0.06965254464446419, 0.040691707276468814, 0.040963008157868394, 0.030775339661446535, 0.0269635382758551, 0.019458556949939133, 0.02012895155140788, 0.01684708043099352, 0.02427025602912255, 0.023102927868035503, 0.028003839388572455, 0.03064250727316495, 0.024981302133573902, 0.025955854169526248, 0.022183082437977734, 0.018568305370520646, 0.022530281292363875, 0.03030496708743418, 0.019342099166761488, 0.014331476145528517, 0.011200257690326782, 0.009607652759476759, 0.008742287887791711, 0.0074060401110105775, 0.007008324139429373, 0.006666658580583568, 0.006263580326681172, 0.00703940234350669, 0.006677127795419946, 0.003963746477186656, 0.0031684820007343005, 0.0033960520074027513, 0.0027702658256707063, 0.0018312451287468244, 0.001953162088199452, 0.001747954760582309, 0.001042775825516962, 0.000985039217006044, 0.0011746205457024608, 0.0008796872339801728, 0.000773415122065892, 0.0009822016425733151, 0.000556137036938361, 0.00045546291580038687, 0.0003767485867071989, 0.00025983345794689384, 0.0002713110235595773, 0.00032688623213384034, 0.0003345940567250612, 0.00025027482100271875, 0.000265877432968171, 0.0003071669753938219, 0.0002877734490426246, 0.0002532202794824927, 0.00025292071732202725, 0.00021832226450681704, 0.00020835821156480396, 0.0002129612657634735, 0.00022196316461427657, 0.00019401369031564057, 0.00017562083598486017, 0.00015858714878277114, 0.00018905091135542061, 0.00013813221601892192, 0.00014401167340830965, 0.00012850313292559702, 0.00010766438462464219, 8.255840270224456e-05, 8.571932682928798e-05, 8.013655020021519e-05, 7.168305806105401e-05, 6.6030134188525e-05, 5.5552329975354156e-05, 6.675017060644265e-05, 5.4542408420650524e-05, 6.85669899956545e-05, 5.572302358840941e-05, 4.997505089176529e-05, 3.480877447531061e-05, 3.71294258922976e-05, 3.256429182657035e-05, 2.7149623943217555e-05, 2.9753251609607384e-05, 2.0780706005677952e-05, 1.5034244360344065e-05, 1.71708992948183e-05, 1.8830584258309198e-05, 1.801489170518753e-05, 1.914933264214941e-05, 2.098701474871374e-05, 1.638061568587586e-05, 1.0639794210769268e-05, 1.0494241559962837e-05, 8.27309867692899e-06, 6.211719556162416e-06, 6.2023885052504975e-06, 6.583975740922473e-06, 4.073793087691567e-06, 2.537046146591365e-06, 2.0254187108457785e-06, 1.5522678731868358e-06, 1.3584376959119653e-06, 1.2137692823841698e-06, 1.592248780762421e-06, 1.5739736820440249e-06, 1.1054851613188644e-06, 1.1633513543254803e-06, 1.380126346553522e-06, 1.1838697560024109e-06, 1.2922665094685319e-06, 1.4791517906320289e-06, 1.1993601412241756e-06, 1.0264839380918542e-06, 1.2085277482103397e-06, 1.4172090981647093e-06, 1.0188967301492287e-06, 1.1285360807554804e-06, 8.81615670827939e-07, 6.554005781154215e-07, 5.397855517173264e-07, 5.285269946450653e-07, 4.5803665649513585e-07, 3.9956852240162317e-07, 3.7816466776224075e-07, 3.213739970879506e-07, 3.3590306347404763e-07, 2.771074043184475e-07, 2.5382751194606414e-07, 2.5789339950131e-07, 2.2445962522752205e-07, 2.2742648416729896e-07, 2.2112665567447334e-07, 1.775807516794064e-07, 1.7105324462837105e-07, 1.9328272909010455e-07, 1.663322735130606e-07, 1.271932223713614e-07, 1.2691233413746594e-07, 1.0305219923532596e-07, 8.60234500682195e-08, 6.819645139105503e-08, 7.12276803613742e-08, 6.403795759813234e-08, 6.21604258920318e-08, 6.453441423376146e-08, 7.606862801254582e-08, 5.995306037348324e-08, 4.169767842880327e-08, 4.229255466371083e-08, 3.211836741765699e-08, 2.1567090349240637e-08, 2.2202508527389198e-08, 2.2371592122022487e-08, 1.8888649478557398e-08, 1.8812002670462203e-08, 2.0526483950027118e-08, 1.5280813633462228e-08, 1.1029044058425173e-08, 1.1204947230423708e-08, 9.970949660619504e-09, 7.840093907788072e-09, 8.358588173362324e-09, 1.0231801115254995e-08, 7.33144832939596e-09, 8.968621764286081e-09, 9.063442992854626e-09, 7.066710569481674e-09, 7.499175708536558e-09, 8.492092036800526e-09, 6.714597477052447e-09, 6.2205710267953766e-09, 7.516267419417147e-09, 6.317639523293427e-09, 5.889229484139086e-09, 6.657148328139009e-09, 5.899271031639081e-09, 5.3341916400929354e-09, 4.810551321189117e-09, 4.794639055739015e-09, 3.921872629719861e-09, 3.0238693913656328e-09, 2.8336850071575446e-09, 2.4322616058285302e-09, 1.8055787451736781e-09, 1.2317742400519828e-09, 1.2852169779986564e-09, 9.292095756227732e-10, 8.759739269897189e-10, 9.019218177912006e-10, 1.0133626633546212e-09, 7.848516736420294e-10, 7.35487777796288e-10, 6.801606292701727e-10, 6.649125046510449e-10, 5.775462225417431e-10, 4.2428182673227483e-10, 4.930305887410316e-10, 5.054441496601159e-10, 4.406336468625479e-10, 3.97590424974128e-10, 4.264881901815247e-10, 3.292998795414309e-10, 3.0358805713641417e-10, 3.196358444362992e-10, 2.62196763113729e-10, 2.0213932107874119e-10], 'preconditioner metadata': [{}, {}, {}, {}, {}, {}, {}, {}, {}, {}, {}, {}, {}, {}, {}, {}, {}, {}, {}, {}, {}, {}, {}, {}, {}, {}, {}, {}, {}, {}, {}, {}, {}, {}, {}, {}, {}, {}, {}, {}, {}, {}, {}, {}, {}, {}, {}, {}, {}, {}, {}, {}, {}, {}, {}, {}, {}, {}, {}, {}, {}, {}, {}, {}, {}, {}, {}, {}, {}, {}, {}, {}, {}, {}, {}, {}, {}, {}, {}, {}, {}, {}, {}, {}, {}, {}, {}, {}, {}, {}, {}, {}, {}, {}, {}, {}, {}, {}, {}, {}, {}, {}, {}, {}, {}, {}, {}, {}, {}, {}, {}, {}, {}, {}, {}, {}, {}, {}, {}, {}, {}, {}, {}, {}, {}, {}, {}, {}, {}, {}, {}, {}, {}, {}, {}, {}, {}, {}, {}, {}, {}, {}, {}, {}, {}, {}, {}, {}, {}, {}, {}, {}, {}, {}, {}, {}, {}, {}, {}, {}, {}, {}, {}, {}, {}, {}, {}, {}, {}, {}, {}, {}, {}, {}, {}, {}, {}, {}, {}, {}, {}, {}, {}, {}, {}, {}, {}, {}, {}, {}, {}, {}, {}, {}, {}, {}, {}, {}, {}, {}, {}, {}, {}, {}, {}, {}, {}, {}, {}, {}, {}, {}, {}, {}, {}, {}, {}, {}, {}, {}, {}, {}, {}, {}, {}, {}, {}, {}, {}, {}, {}, {}, {}, {}, {}, {}, {}, {}, {}, {}, {}, {}, {}, {}, {}, {}, {}, {}, {}, {}, {}, {}, {}, {}, {}, {}]}",2.0314574648499133e-10,,"[628.95458984375, 622.0214233398438, 626.2897338867188, 623.5226440429688, 622.4837036132812, 622.66064453125, 622.3795776367188, 625.8311157226562, 622.2369995117188, 622.4484252929688]",[516.0928344726562],[1794.563720703125],[1902.2806396484375],[7.807616233825684],[1.8203840255737305],
2026-10-05T09:58:28.444548+00:00,continuous coefficient 2D,5,"uniform(2D,8)",S8,S7,S7,"CG(HybridSchwarz(torch.float64, Inv(torch.float16), CUDSS), bsr_matmul=True)",False,0,1,10,2752512,230759424,"{'iterations': 217, 'residual norms': [9.545064139398868, 8.397982721595096, 11.628515417894349, 9.819147221316333, 7.94211593989735, 13.102987081385232, 10.08791238376426, 11.62540248724398, 10.688552138589126, 7.983870036280341, 9.545647961331227, 6.771109292749675, 6.027030823102178, 5.3062323081239535, 3.860652810604886, 3.0074310700863456, 2.6944493659908897, 2.038507812566667, 1.8266216875574193, 1.1879230299458476, 1.0759635434311259, 1.0597401622538354, 0.7398641415898156, 0.722146927410426, 0.7114626682112323, 0.3466302863578818, 0.4608471634376288, 0.3341009757919081, 0.180441980714378, 0.2280927070884255, 0.20998232417049492, 0.17643865479814333, 0.14414125454746235, 0.11932363448378182, 0.2006321258924489, 0.16431147352421815, 0.13634575575984506, 0.11746830320983281, 0.10155509072688293, 0.10302872726939569, 0.07657256115811847, 0.05687534555715164, 0.04168741173930741, 0.03305674697411052, 0.03565974789961921, 0.02262324176707959, 0.0286987995795905, 0.0251875689988145, 0.03163243772541914, 0.031933670948016024, 0.019963892615935726, 0.02335620935365024, 0.013650850313178826, 0.013963503458889293, 0.020312309596877763, 0.014144704209570891, 0.012637853022253545, 0.009828582175877483, 0.01020816927521538, 0.011346284493430194, 0.01052620350397465, 0.008756254334583989, 0.009547231785476111, 0.007016184794211843, 0.003796565063694619, 0.0038592171338305108, 0.002280019765330444, 0.0022738954335757918, 0.0017314677838822963, 0.0012198157956603462, 0.0012976447566891308, 0.0010537771418191253, 0.0010989395834610763, 0.0011800296307600568, 0.0011632915366570661, 0.0011028023832620416, 0.0008437914879121457, 0.0007086759786162752, 0.0009595994243069402, 0.0010148363265754577, 0.000868258598748751, 0.0008059086076927976, 0.0006143862294640215, 0.0005263421679797587, 0.0004304277797986137, 0.00032365836745637663, 0.00023595307269662694, 0.00023459541793222308, 0.00023063290789654024, 0.0002207383643267974, 0.00022759150308687635, 0.00018768924896787604, 0.00017578040037734784, 0.0001589699251806725, 0.00012478709473137778, 0.00010520847010657186, 0.00010705717708904809, 7.193888810097656e-05, 9.082661168535315e-05, 6.828061297642426e-05, 6.990349804066395e-05, 8.166156257599588e-05, 6.150385166735547e-05, 6.496536141153144e-05, 4.737497758201573e-05, 3.512812044915983e-05, 3.7453240365090504e-05, 2.4312592815474017e-05, 2.14825837669574e-05, 2.364290183029184e-05, 1.460729080555496e-05, 1.860754769090317e-05, 1.6544884819181854e-05, 1.789499107453809e-05, 2.064017539597789e-05, 1.3156915507635967e-05, 1.3128849156371228e-05, 1.3814425407848098e-05, 1.5262103057763875e-05, 1.3959506520258728e-05, 1.093202135143846e-05, 8.105815199486089e-06, 6.52262871970352e-06, 7.257621920172884e-06, 4.486734801422791e-06, 4.107535812399431e-06, 3.419076917928192e-06, 2.662454014108367e-06, 3.421828404021147e-06, 2.13860513894771e-06, 1.887048438841349e-06, 1.6039241513699809e-06, 1.5457541227729789e-06, 1.6616954791678888e-06, 1.606177029941702e-06, 1.4820103479080648e-06, 1.2651127891675235e-06, 1.1676934779790068e-06, 9.71997884823458e-07, 1.0269056225705353e-06, 9.531123118162507e-07, 8.853143198180096e-07, 8.342066479548965e-07, 5.825386965073659e-07, 5.493791521264041e-07, 5.457523077856844e-07, 4.664954850715624e-07, 4.0232945563913873e-07, 3.9799306199419266e-07, 3.24793747888993e-07, 3.283018434860639e-07, 3.1257782394237837e-07, 2.59288393296669e-07, 2.8902804596950104e-07, 2.3244307694691205e-07, 1.7915226793654925e-07, 2.1113647711824718e-07, 1.6219157348814185e-07, 1.7197909990638007e-07, 1.6433003758070818e-07, 1.185402921291005e-07, 1.4004659352182356e-07, 1.0401094903980728e-07, 9.222174486672551e-08, 1.0035769125282796e-07, 7.490001216567663e-08, 7.493682933089757e-08, 4.345451820557437e-08, 3.6986506514223406e-08, 3.114003136708181e-08, 2.779145967799174e-08, 2.4528093690232927e-08, 2.3977714581565644e-08, 2.3660714655917195e-08, 2.0299880891956373e-08, 2.1265034863499284e-08, 1.5618848618169893e-08, 1.8458591419712193e-08, 1.5186212598077972e-08, 1.2607918793411372e-08, 1.4692858901042751e-08, 1.210866795625174e-08, 1.190216803356866e-08, 1.214878362332744e-08, 9.926388760174354e-09, 9.558590419672714e-09, 9.223617395045083e-09, 7.032283625483937e-09, 5.631147870761579e-09, 5.13241256245859e-09, 3.835287671532838e-09, 3.9083275286892494e-09, 4.210261947427451e-09, 3.225124446717276e-09, 3.27047539767867e-09, 2.8840377061141754e-09, 2.3441355057684957e-09, 2.347069915648362e-09, 1.8277641264265242e-09, 1.8289157065797244e-09, 1.9573300867198865e-09, 1.7892135767161917e-09, 1.7458922701016947e-09, 1.489763910788874e-09, 1.1589897534743228e-09, 1.0117702832196063e-09, 7.142570007542264e-10, 6.703365761856134e-10, 6.633960845715857e-10, 5.855258573125936e-10, 4.930128390117723e-10, 4.699574763223191e-10, 3.5150643692222464e-10, 3.448742089538134e-10, 3.4027766766408605e-10, 2.4640117570814127e-10, 3.54650367306017e-10, 2.0581841692257463e-10], 'preconditioner metadata': [{}, {}, {}, {}, {}, {}, {}, {}, {}, {}, {}, {}, {}, {}, {}, {}, {}, {}, {}, {}, {}, {}, {}, {}, {}, {}, {}, {}, {}, {}, {}, {}, {}, {}, {}, {}, {}, {}, {}, {}, {}, {}, {}, {}, {}, {}, {}, {}, {}, {}, {}, {}, {}, {}, {}, {}, {}, {}, {}, {}, {}, {}, {}, {}, {}, {}, {}, {}, {}, {}, {}, {}, {}, {}, {}, {}, {}, {}, {}, {}, {}, {}, {}, {}, {}, {}, {}, {}, {}, {}, {}, {}, {}, {}, {}, {}, {}, {}, {}, {}, {}, {}, {}, {}, {}, {}, {}, {}, {}, {}, {}, {}, {}, {}, {}, {}, {}, {}, {}, {}, {}, {}, {}, {}, {}, {}, {}, {}, {}, {}, {}, {}, {}, {}, {}, {}, {}, {}, {}, {}, {}, {}, {}, {}, {}, {}, {}, {}, {}, {}, {}, {}, {}, {}, {}, {}, {}, {}, {}, {}, {}, {}, {}, {}, {}, {}, {}, {}, {}, {}, {}, {}, {}, {}, {}, {}, {}, {}, {}, {}, {}, {}, {}, {}, {}, {}, {}, {}, {}, {}, {}, {}, {}, {}, {}, {}, {}, {}, {}, {}, {}, {}, {}, {}, {}, {}, {}, {}, {}, {}, {}, {}, {}, {}, {}, {}, {}]}",2.0666571142412818e-10,,"[546.1056518554688, 550.156005859375, 545.30419921875, 548.58984375, 545.2329711914062, 545.22607421875, 545.4048461914062, 545.3051147460938, 545.25732421875, 547.5321044921875]",[398.9332275390625],[1793.03759765625],[2223.545166015625],[8.53718376159668],[1.378656029701233],
2026-10-05T09:58:39.862815+00:00,continuous coefficient 2D,5,"uniform(2D,8)",S8,S7,S7,"CG(AdditiveSchwarz(torch.float64, Inv(torch.bfloat16), CUDSS, const_dofs_per_coarse=False), bsr_matmul=True)",False,0,1,10,2752512,230759424,"{'iterations': 260, 'residual norms': [0.23042262653948303, 9.552180438516912, 9.555593690255638, 12.851609391983652, 10.259819334708421, 13.202263277679462, 7.951013406798257, 13.859037479490887, 10.905518824599074, 11.258526095946994, 14.076530704891038, 10.555592852646889, 8.37617589771795, 11.639324350010744, 8.23360170848819, 7.042042693174342, 6.258188270075265, 6.020916236990326, 4.825639173289528, 3.912190682392489, 3.354975951209953, 3.3826076739958375, 2.42420221920564, 2.3686132451697484, 1.9744429051504995, 1.5927057681810752, 1.8618090373350455, 1.391016737822022, 1.0621973958313848, 1.0768409990326318, 1.0765138821843483, 0.7030615582560327, 0.4360080705727614, 0.5073970887500362, 0.4784211966451864, 0.2725018041852125, 0.21805707878407235, 0.28151454582939, 0.29768950328677357, 0.17471600099737242, 0.17735563795219872, 0.17582726859108389, 0.1770435544886001, 0.23298502602614468, 0.243609208039503, 0.16432762634377143, 0.13682649073949377, 0.1638495507121903, 0.13252041658992608, 0.12368319277897781, 0.09969387026501589, 0.08254429603862652, 0.04484592178776633, 0.041952585651872654, 0.03226704332200469, 0.029134115238186445, 0.0216728817288067, 0.018912574582858357, 0.0178438759287104, 0.022317592810130186, 0.021334920119487705, 0.027390881576025018, 0.030729624739814308, 0.025411146391040768, 0.0272804456088397, 0.022728853164180936, 0.018750888451452268, 0.021050867957983246, 0.026889124372904243, 0.025219498499197853, 0.016796101328836487, 0.011695042095482291, 0.009639476496021813, 0.009801713003063924, 0.0075684533593951015, 0.006877981607591997, 0.007200580323935136, 0.006729283477303339, 0.006201462705476784, 0.007428996974784665, 0.005177552322517476, 0.0032576029219251014, 0.003297927930094625, 0.003257716451506934, 0.0021279914614326305, 0.0018814074046332356, 0.0020704122281051418, 0.0012045189849969903, 0.0010950611195140255, 0.0010427995073737436, 0.0010126286058611325, 0.0008173057149389011, 0.0009571217890664557, 0.00067399244703872, 0.0006189980911893173, 0.00044182990409648656, 0.0003602120502880391, 0.00026646586498149443, 0.0002734501572715774, 0.0003440485083050094, 0.0003353150946903065, 0.00026270593626855445, 0.0002714534782634893, 0.00032292602623866577, 0.00030359990668576156, 0.0002540150987531368, 0.00023245098494613907, 0.00024757822753147335, 0.00020966040419312295, 0.0002124536219468094, 0.0002221778732133313, 0.0002123303201166985, 0.00015889353034822008, 0.00018542930921079388, 0.00016007445344481922, 0.00016292926544694917, 0.00013566057233446312, 0.00011767555199713214, 0.00010482303581238413, 8.50767536584903e-05, 7.535826280824235e-05, 8.662505638473739e-05, 7.547463806533135e-05, 5.3858914699058106e-05, 6.568181168101428e-05, 6.189855916576703e-05, 5.6333618963491075e-05, 6.615099095651614e-05, 6.15618486642986e-05, 3.96619037718419e-05, 3.57278235422964e-05, 3.751391202307223e-05, 2.903095462402377e-05, 2.6772519015339465e-05, 2.6214744178879405e-05, 1.8631696678423242e-05, 1.5175168467332948e-05, 1.731556919863799e-05, 1.838408764782098e-05, 1.624776303659074e-05, 1.8670822200785034e-05, 2.04296610334804e-05, 1.5021111131793384e-05, 1.0542182735845652e-05, 9.582988895376546e-06, 7.40618429293651e-06, 6.5264629420721746e-06, 5.500869221212081e-06, 5.571022167722649e-06, 4.036035725536147e-06, 2.5475025097207842e-06, 1.8497519146449598e-06, 1.6115288067578652e-06, 1.3620698673207742e-06, 1.25735429040513e-06, 1.5805003776659953e-06, 1.2984413671719938e-06, 1.2394993380951388e-06, 1.1862096983958238e-06, 1.2032538603349332e-06, 1.213255161237132e-06, 1.2910650404202675e-06, 1.2547665944160196e-06, 1.2439474729206356e-06, 1.0774901207089924e-06, 1.1143281090412944e-06, 1.1815134486547255e-06, 1.2959793499045178e-06, 9.857579916643586e-07, 1.0327820988865785e-06, 8.025736514901438e-07, 6.211532615646064e-07, 5.532670209746533e-07, 5.244253263300699e-07, 4.0432919871955997e-07, 3.87686508137635e-07, 4.857262882816275e-07, 3.253912578153305e-07, 2.7278144905870865e-07, 3.0095388075652186e-07, 2.654055087813503e-07, 2.1517439922503337e-07, 2.3481340306597673e-07, 2.342525073087954e-07, 1.8088635535756253e-07, 1.6925455603576625e-07, 1.8768892573733996e-07, 1.6122425053958876e-07, 1.3960206749544578e-07, 1.1712102450266716e-07, 1.209392540395511e-07, 9.054502163240873e-08, 7.800858120344982e-08, 7.914587759783749e-08, 7.832550855193098e-08, 6.351729949501013e-08, 7.341234665177259e-08, 7.528538572302384e-08, 5.940229497823401e-08, 5.0078822080682996e-08, 4.622651178798636e-08, 3.59195020622714e-08, 2.720501753645783e-08, 2.3611900831772455e-08, 2.084308517911246e-08, 2.1059468241240456e-08, 2.1468662038300534e-08, 1.9049772433280893e-08, 1.7438095361112136e-08, 1.4477650276554902e-08, 1.2368945773209301e-08, 1.1203179170958295e-08, 9.830192347143122e-09, 8.266365791317472e-09, 9.26929491792832e-09, 9.394575873387263e-09, 7.777396909287594e-09, 8.638430373879751e-09, 9.034543439364502e-09, 7.548385204594847e-09, 6.466110060795526e-09, 8.184292257317392e-09, 6.433783146100525e-09, 6.2645531678562106e-09, 6.847442283611549e-09, 6.630399887749025e-09, 6.037135354609872e-09, 6.095516684427424e-09, 6.461775644216996e-09, 5.444647477418805e-09, 4.568394289166607e-09, 4.547168034246491e-09, 4.444938964505384e-09, 3.191188664285526e-09, 2.898599414200834e-09, 2.8850098683553703e-09, 2.0361752694627393e-09, 1.4069080847976988e-09, 1.4213277823154619e-09, 1.2959316644916476e-09, 1.0651576387177138e-09, 1.1731131373593885e-09, 1.0903042033502442e-09, 8.727047085249989e-10, 8.471298612071429e-10, 8.230727699838608e-10, 5.678699211943614e-10, 5.201248126641864e-10, 5.055495851037508e-10, 4.738333344196639e-10, 4.1382369097845796e-10, 4.438875882239811e-10, 4.027207146301274e-10, 4.2113991764029955e-10, 3.7812903925918643e-10, 3.4468121885499436e-10, 3.207897242598868e-10, 2.787903762374035e-10, 2.451151398418528e-10, 2.5005244975397e-10, 2.2906226392511045e-10], 'preconditioner metadata': [{}, {}, {}, {}, {}, {}, {}, {}, {}, {}, {}, {}, {}, {}, {}, {}, {}, {}, {}, {}, {}, {}, {}, {}, {}, {}, {}, {}, {}, {}, {}, {}, {}, {}, {}, {}, {}, {}, {}, {}, {}, {}, {}, {}, {}, {}, {}, {}, {}, {}, {}, {}, {}, {}, {}, {}, {}, {}, {}, {}, {}, {}, {}, {}, {}, {}, {}, {}, {}, {}, {}, {}, {}, {}, {}, {}, {}, {}, {}, {}, {}, {}, {}, {}, {}, {}, {}, {}, {}, {}, {}, {}, {}, {}, {}, {}, {}, {}, {}, {}, {}, {}, {}, {}, {}, {}, {}, {}, {}, {}, {}, {}, {}, {}, {}, {}, {}, {}, {}, {}, {}, {}, {}, {}, {}, {}, {}, {}, {}, {}, {}, {}, {}, {}, {}, {}, {}, {}, {}, {}, {}, {}, {}, {}, {}, {}, {}, {}, {}, {}, {}, {}, {}, {}, {}, {}, {}, {}, {}, {}, {}, {}, {}, {}, {}, {}, {}, {}, {}, {}, {}, {}, {}, {}, {}, {}, {}, {}, {}, {}, {}, {}, {}, {}, {}, {}, {}, {}, {}, {}, {}, {}, {}, {}, {}, {}, {}, {}, {}, {}, {}, {}, {}, {}, {}, {}, {}, {}, {}, {}, {}, {}, {}, {}, {}, {}, {}, {}, {}, {}, {}, {}, {}, {}, {}, {}, {}, {}, {}, {}, {}, {}, {}, {}, {}, {}, {}, {}, {}, {}, {}, {}, {}, {}, {}, {}, {}, {}, {}, {}, {}, {}, {}, {}, {}, {}, {}, {}, {}, {}]}",2.2998785065350878e-10,,"[638.5748901367188, 631.4385375976562, 638.2702026367188, 638.1427001953125, 631.85400390625, 635.3910522460938, 631.4348754882812, 631.74072265625, 631.7779541015625, 631.76513671875]",[510.98382568359375],[1769.5540771484375],[1847.7364501953125],[7.801663875579834],[1.5473920106887817],
2026-10-05T09:58:50.750047+00:00,continuous coefficient 2D,5,"uniform(2D,8)",S8,S7,S7,"CG(HybridSchwarz(torch.float64, Inv(torch.bfloat16), CUDSS), bsr_matmul=True)",False,0,1,10,2752512,230759424,"{'iterations': 219, 'residual norms': [9.545064139398871, 8.403956521237703, 11.634558442812429, 9.824086405891046, 7.946197417119835, 13.094980826845338, 10.089202697896257, 11.618973659786173, 10.70339575008646, 7.988411819820983, 9.583125484413666, 6.7865760247396665, 6.073249575144916, 5.324071563870733, 3.890892428106035, 3.03457743862208, 2.7516070428109805, 2.0554423799733543, 1.823416482235296, 1.2031668400429152, 1.1082150458960118, 1.1214468907414867, 0.765859001036869, 0.7089512706943109, 0.7213910605194517, 0.3623096756580415, 0.4611891698393701, 0.36533351050897883, 0.18405814261280848, 0.2216222653835881, 0.22411496208691348, 0.17669021110777447, 0.14628604076530188, 0.1276251542934985, 0.18286412190013515, 0.18608308984477503, 0.1360617607631021, 0.1208802561359048, 0.10553409355263789, 0.1031461437124884, 0.08361480945381768, 0.06484871637651785, 0.0410493713785957, 0.03459699642578591, 0.03306766191977919, 0.024306231759012743, 0.025895513631866193, 0.025062848737311502, 0.029239833431990568, 0.03188073798769249, 0.021999013618051913, 0.023041728791074616, 0.017338130094297584, 0.013391474441244678, 0.014843352448587293, 0.021256494502053653, 0.01325326002526291, 0.010454541569232636, 0.011564725333078934, 0.009749651904061867, 0.012550949318339319, 0.009125788605543203, 0.00927400330809766, 0.009453082681181562, 0.004672062357706711, 0.0037803672158507784, 0.003004997991541422, 0.002094985040531234, 0.002126289514162884, 0.0015162962716792124, 0.0011821045374141835, 0.00121120969392906, 0.000992830541151021, 0.0011485892335385032, 0.0012194401475549373, 0.0010905560665815089, 0.001106312358660388, 0.0007733316309869057, 0.0007863015085891716, 0.0009354249464139895, 0.0010787560014049865, 0.0008223813535407384, 0.000739306229768987, 0.0006080372387917549, 0.00045556375832322304, 0.0004032410079309027, 0.00029588839291232405, 0.00023403254685112519, 0.00022204779095342175, 0.0002514717718882934, 0.00020291984745465417, 0.00024161651223932648, 0.00017718852244418196, 0.0001612793262757686, 0.0001614270327214472, 0.00010552095756075555, 0.00011513279598925505, 8.674224512142563e-05, 7.545242665374357e-05, 8.644668876606873e-05, 6.354918563527967e-05, 7.651940088478064e-05, 7.760907378151495e-05, 5.8213628523997727e-05, 6.425322540222314e-05, 3.9429104134848244e-05, 3.653084422229889e-05, 3.299234434084011e-05, 2.2954332420584106e-05, 2.20750258266903e-05, 1.9517423434048332e-05, 1.723544866786228e-05, 1.5686475453378503e-05, 1.9819380434341552e-05, 1.7685837447774844e-05, 1.798569991002413e-05, 1.484088619861054e-05, 1.1785709656759963e-05, 1.4741132231912592e-05, 1.4535282915060901e-05, 1.3490424284185901e-05, 1.027266926957988e-05, 8.049098403217085e-06, 6.486983531155196e-06, 5.887658288309795e-06, 5.130017081720879e-06, 3.842630005188497e-06, 3.3959743449538123e-06, 2.9834488221953465e-06, 2.671328896818037e-06, 2.7248713999169505e-06, 1.7540147979099375e-06, 1.6910263023505491e-06, 1.639772580947033e-06, 1.39217635347228e-06, 1.8425551564248979e-06, 1.3755436943455326e-06, 1.3715573486262405e-06, 1.193658367798309e-06, 9.314934204837065e-07, 1.0511811538011156e-06, 9.720039194103575e-07, 8.685378595508275e-07, 8.444855150137206e-07, 6.114340413388427e-07, 5.076987765171311e-07, 5.78152912659385e-07, 4.327722870156919e-07, 3.9481354264596666e-07, 3.9622703862057366e-07, 3.161558909009836e-07, 3.318299213369345e-07, 3.03207774690138e-07, 2.5424905821497306e-07, 2.7538276532400084e-07, 2.2112602974765374e-07, 1.9219316418339835e-07, 1.8087701028606168e-07, 1.827842991545146e-07, 1.55918334835375e-07, 1.4763445515490125e-07, 1.4231692128171786e-07, 1.1509968322740027e-07, 1.1746437825945299e-07, 9.331989732632073e-08, 8.700699967047118e-08, 9.49485507648945e-08, 6.208208819779265e-08, 5.46372428498756e-08, 3.9807725280226196e-08, 3.099354653578265e-08, 3.105717196694774e-08, 2.4351668503433637e-08, 2.4284659070532555e-08, 2.4715262240596804e-08, 2.0202074617461986e-08, 1.994252327221468e-08, 1.846884994430992e-08, 1.5499176315090766e-08, 1.666826514190589e-08, 1.3828788391325934e-08, 1.2562078516843272e-08, 1.3879324841588528e-08, 1.2428607468078492e-08, 1.1280862006664e-08, 1.178931197309044e-08, 9.264285178472167e-09, 8.868003156565823e-09, 8.042732815008855e-09, 6.0508848917270015e-09, 5.262794575779401e-09, 4.5248838544842844e-09, 3.857709188769566e-09, 3.830425156665285e-09, 3.812498244027326e-09, 3.0788684015549362e-09, 3.19245991817176e-09, 2.6467846724632675e-09, 2.215596281798833e-09, 2.1987576517100475e-09, 1.7413769606513923e-09, 1.8517013061756741e-09, 1.9590973117922566e-09, 1.6120208719048503e-09, 1.714449683462081e-09, 1.3167897596456955e-09, 9.873473976695414e-10, 8.648083604599161e-10, 6.725044294130415e-10, 6.545963754301158e-10, 6.481502765907893e-10, 5.385796029511563e-10, 4.3836404670938125e-10, 4.2865774634116054e-10, 3.249243767235307e-10, 3.19836906734762e-10, 3.195639592508993e-10, 2.4982924538586435e-10, 2.8622508471640927e-10, 2.191969292036759e-10], 'preconditioner metadata': [{}, {}, {}, {}, {}, {}, {}, {}, {}, {}, {}, {}, {}, {}, {}, {}, {}, {}, {}, {}, {}, {}, {}, {}, {}, {}, {}, {}, {}, {}, {}, {}, {}, {}, {}, {}, {}, {}, {}, {}, {}, {}, {}, {}, {}, {}, {}, {}, {}, {}, {}, {}, {}, {}, {}, {}, {}, {}, {}, {}, {}, {}, {}, {}, {}, {}, {}, {}, {}, {}, {}, {}, {}, {}, {}, {}, {}, {}, {}, {}, {}, {}, {}, {}, {}, {}, {}, {}, {}, {}, {}, {}, {}, {}, {}, {}, {}, {}, {}, {}, {}, {}, {}, {}, {}, {}, {}, {}, {}, {}, {}, {}, {}, {}, {}, {}, {}, {}, {}, {}, {}, {}, {}, {}, {}, {}, {}, {}, {}, {}, {}, {}, {}, {}, {}, {}, {}, {}, {}, {}, {}, {}, {}, {}, {}, {}, {}, {}, {}, {}, {}, {}, {}, {}, {}, {}, {}, {}, {}, {}, {}, {}, {}, {}, {}, {}, {}, {}, {}, {}, {}, {}, {}, {}, {}, {}, {}, {}, {}, {}, {}, {}, {}, {}, {}, {}, {}, {}, {}, {}, {}, {}, {}, {}, {}, {}, {}, {}, {}, {}, {}, {}, {}, {}, {}, {}, {}, {}, {}, {}, {}, {}, {}, {}, {}, {}, {}, {}, {}]}",2.199813670128364e-10,,"[551.1302490234375, 555.756591796875, 550.7111206054688, 555.3406982421875, 551.0354614257812, 554.9578857421875, 553.4485473632812, 550.338134765625, 550.0955810546875, 549.8350830078125]",[402.477294921875],[1789.5279541015625],[2213.08203125],[7.827392101287842],[1.5626239776611328],
2026-10-05T09:59:02.630728+00:00,continuous coefficient 2D,5,"uniform(2D,8)",S8,S7,S7,"CG(AdditiveSchwarz(torch.float32, Inv(), CUDSS, const_dofs_per_coarse=False), bsr_matmul=True)",False,0,1,10,2752512,230759424,"{'iterations': 256, 'residual norms': [0.23042262653948303, 9.5521767843235, 9.552205229843455, 12.84950496336922, 10.258829394306725, 13.18237547374233, 7.952452717112305, 13.862762349986003, 10.890300277279353, 11.236445458136322, 14.112334669282896, 10.549962403336625, 8.382443056345751, 11.652775987165432, 8.191645018664403, 7.067474982758374, 6.069859085460767, 5.860489469360543, 4.882628485767385, 3.8948612851266646, 3.2636554982611137, 3.255892680435102, 2.4314661686605183, 2.410285046180433, 1.7589650609157526, 1.7058177877191785, 1.820795921749229, 1.2846837603394863, 1.0155849405069632, 1.0885148967576457, 1.0263113871957792, 0.6286102350998821, 0.43389926349034463, 0.5080717973093061, 0.4134691022892168, 0.22543177819731097, 0.24266985896965865, 0.2718009664271371, 0.27528485426415644, 0.16493041753139792, 0.17956077716762417, 0.1665324508570499, 0.19416990483568008, 0.2290202709234222, 0.252779189380127, 0.14043179657996757, 0.14165457628457231, 0.16691742128984047, 0.1155312937242588, 0.12736109413375224, 0.09240265357732327, 0.06769175033553405, 0.04072986327636392, 0.04057164219757991, 0.030526467167594697, 0.026793097620599303, 0.019354601191071994, 0.020268325378208506, 0.016825305945002, 0.024350892342823154, 0.02343074039239441, 0.028476268273933198, 0.030812661735528615, 0.0249740700425313, 0.02577744741930271, 0.022024558902533943, 0.018605654343130138, 0.023059540301885676, 0.03054246112209662, 0.01893033965196751, 0.014407594070158635, 0.01115707245504165, 0.009522486641690952, 0.008781065807224956, 0.00741123054128666, 0.007110513975014982, 0.006630584854707644, 0.006262829396896028, 0.00713952090319111, 0.006499336648807202, 0.003906675579639368, 0.0031816974882762417, 0.003436889061512797, 0.002695186627384265, 0.0018022268611393702, 0.0019900022039279737, 0.0016233450977168947, 0.0010472391013976279, 0.0009725343868237733, 0.0011889784156332468, 0.0008048989796664873, 0.0008294574779042883, 0.0009505110366617595, 0.0005431342394450274, 0.0004479109201315795, 0.0003754530389584511, 0.00025161498138292273, 0.00027546218462666717, 0.000338233079233934, 0.000324347554304737, 0.0002454561851946762, 0.00027716161907736874, 0.00030682542128633957, 0.0002760007165530716, 0.00025788965841723346, 0.00025629398404443745, 0.00021225781314396014, 0.0002110045764467252, 0.00022124230091084043, 0.00021541461715544693, 0.00018973422101421897, 0.00017665298099275013, 0.0001611224224662898, 0.00018536363101947202, 0.00013974511602231156, 0.00013887917524839282, 0.00012713171212612348, 0.00010752046656228182, 8.030386705323544e-05, 8.688991306359248e-05, 8.187265166439269e-05, 6.772822435287964e-05, 6.576274067180146e-05, 5.715680339774353e-05, 6.542392682413895e-05, 5.5000889848938663e-05, 7.171770231692756e-05, 5.319557154260667e-05, 4.727934839000071e-05, 3.553528207895241e-05, 3.740246216102473e-05, 3.154839109610003e-05, 2.756474736633181e-05, 2.9545059828904806e-05, 1.9252896643298503e-05, 1.506702759319256e-05, 1.8446969413684105e-05, 1.8396008037106684e-05, 1.76256220669794e-05, 2.0614732055559854e-05, 2.0491647722607803e-05, 1.4670455362714483e-05, 1.0944045084729053e-05, 1.0746923087880298e-05, 7.684597130023018e-06, 6.181809564250373e-06, 6.481385432292801e-06, 6.4795035204962576e-06, 3.7805664958401503e-06, 2.4680418650781897e-06, 2.05068823401367e-06, 1.489103083054712e-06, 1.3158407317233179e-06, 1.2578327358038386e-06, 1.6688616438202317e-06, 1.5062638326557636e-06, 1.103322099883092e-06, 1.211928174824527e-06, 1.356780518480028e-06, 1.1782823329895787e-06, 1.3700853355207456e-06, 1.544781699469241e-06, 1.173403357617066e-06, 1.0491204048145452e-06, 1.2500648037058753e-06, 1.4251406525155712e-06, 1.0181740609881882e-06, 1.1193982186009473e-06, 9.00907544571547e-07, 6.727882847989963e-07, 5.487047810204134e-07, 5.067826047954467e-07, 4.66966307532492e-07, 4.059603872435028e-07, 3.9537043043435246e-07, 3.2507002014884365e-07, 3.410783652725324e-07, 2.876989997462642e-07, 2.550043338228988e-07, 2.6168617345224386e-07, 2.398298581529326e-07, 2.1573756473665902e-07, 2.3340541883259056e-07, 1.7643339190199392e-07, 1.6495250858021105e-07, 2.0537136273150386e-07, 1.728684307561654e-07, 1.2428164820988806e-07, 1.3445521410462355e-07, 9.92228107763541e-08, 8.143279394426607e-08, 7.518844348935285e-08, 6.880702671454657e-08, 6.446293677452921e-08, 6.025233708579591e-08, 6.942322815378017e-08, 6.95627168300204e-08, 5.69441516599154e-08, 4.29035468814477e-08, 4.370321647200007e-08, 3.0386452703077954e-08, 2.0358173013377104e-08, 2.3291564122149e-08, 2.3011062181547367e-08, 1.7795397537548313e-08, 1.982987843122747e-08, 2.037689733104973e-08, 1.3589418577808236e-08, 1.1261651342540076e-08, 1.1565473390645464e-08, 8.604340314220682e-09, 8.378079436658988e-09, 8.992195311786548e-09, 8.979852219650591e-09, 7.321253121069822e-09, 9.823959640036266e-09, 8.833828858971312e-09, 7.066456574961814e-09, 8.175428761785129e-09, 7.984069962973736e-09, 6.842432212563865e-09, 6.323702324385926e-09, 7.62283706507235e-09, 6.26853637388078e-09, 5.976675057275634e-09, 6.96550212663404e-09, 5.591808232487172e-09, 5.073141698336079e-09, 5.218476999642179e-09, 4.6693967271541535e-09, 4.1230246171341335e-09, 2.9757889389140797e-09, 2.927818004970403e-09, 2.411469675641492e-09, 1.865572238673234e-09, 1.2738620379432617e-09, 1.2392478709046457e-09, 1.0074062716536706e-09, 8.174887346139873e-10, 8.990434203270806e-10, 9.676161060330102e-10, 8.555691010072674e-10, 6.821658370521147e-10, 7.666174312007752e-10, 6.250831902536039e-10, 5.897192682212487e-10, 4.5330852901290875e-10, 4.755428317345642e-10, 5.095808167017126e-10, 4.357416656381661e-10, 4.2340245524425515e-10, 4.2563533269745766e-10, 3.3624763143134686e-10, 2.9302338213424913e-10, 3.3515934797945306e-10, 2.7856433839639847e-10, 2.0011456336742168e-10], 'preconditioner metadata': [{}, {}, {}, {}, {}, {}, {}, {}, {}, {}, {}, {}, {}, {}, {}, {}, {}, {}, {}, {}, {}, {}, {}, {}, {}, {}, {}, {}, {}, {}, {}, {}, {}, {}, {}, {}, {}, {}, {}, {}, {}, {}, {}, {}, {}, {}, {}, {}, {}, {}, {}, {}, {}, {}, {}, {}, {}, {}, {}, {}, {}, {}, {}, {}, {}, {}, {}, {}, {}, {}, {}, {}, {}, {}, {}, {}, {}, {}, {}, {}, {}, {}, {}, {}, {}, {}, {}, {}, {}, {}, {}, {}, {}, {}, {}, {}, {}, {}, {}, {}, {}, {}, {}, {}, {}, {}, {}, {}, {}, {}, {}, {}, {}, {}, {}, {}, {}, {}, {}, {}, {}, {}, {}, {}, {}, {}, {}, {}, {}, {}, {}, {}, {}, {}, {}, {}, {}, {}, {}, {}, {}, {}, {}, {}, {}, {}, {}, {}, {}, {}, {}, {}, {}, {}, {}, {}, {}, {}, {}, {}, {}, {}, {}, {}, {}, {}, {}, {}, {}, {}, {}, {}, {}, {}, {}, {}, {}, {}, {}, {}, {}, {}, {}, {}, {}, {}, {}, {}, {}, {}, {}, {}, {}, {}, {}, {}, {}, {}, {}, {}, {}, {}, {}, {}, {}, {}, {}, {}, {}, {}, {}, {}, {}, {}, {}, {}, {}, {}, {}, {}, {}, {}, {}, {}, {}, {}, {}, {}, {}, {}, {}, {}, {}, {}, {}, {}, {}, {}, {}, {}, {}, {}, {}, {}, {}, {}, {}, {}, {}, {}, {}, {}, {}, {}, {}, {}]}",2.0113698092621308e-10,,"[672.4017944335938, 670.322998046875, 670.6574096679688, 676.32861328125, 676.8555297851562, 670.484130859375, 677.840087890625, 674.4712524414062, 670.6869506835938, 672.108642578125]",[515.51025390625],[1813.9266357421875],[1883.944091796875],[1.581279993057251],[1.3810240030288696],
2026-10-05T09:59:13.760438+00:00,continuous coefficient 2D,5,"uniform(2D,8)",S8,S7,S7,"CG(HybridSchwarz(torch.float32, Inv(), CUDSS), bsr_matmul=True)",False,0,1,10,2752512,230759424,"{'iterations': 217, 'residual norms': [9.545074231452144, 8.397956238284, 11.628490616302306, 9.819124971014782, 7.94200209098891, 13.103355786731655, 10.0875771258379, 11.625849101278977, 10.68787570146122, 7.984112716081429, 9.545395402255936, 6.771176168270655, 6.026984476922978, 5.306324262087339, 3.860860168333613, 3.007326543661249, 2.694108387123527, 2.038436127258861, 1.8268949255142248, 1.1877514579748318, 1.0755725236848779, 1.0586442007085903, 0.7391578505488084, 0.7222787437108676, 0.7109827979362509, 0.3462798286302543, 0.4604118702860513, 0.3333275181402184, 0.18021294864312137, 0.22840602710379188, 0.2080025219274861, 0.1768176652367264, 0.1441326126233257, 0.11825446371388194, 0.20203470578480473, 0.16286843111562374, 0.13778300745105904, 0.1186973420064887, 0.10070665164006101, 0.10393983190600893, 0.07472835117785202, 0.05465170430327297, 0.04284116361815985, 0.03299069477394042, 0.03597886487118732, 0.022670585481524695, 0.028851380423224868, 0.025147010692511775, 0.03165493303898651, 0.0318545102154054, 0.019927408498769505, 0.022682402912401808, 0.013569468533698873, 0.014365773856681802, 0.02098892222753288, 0.013493707367091918, 0.012904687094575939, 0.009652781406222036, 0.010187596665307138, 0.01187393453911661, 0.01023502729369213, 0.00911392738132684, 0.009507924964716651, 0.006772839892033189, 0.0038107423580042194, 0.00379849242462521, 0.0022502929295030727, 0.002330944846114991, 0.0016596641482008118, 0.001230462433115828, 0.0012910809366375384, 0.0010361162641811827, 0.0011829099829522337, 0.0011556435343762497, 0.0012019107754738534, 0.0011016718515343916, 0.0007891902495226246, 0.0007473217259081734, 0.0009322732702321487, 0.001051476862910716, 0.0008403070860755323, 0.0007844758624237423, 0.0006169587626276437, 0.0004960954328783404, 0.0004450496912507093, 0.00030417727806932927, 0.00023631571053061304, 0.0002415063060932907, 0.00022280897540930065, 0.00022840106971862018, 0.00022375705765759532, 0.00017942279109271962, 0.0001841677739247234, 0.00014808688863822083, 0.00012111480193277849, 0.00010770004648752599, 9.91413925211934e-05, 7.264502942230534e-05, 9.148748312709515e-05, 6.531349860578944e-05, 7.598849001748958e-05, 7.99254972895135e-05, 6.094120163305121e-05, 6.903167466261871e-05, 4.1678637374653907e-05, 3.8828033218880204e-05, 3.560026345297951e-05, 2.2506026614298484e-05, 2.3794722467681057e-05, 1.994165196027252e-05, 1.555473582645575e-05, 1.819619841927752e-05, 1.6276241246950844e-05, 1.897638551238525e-05, 1.936877601179065e-05, 1.3021216981401684e-05, 1.3291752548604824e-05, 1.4598128834795213e-05, 1.4589400023393784e-05, 1.4073293077901468e-05, 1.0432966270707117e-05, 7.632155707370253e-06, 6.763933360185408e-06, 6.813823505186505e-06, 4.5133016812954105e-06, 4.1037493602512695e-06, 3.286585312969402e-06, 2.712837991146362e-06, 3.411488757433101e-06, 2.0951600284785284e-06, 1.8838284471391728e-06, 1.5832139099696197e-06, 1.5497543889149534e-06, 1.7030191414881037e-06, 1.6092109884134101e-06, 1.4857177564676366e-06, 1.2640620671178333e-06, 1.1516877667436803e-06, 1.0067042101619113e-06, 1.0239176402784762e-06, 9.666940178582856e-07, 8.955633852523181e-07, 8.105912441856217e-07, 5.543427772409581e-07, 5.527011413758795e-07, 5.251234459228631e-07, 4.4263999625606514e-07, 4.0132270634966083e-07, 3.9168972825780777e-07, 3.101106268403339e-07, 3.405261260591735e-07, 2.882509534364295e-07, 2.623918973229028e-07, 2.895620622718482e-07, 1.9902202774152913e-07, 1.9537533771543155e-07, 1.9653185855308786e-07, 1.542703667165761e-07, 1.9177368495797568e-07, 1.3607790252922804e-07, 1.2938072702639215e-07, 1.3777860337480085e-07, 9.569327932835293e-08, 9.97801331667012e-08, 9.273764937291706e-08, 7.725292203969013e-08, 7.194366032360278e-08, 4.1443773858751834e-08, 3.648003256958494e-08, 3.1057547152341315e-08, 2.6855674523564238e-08, 2.543333730736348e-08, 2.3286850550415106e-08, 2.3251488844541378e-08, 2.1071367334302892e-08, 2.001022596013649e-08, 1.6147624273895994e-08, 1.8790953048970483e-08, 1.4559380226725602e-08, 1.3202203185719314e-08, 1.4633732973982456e-08, 1.205539123371333e-08, 1.2350775106975805e-08, 1.1728140633726802e-08, 1.0003327666736105e-08, 9.366149796123455e-09, 9.431918844997252e-09, 6.507609810773952e-09, 5.8391173694603234e-09, 5.080623682673834e-09, 3.698569850873365e-09, 4.1695598953853965e-09, 4.001020893995957e-09, 3.2351672628232347e-09, 3.349036187001576e-09, 2.6843942693545537e-09, 2.332284417228071e-09, 2.2170285288105693e-09, 1.6731285807733362e-09, 2.015833641461411e-09, 1.7869044956458562e-09, 1.8377774666773112e-09, 1.6961394597740862e-09, 1.3673797317723136e-09, 1.1744824638126788e-09, 9.146868589115972e-10, 6.973663413336348e-10, 6.671753309277933e-10, 6.748403618302705e-10, 5.308275442141916e-10, 5.32256301818385e-10, 4.1418593103050094e-10, 3.5168374511256786e-10, 3.7502733109920185e-10, 2.930410041009179e-10, 2.7899581392388025e-10, 3.1974627449703935e-10, 2.0498901897427865e-10], 'preconditioner metadata': [{}, {}, {}, {}, {}, {}, {}, {}, {}, {}, {}, {}, {}, {}, {}, {}, {}, {}, {}, {}, {}, {}, {}, {}, {}, {}, {}, {}, {}, {}, {}, {}, {}, {}, {}, {}, {}, {}, {}, {}, {}, {}, {}, {}, {}, {}, {}, {}, {}, {}, {}, {}, {}, {}, {}, {}, {}, {}, {}, {}, {}, {}, {}, {}, {}, {}, {}, {}, {}, {}, {}, {}, {}, {}, {}, {}, {}, {}, {}, {}, {}, {}, {}, {}, {}, {}, {}, {}, {}, {}, {}, {}, {}, {}, {}, {}, {}, {}, {}, {}, {}, {}, {}, {}, {}, {}, {}, {}, {}, {}, {}, {}, {}, {}, {}, {}, {}, {}, {}, {}, {}, {}, {}, {}, {}, {}, {}, {}, {}, {}, {}, {}, {}, {}, {}, {}, {}, {}, {}, {}, {}, {}, {}, {}, {}, {}, {}, {}, {}, {}, {}, {}, {}, {}, {}, {}, {}, {}, {}, {}, {}, {}, {}, {}, {}, {}, {}, {}, {}, {}, {}, {}, {}, {}, {}, {}, {}, {}, {}, {}, {}, {}, {}, {}, {}, {}, {}, {}, {}, {}, {}, {}, {}, {}, {}, {}, {}, {}, {}, {}, {}, {}, {}, {}, {}, {}, {}, {}, {}, {}, {}, {}, {}, {}, {}, {}, {}]}",2.0584197946402048e-10,,"[581.8963012695312, 580.6349487304688, 581.7098388671875, 581.352294921875, 581.3554077148438, 584.5103149414062, 581.0494384765625, 586.6751708984375, 587.9549560546875, 581.2925415039062]",[351.2459716796875],[1822.1756591796875],[2157.859375],[1.7371840476989746],[1.556704044342041],
2026-10-05T09:59:24.713306+00:00,continuous coefficient 2D,5,"uniform(2D,8)",S8,S7,S7,"CG(AdditiveSchwarz(torch.float32, Inv(torch.float16), CUDSS, const_dofs_per_coarse=False), bsr_matmul=True)",False,0,1,10,2752512,230759424,"{'iterations': 256, 'residual norms': [0.23042262653948303, 9.552176181999679, 9.552260417134356, 12.849470110676371, 10.258820060877369, 13.182061711711757, 7.952485100207789, 13.862902345578867, 10.89027384563408, 11.235910409458297, 14.110677621632323, 10.549624493099072, 8.382110897539295, 11.651609270352276, 8.191588490976851, 7.067249813274842, 6.071595030784992, 5.86316298439858, 4.8814532939449435, 3.8944864999526065, 3.264930264324434, 3.2596405791193965, 2.4295005266153544, 2.4029962504532913, 1.7714755353053673, 1.6885616422594805, 1.8170390568260384, 1.2877262559759683, 1.0239723859914447, 1.0824795000995793, 1.024037789764297, 0.6402091641833569, 0.43095101025458865, 0.5092367588252288, 0.42571647922796385, 0.23022741914999964, 0.23645188297371758, 0.2720552591785114, 0.2778998321155919, 0.16567187104485218, 0.1782589253552261, 0.16846053155246493, 0.18908157446877935, 0.2282950617087703, 0.250273631542332, 0.1433512270504816, 0.14002320226890524, 0.16894104150030972, 0.11560079570390142, 0.1269612976822519, 0.09300751277943546, 0.06965837210071349, 0.04068379823737229, 0.04099077722528943, 0.03076965329237814, 0.02695428364165013, 0.019463666021311818, 0.020134544022859496, 0.016845237864372673, 0.024273249327550633, 0.02310517865101612, 0.028009262223660677, 0.030649612390096347, 0.0249787675091687, 0.025957625649016575, 0.02219679361743254, 0.01857755369955191, 0.022519569980902824, 0.030349909664355777, 0.019312218083156137, 0.0143259542289175, 0.011210643938928918, 0.009614814908771488, 0.008732404532427561, 0.007413543437274307, 0.007013663510548983, 0.006663042029515671, 0.006266827427028719, 0.007044084995016934, 0.006669546311207732, 0.003962332360574906, 0.0031693793353853882, 0.0033973546038247237, 0.0027692915152384276, 0.0018302974134638637, 0.0019538628847120426, 0.0017454083057907885, 0.0010433137430552522, 0.0009844188776616653, 0.0011758595147133544, 0.000878113106388138, 0.0007739674494143569, 0.0009818217251075514, 0.0005554340733561917, 0.000454481268222875, 0.0003774447443877648, 0.0002593009187408604, 0.00027102780407419093, 0.0003273434629582905, 0.0003348727161734988, 0.0002485636783454884, 0.00026781219065545115, 0.00030735670966204197, 0.0002865517105421088, 0.0002531736519274319, 0.0002542800964683537, 0.00021705011289854115, 0.00020828242653074755, 0.00021459109807531524, 0.0002207782181637042, 0.0001931981767980772, 0.00017621005033471428, 0.00015846212915174342, 0.00018811278839912413, 0.00013890854306690265, 0.00014296568795504804, 0.00012836688441239245, 0.00010786902346388807, 8.213719323316827e-05, 8.570228973430058e-05, 8.054884794075692e-05, 7.101366177517544e-05, 6.607851461293038e-05, 5.574293065772857e-05, 6.64435554344614e-05, 5.444516612945375e-05, 6.89830286905892e-05, 5.539278684645164e-05, 4.9764456073893996e-05, 3.493638463112458e-05, 3.703029093338115e-05, 3.2554687052258815e-05, 2.71341872449862e-05, 2.971703665116055e-05, 2.068698833596217e-05, 1.5051538379472751e-05, 1.7171327365578183e-05, 1.874589301905387e-05, 1.7973292498272892e-05, 1.914116448431001e-05, 2.0992887388881928e-05, 1.6327433661775602e-05, 1.0649974232035626e-05, 1.0567401023582365e-05, 8.291419980890574e-06, 6.1606952279709885e-06, 6.1049407664239295e-06, 6.568133118205826e-06, 4.2034569573000226e-06, 2.560620042994872e-06, 1.9832236758309994e-06, 1.52463694133323e-06, 1.359944004295335e-06, 1.1927269519014091e-06, 1.5629484902747112e-06, 1.5806842155851738e-06, 1.1380996684439274e-06, 1.1008069646695698e-06, 1.3680030765301564e-06, 1.1765631910567579e-06, 1.3024204505047815e-06, 1.536130415918436e-06, 1.2257359913874907e-06, 1.027997729012089e-06, 1.131258287807493e-06, 1.4068531555503254e-06, 1.034052155620199e-06, 1.1024668910189976e-06, 9.308547116201636e-07, 6.90102359546136e-07, 5.448035700306428e-07, 5.074750996935778e-07, 4.7112187733788e-07, 4.0008455324240047e-07, 3.956051236835145e-07, 3.2799992242594207e-07, 3.3080016183762683e-07, 2.9004999408862036e-07, 2.5667158471940013e-07, 2.5770598097520324e-07, 2.3797635907487919e-07, 2.1561396872176718e-07, 2.308052858561877e-07, 1.7616831040553466e-07, 1.652515733645393e-07, 1.9667406240115464e-07, 1.74497178215412e-07, 1.2870421597393518e-07, 1.2941991678888976e-07, 1.0231036684029783e-07, 8.902340368040896e-08, 7.226933170503838e-08, 6.76824095387292e-08, 6.896450368439883e-08, 5.998171413666187e-08, 6.371230541401438e-08, 7.52440844883639e-08, 6.066714762833175e-08, 4.384148733852402e-08, 4.241842166223784e-08, 3.4320557382094916e-08, 2.11043616648561e-08, 2.2428539373980975e-08, 2.311257182870772e-08, 1.9651752689820135e-08, 1.8333126031512488e-08, 2.0555613637995755e-08, 1.635707455804713e-08, 1.1047426353123792e-08, 1.1227673970205173e-08, 9.955759132079655e-09, 8.292443594546542e-09, 7.911095884236483e-09, 9.96822277147355e-09, 7.186762159054197e-09, 8.919986216281755e-09, 9.262295494507763e-09, 7.405594683166406e-09, 7.063105482375123e-09, 8.147396525876389e-09, 7.189073152746276e-09, 6.08936164383275e-09, 7.376310270033141e-09, 6.5576098714476795e-09, 5.844314157512211e-09, 6.604022975206855e-09, 5.86483512272114e-09, 5.219972511512012e-09, 5.0481852886021694e-09, 4.7096079319209e-09, 4.6338819125272615e-09, 2.9481681982057745e-09, 2.9350694804489527e-09, 2.620590179354006e-09, 2.065373850497122e-09, 1.2986534562038638e-09, 1.2522383539621247e-09, 1.0722488959588051e-09, 8.418560527073726e-10, 8.755448115692431e-10, 9.829102133481086e-10, 8.730970898254338e-10, 7.067937235555353e-10, 7.4908158784777e-10, 6.224439048987312e-10, 6.201291078576936e-10, 4.672218506165565e-10, 4.576919882682798e-10, 5.08724124727227e-10, 4.704109317422212e-10, 3.981588662033853e-10, 4.23126620287342e-10, 3.4667264481861454e-10, 2.9938451636128716e-10, 3.182444657769762e-10, 2.89260499062663e-10, 2.0666496824862491e-10], 'preconditioner metadata': [{}, {}, {}, {}, {}, {}, {}, {}, {}, {}, {}, {}, {}, {}, {}, {}, {}, {}, {}, {}, {}, {}, {}, {}, {}, {}, {}, {}, {}, {}, {}, {}, {}, {}, {}, {}, {}, {}, {}, {}, {}, {}, {}, {}, {}, {}, {}, {}, {}, {}, {}, {}, {}, {}, {}, {}, {}, {}, {}, {}, {}, {}, {}, {}, {}, {}, {}, {}, {}, {}, {}, {}, {}, {}, {}, {}, {}, {}, {}, {}, {}, {}, {}, {}, {}, {}, {}, {}, {}, {}, {}, {}, {}, {}, {}, {}, {}, {}, {}, {}, {}, {}, {}, {}, {}, {}, {}, {}, {}, {}, {}, {}, {}, {}, {}, {}, {}, {}, {}, {}, {}, {}, {}, {}, {}, {}, {}, {}, {}, {}, {}, {}, {}, {}, {}, {}, {}, {}, {}, {}, {}, {}, {}, {}, {}, {}, {}, {}, {}, {}, {}, {}, {}, {}, {}, {}, {}, {}, {}, {}, {}, {}, {}, {}, {}, {}, {}, {}, {}, {}, {}, {}, {}, {}, {}, {}, {}, {}, {}, {}, {}, {}, {}, {}, {}, {}, {}, {}, {}, {}, {}, {}, {}, {}, {}, {}, {}, {}, {}, {}, {}, {}, {}, {}, {}, {}, {}, {}, {}, {}, {}, {}, {}, {}, {}, {}, {}, {}, {}, {}, {}, {}, {}, {}, {}, {}, {}, {}, {}, {}, {}, {}, {}, {}, {}, {}, {}, {}, {}, {}, {}, {}, {}, {}, {}, {}, {}, {}, {}, {}, {}, {}, {}, {}, {}, {}]}",2.076472477307287e-10,,"[607.1425170898438, 604.966552734375, 604.862060546875, 604.8333129882812, 604.8717041015625, 605.6761474609375, 605.384033203125, 605.88623046875, 609.9971923828125, 605.0829467773438]",[423.79974365234375],[1802.864013671875],[1870.31640625],[1.7575039863586426],[1.6934720277786255],
2026-10-05T09:59:35.141563+00:00,continuous coefficient 2D,5,"uniform(2D,8)",S8,S7,S7,"CG(HybridSchwarz(torch.float32, Inv(torch.float16), CUDSS), bsr_matmul=True)",False,0,1,10,2752512,230759424,"{'iterations': 217, 'residual norms': [9.545072037941274, 8.397984676083592, 11.628475593247929, 9.81915249550741, 7.942019887787709, 13.103220777458969, 10.08759178856794, 11.625673935356534, 10.688034203454002, 7.984060381641042, 9.545667165914468, 6.771226298279018, 6.027315801735227, 5.3063439877387095, 3.861084031327056, 3.0075165992569146, 2.694650044245229, 2.0385665218117888, 1.8267635718533188, 1.1879351932941442, 1.0760536601965938, 1.0597404778121429, 0.7399210474194045, 0.7221277700101956, 0.7115272361490472, 0.3466153905917959, 0.46080333594178624, 0.3340986790735176, 0.18043739022226632, 0.228100170939447, 0.20998841454565537, 0.1764422592608111, 0.14413118454433424, 0.11933905685016244, 0.20061923634217685, 0.16439148535026937, 0.13633229190462878, 0.11752368564024336, 0.10155809673228898, 0.1030496048648422, 0.07658682640829512, 0.05688452505353294, 0.04168903075244279, 0.03306091911851893, 0.03567017335961776, 0.02262780124804748, 0.028710666015208598, 0.025194037546983898, 0.03164080294091177, 0.031967249663717154, 0.019956314985655078, 0.023408547233027238, 0.01362177682992271, 0.013984437603024657, 0.020382997890693155, 0.014063106961211063, 0.0126934160462797, 0.00980030514206891, 0.010215141448424028, 0.01143320783344281, 0.01043183082221916, 0.008815328371136999, 0.009512315582920223, 0.006997938030268031, 0.0037972980038975873, 0.003852921898003187, 0.002278677137197355, 0.0022738629935537447, 0.0017300144841562277, 0.0012195787388231862, 0.0012983992593045125, 0.0010522284123675304, 0.0011003593833901083, 0.001179833959218886, 0.0011622334761973484, 0.0011056718220755371, 0.0008396393247964351, 0.0007095808342128692, 0.0009620615966330895, 0.001011602176071765, 0.0008692585659105027, 0.0008038836978657698, 0.0006125764830402789, 0.0005267170784487611, 0.0004285697008567511, 0.0003241098020653855, 0.0002352386807395138, 0.000235296692038404, 0.00023045301796008512, 0.00022019299241263086, 0.00022871443379782777, 0.00018617340834544433, 0.00017710444235617055, 0.00015836646456589764, 0.00012413706820726104, 0.00010595341248088725, 0.00010624896146695587, 7.211713434360367e-05, 9.135860175418193e-05, 6.78424956256099e-05, 7.063051192193894e-05, 8.127311779730599e-05, 6.125019312506105e-05, 6.538408837032146e-05, 4.66358387793386e-05, 3.534821598505998e-05, 3.7180576624414015e-05, 2.4033573057176434e-05, 2.1604250795318986e-05, 2.330028027883556e-05, 1.4630022155208737e-05, 1.858298977776736e-05, 1.651698825330082e-05, 1.7919516037710836e-05, 2.0664061948748347e-05, 1.3067330745890457e-05, 1.318662086995957e-05, 1.3882026785018902e-05, 1.5183644214323839e-05, 1.4024376109501064e-05, 1.086511127091245e-05, 8.079615951511076e-06, 6.542552040757063e-06, 7.218423966332934e-06, 4.490017644498489e-06, 4.103723407794435e-06, 3.411896854762271e-06, 2.663567645774244e-06, 3.424932213308889e-06, 2.1333670999601516e-06, 1.8897219171596777e-06, 1.6024124740684172e-06, 1.5457005797467948e-06, 1.6678668205974533e-06, 1.6011015685027346e-06, 1.4865684997609342e-06, 1.2655585964148178e-06, 1.166293320343934e-06, 9.766517828013066e-07, 1.022796854574258e-06, 9.565171292073819e-07, 8.833912092022994e-07, 8.324920630850547e-07, 5.812062624804818e-07, 5.475820619925747e-07, 5.464051140096805e-07, 4.6240556879269116e-07, 4.0265815366125396e-07, 3.9687900692724383e-07, 3.230647555188796e-07, 3.29356991610259e-07, 3.104524902879667e-07, 2.5974515314787784e-07, 2.8853701390571976e-07, 2.311807825646943e-07, 1.794593534032995e-07, 2.1051440602477541e-07, 1.619599523008783e-07, 1.7200233288580958e-07, 1.63588528587566e-07, 1.1855122659882154e-07, 1.396995758439564e-07, 1.0386473971532712e-07, 9.207885820607629e-08, 1.0029127565166676e-07, 7.474345157330715e-08, 7.495439323203837e-08, 4.329705012237165e-08, 3.691673882631902e-08, 3.126389689871196e-08, 2.760098637274088e-08, 2.4665682808905644e-08, 2.3887269980155792e-08, 2.3661176887223654e-08, 2.038109523473972e-08, 2.1153788212905398e-08, 1.566813300634382e-08, 1.848794825916225e-08, 1.517484866452874e-08, 1.2608099762141422e-08, 1.4736601009675466e-08, 1.2080122671875441e-08, 1.1939658588496249e-08, 1.2164627711849507e-08, 9.893218873154765e-09, 9.60955234846992e-09, 9.192818712334462e-09, 7.0187926972736275e-09, 5.643603342931048e-09, 5.113554133754758e-09, 3.840741929321859e-09, 3.907150615180634e-09, 4.207048079391031e-09, 3.2254952300069638e-09, 3.263837671214194e-09, 2.8863173129371035e-09, 2.335277694897365e-09, 2.3474371196828527e-09, 1.8227674747652314e-09, 1.825740594381613e-09, 1.9629369312552863e-09, 1.7787723768982928e-09, 1.7508499096733553e-09, 1.484808786199042e-09, 1.1542017407139653e-09, 1.0153000340868262e-09, 7.058859125698005e-10, 6.73350868932543e-10, 6.607633572139182e-10, 5.799268539890861e-10, 4.956545167919574e-10, 4.640348612456505e-10, 3.5181545307367125e-10, 3.444167648918147e-10, 3.376497067475898e-10, 2.469603942732517e-10, 3.520103871290435e-10, 2.060278993132793e-10], 'preconditioner metadata': [{}, {}, {}, {}, {}, {}, {}, {}, {}, {}, {}, {}, {}, {}, {}, {}, {}, {}, {}, {}, {}, {}, {}, {}, {}, {}, {}, {}, {}, {}, {}, {}, {}, {}, {}, {}, {}, {}, {}, {}, {}, {}, {}, {}, {}, {}, {}, {}, {}, {}, {}, {}, {}, {}, {}, {}, {}, {}, {}, {}, {}, {}, {}, {}, {}, {}, {}, {}, {}, {}, {}, {}, {}, {}, {}, {}, {}, {}, {}, {}, {}, {}, {}, {}, {}, {}, {}, {}, {}, {}, {}, {}, {}, {}, {}, {}, {}, {}, {}, {}, {}, {}, {}, {}, {}, {}, {}, {}, {}, {}, {}, {}, {}, {}, {}, {}, {}, {}, {}, {}, {}, {}, {}, {}, {}, {}, {}, {}, {}, {}, {}, {}, {}, {}, {}, {}, {}, {}, {}, {}, {}, {}, {}, {}, {}, {}, {}, {}, {}, {}, {}, {}, {}, {}, {}, {}, {}, {}, {}, {}, {}, {}, {}, {}, {}, {}, {}, {}, {}, {}, {}, {}, {}, {}, {}, {}, {}, {}, {}, {}, {}, {}, {}, {}, {}, {}, {}, {}, {}, {}, {}, {}, {}, {}, {}, {}, {}, {}, {}, {}, {}, {}, {}, {}, {}, {}, {}, {}, {}, {}, {}, {}, {}, {}, {}, {}, {}]}",2.0687123086033159e-10,,"[534.4338989257812, 524.5235595703125, 524.40380859375, 524.6011352539062, 524.2007446289062, 524.7564086914062, 524.7300415039062, 524.6106567382812, 525.4035034179688, 524.40966796875]",[431.84722900390625],[1839.6214599609375],[2177.00048828125],[1.5571520328521729],[1.398751974105835],
2026-10-05T09:59:46.528636+00:00,continuous coefficient 2D,5,"uniform(2D,8)",S8,S7,S7,"CG(AdditiveSchwarz(torch.float32, Inv(torch.bfloat16), CUDSS, const_dofs_per_coarse=False), bsr_matmul=True)",False,0,1,10,2752512,230759424,"{'iterations': 261, 'residual norms': [0.23042262653948303, 9.552177442801096, 9.555632990977248, 12.851607932204589, 10.259807913615525, 13.202588035626523, 7.9509413907737185, 13.859221930437482, 10.904971586447935, 11.258482727110556, 14.07663647910314, 10.555532380331485, 8.376411955291587, 11.639134320699332, 8.233717227015598, 7.0422320257850295, 6.258762908893947, 6.021239243815274, 4.826023303475103, 3.9123219519321744, 3.3545139913346036, 3.3820506890766118, 2.4243092951645417, 2.368260933509027, 1.973427506540429, 1.592782174634295, 1.861846090319683, 1.3903601306602233, 1.061820566058724, 1.0768978728671381, 1.076005242843945, 0.7028474594447455, 0.43598542328065915, 0.5073497874323976, 0.478730462205979, 0.2725510949371513, 0.21804071845001477, 0.28151902446545995, 0.29770071219514443, 0.17469879453735662, 0.1773973367411544, 0.17584009971893047, 0.17707793814702852, 0.23298373013855728, 0.24363232152779163, 0.16440361441480705, 0.1367804070856035, 0.1639504806585117, 0.13267425105018732, 0.12356828102035296, 0.09988315735741887, 0.08256063209968655, 0.044836006274141395, 0.04198905053949958, 0.03225008653208867, 0.029150595791939824, 0.021690777880694262, 0.018905885971988348, 0.01784527960682433, 0.022337281175150554, 0.021353384898795187, 0.02735397961592683, 0.030746850380354882, 0.025445696040294404, 0.027273746693976888, 0.022749616873722248, 0.018762537749078448, 0.02105391635276782, 0.026964742219015906, 0.025248065050302127, 0.016768644030193333, 0.011702259612892804, 0.009658536190774981, 0.009792137148846419, 0.007583028459160632, 0.006882558744004393, 0.007211406188091215, 0.006745782531019149, 0.006206426794027617, 0.007438028135073308, 0.005205346975210406, 0.0032649409483492546, 0.0032992677646929845, 0.0032671756372511865, 0.0021303950397543346, 0.0018854038042906349, 0.0020752882844480014, 0.0012064357753393004, 0.0010953014549413716, 0.0010458356438194103, 0.0010133913145581588, 0.0008180375902955828, 0.0009587313565670296, 0.0006753022200188299, 0.0006189591977149003, 0.00044336765969061806, 0.00036069914957681027, 0.00026640024555493156, 0.00027394192668132405, 0.0003451181640857448, 0.0003352517553676924, 0.00026302594822256287, 0.00027190990841197404, 0.00032363684129583034, 0.00030336896240874687, 0.0002546309153854124, 0.00023260703406098826, 0.0002478851122884113, 0.00021039214247899646, 0.00021239534610896065, 0.000222652480907273, 0.00021313743826157475, 0.00015904338832124114, 0.00018586198774770148, 0.0001605232228328988, 0.00016291630553812227, 0.000136056216205977, 0.00011803164001550423, 0.00010476314177299502, 8.538424917403719e-05, 7.555890619827374e-05, 8.670041555983068e-05, 7.577509959610168e-05, 5.408553623141536e-05, 6.601754559647754e-05, 6.248567819807975e-05, 5.64234015886252e-05, 6.628216966409251e-05, 6.201286818674509e-05, 3.9886208085432386e-05, 3.578529326891693e-05, 3.7762309915195105e-05, 2.9204584201554052e-05, 2.6804198550812093e-05, 2.6340924370394815e-05, 1.8832530235893697e-05, 1.5307752725828748e-05, 1.7322354693375736e-05, 1.850814460855307e-05, 1.6263673893867646e-05, 1.8776051919578335e-05, 2.0634051470036328e-05, 1.5172329381526694e-05, 1.084948300633483e-05, 9.767486461460484e-06, 7.448898663470787e-06, 6.530219876500222e-06, 5.604436406071421e-06, 5.73110091856549e-06, 4.509105913960327e-06, 2.6364216933098316e-06, 1.8972103564941492e-06, 1.6395345022263208e-06, 1.3974236769676022e-06, 1.2446647496896716e-06, 1.5648976489068197e-06, 1.3562429696715857e-06, 1.2520708411024347e-06, 1.155950512805579e-06, 1.229285734657189e-06, 1.239624927163056e-06, 1.349507543281164e-06, 1.2065805273612219e-06, 1.2643848268206819e-06, 1.0960330549147134e-06, 1.1136374885231172e-06, 1.185720480607257e-06, 1.3475797632123996e-06, 1.019249094533503e-06, 1.0189477522088609e-06, 8.456969808196256e-07, 6.100781298056377e-07, 5.774892747922797e-07, 5.236576875777218e-07, 4.284181266967119e-07, 3.720247223872253e-07, 4.819769910911862e-07, 3.4996765733825893e-07, 2.799546894197718e-07, 2.946596942978498e-07, 2.827126311550834e-07, 2.1879684072161257e-07, 2.2706459830699619e-07, 2.4248066309990045e-07, 1.869623940222883e-07, 1.6923393377699665e-07, 1.8269409243123683e-07, 1.6738555216491507e-07, 1.3902230181578425e-07, 1.175819239848921e-07, 1.2579305496698383e-07, 1.012698117664518e-07, 7.546448385884028e-08, 7.900498016078453e-08, 8.048370018763068e-08, 6.425123165959078e-08, 7.36598460584476e-08, 7.793093532276091e-08, 6.166090020755496e-08, 5.19613411918971e-08, 4.579669864422451e-08, 3.6470949917131306e-08, 2.8564126644440028e-08, 2.4027684897100364e-08, 2.1405213604865877e-08, 2.1377681255357645e-08, 2.1042242412266392e-08, 1.9982617704229484e-08, 1.7979448384598253e-08, 1.5605193652779412e-08, 1.3037740478659988e-08, 1.1285141132179496e-08, 1.040581697507286e-08, 8.518506249811243e-09, 8.711476859328467e-09, 9.980947177255203e-09, 7.908152793226118e-09, 8.460940299145211e-09, 9.377344889620563e-09, 7.55796303718515e-09, 6.8990161172415695e-09, 7.927261457055315e-09, 7.130807073896773e-09, 6.0796181100826885e-09, 6.83651830563101e-09, 6.784801230222755e-09, 6.27291041474885e-09, 5.895843325088009e-09, 6.596428846550345e-09, 5.889039235659349e-09, 4.869772658890784e-09, 4.312176673019541e-09, 4.483424080312492e-09, 3.635270081275543e-09, 2.9281939024831176e-09, 2.9404695843557983e-09, 2.3480205598456596e-09, 1.5332545095971553e-09, 1.3987158221039865e-09, 1.411981241404959e-09, 1.0822340067282949e-09, 1.1397958083717902e-09, 1.1867094138993755e-09, 9.103582529709617e-10, 8.15575394761163e-10, 8.592003018243509e-10, 6.581593213729134e-10, 5.394819993564942e-10, 4.920084055760275e-10, 5.107147042052464e-10, 4.3372818813696516e-10, 4.4163477279720854e-10, 4.3095262883892465e-10, 4.0984012602999686e-10, 4.101080578291699e-10, 3.524310751854889e-10, 3.3364388165225353e-10, 2.7846268855489203e-10, 2.5619224688007167e-10, 2.4734899442257773e-10, 2.543767396995388e-10, 1.7307830608840912e-10], 'preconditioner metadata': [{}, {}, {}, {}, {}, {}, {}, {}, {}, {}, {}, {}, {}, {}, {}, {}, {}, {}, {}, {}, {}, {}, {}, {}, {}, {}, {}, {}, {}, {}, {}, {}, {}, {}, {}, {}, {}, {}, {}, {}, {}, {}, {}, {}, {}, {}, {}, {}, {}, {}, {}, {}, {}, {}, {}, {}, {}, {}, {}, {}, {}, {}, {}, {}, {}, {}, {}, {}, {}, {}, {}, {}, {}, {}, {}, {}, {}, {}, {}, {}, {}, {}, {}, {}, {}, {}, {}, {}, {}, {}, {}, {}, {}, {}, {}, {}, {}, {}, {}, {}, {}, {}, {}, {}, {}, {}, {}, {}, {}, {}, {}, {}, {}, {}, {}, {}, {}, {}, {}, {}, {}, {}, {}, {}, {}, {}, {}, {}, {}, {}, {}, {}, {}, {}, {}, {}, {}, {}, {}, {}, {}, {}, {}, {}, {}, {}, {}, {}, {}, {}, {}, {}, {}, {}, {}, {}, {}, {}, {}, {}, {}, {}, {}, {}, {}, {}, {}, {}, {}, {}, {}, {}, {}, {}, {}, {}, {}, {}, {}, {}, {}, {}, {}, {}, {}, {}, {}, {}, {}, {}, {}, {}, {}, {}, {}, {}, {}, {}, {}, {}, {}, {}, {}, {}, {}, {}, {}, {}, {}, {}, {}, {}, {}, {}, {}, {}, {}, {}, {}, {}, {}, {}, {}, {}, {}, {}, {}, {}, {}, {}, {}, {}, {}, {}, {}, {}, {}, {}, {}, {}, {}, {}, {}, {}, {}, {}, {}, {}, {}, {}, {}, {}, {}, {}, {}, {}, {}, {}, {}, {}, {}]}",1.7429841728741312e-10,,"[618.4107666015625, 616.683837890625, 617.3209228515625, 616.6079711914062, 620.2210693359375, 616.669189453125, 616.7702026367188, 617.05615234375, 617.1605834960938, 616.6063232421875]",[476.36370849609375],[1848.013427734375],[1884.025146484375],[1.5811840295791626],[1.4511359930038452],
2026-10-05T09:59:57.265680+00:00,continuous coefficient 2D,5,"uniform(2D,8)",S8,S7,S7,"CG(HybridSchwarz(torch.float32, Inv(torch.bfloat16), CUDSS), bsr_matmul=True)",False,0,1,10,2752512,230759424,"{'iterations': 219, 'residual norms': [9.545072284922377, 8.404024892494473, 11.634507770779086, 9.824152557665244, 7.946146071989724, 13.095354039712587, 10.089036093640212, 11.6192167745151, 10.703223891282192, 7.988515949805065, 9.583095480355865, 6.78687450559357, 6.073339787784158, 5.324254397415573, 3.8915047343317766, 3.034706327089675, 2.751814085269741, 2.0554443740047663, 1.8236488908909532, 1.2032496559980117, 1.108451606033055, 1.121371510235826, 0.766019513820228, 0.7087893185758365, 0.721567054221544, 0.3623571543104651, 0.461113936921594, 0.36554516908490026, 0.1840943269715667, 0.22159776008154408, 0.22416828737097333, 0.17674062657868203, 0.14639719856086497, 0.12763306717237774, 0.18286175556937723, 0.18636395789863155, 0.13599266771690557, 0.12108036780601714, 0.10548395783569307, 0.10323491735120043, 0.08361074051382433, 0.06486794603645069, 0.04103711442637485, 0.03461223359838169, 0.03307266985938297, 0.024323008933223846, 0.02590386298898488, 0.025098133728224056, 0.02922892166636063, 0.03196690510365756, 0.021971915452554138, 0.023099254466181097, 0.017317421977885942, 0.013387900628138385, 0.014889759349912038, 0.02123226688055436, 0.013277948700620113, 0.010453626517686769, 0.011580037957363417, 0.00975191105012314, 0.012573061036615108, 0.009134742001277469, 0.009276974740460854, 0.009477713650153456, 0.0046743796517003675, 0.0037859847109381326, 0.0030069165172010265, 0.0020950299027578893, 0.0021308418415676056, 0.0015163466299661624, 0.0011843690904026617, 0.0012122459056729804, 0.0009938788919838068, 0.001150688076658137, 0.0012216681213720426, 0.001090981038876896, 0.001108789526022081, 0.0007726205519006296, 0.0007885157699851272, 0.0009358785163134701, 0.0010805429790887115, 0.0008234256859991613, 0.0007401880945592319, 0.0006095861518496903, 0.0004550360026112405, 0.0004048544800651297, 0.0002953772187330201, 0.0002345137560877612, 0.0002224543726167844, 0.00025131535154826874, 0.00020339341742090487, 0.0002414538097992338, 0.00017757417108614577, 0.00016140159342046764, 0.00016166638139536785, 0.00010557570674720894, 0.0001151593864865404, 8.685582581429525e-05, 7.549564405647567e-05, 8.660323188046256e-05, 6.36364444934112e-05, 7.65981949318395e-05, 7.773033861807816e-05, 5.8303388606855e-05, 6.425769221189e-05, 3.955463639299888e-05, 3.6520700135052266e-05, 3.313076199416665e-05, 2.2933840126792934e-05, 2.210737664396488e-05, 1.9547084740408325e-05, 1.722959634522044e-05, 1.5732132160687712e-05, 1.9815168447451624e-05, 1.773889182889166e-05, 1.798739164466773e-05, 1.4914407432430762e-05, 1.177645500999139e-05, 1.4795745366746787e-05, 1.4550749827639234e-05, 1.3529289690931683e-05, 1.0309948249915239e-05, 8.058924867953246e-06, 6.506559661113939e-06, 5.898324747817339e-06, 5.142861226478075e-06, 3.852574312331726e-06, 3.398700367707931e-06, 2.991621753986244e-06, 2.6742172598887825e-06, 2.731305029908976e-06, 1.762584513182791e-06, 1.6893384927824318e-06, 1.651009487337831e-06, 1.3892987493779486e-06, 1.854024038812427e-06, 1.3776020412998332e-06, 1.3722795727371018e-06, 1.2019306526272456e-06, 9.300144121511242e-07, 1.056223545611147e-06, 9.72478054432692e-07, 8.698990008811093e-07, 8.473488525127772e-07, 6.120245718922593e-07, 5.089096569185216e-07, 5.786546974086336e-07, 4.33824649610103e-07, 3.953844796016268e-07, 3.9649863706949626e-07, 3.180983537895792e-07, 3.312972070912082e-07, 3.0548301692635434e-07, 2.5409987397112745e-07, 2.75831399209023e-07, 2.2229401354104604e-07, 1.9220621725145053e-07, 1.816351721497939e-07, 1.829922705113792e-07, 1.5647336177460622e-07, 1.4788090995941904e-07, 1.4305510443337447e-07, 1.1508478127212123e-07, 1.1783746675970255e-07, 9.362764530295632e-08, 8.707978085908177e-08, 9.550097802924198e-08, 6.233578983277799e-08, 5.473886080807249e-08, 4.01839213534423e-08, 3.0979921714204604e-08, 3.1274000977760365e-08, 2.4365778364705778e-08, 2.4358357586072678e-08, 2.4754241365559146e-08, 2.0321249464135803e-08, 1.9999777845774057e-08, 1.856780532686126e-08, 1.5551812126483015e-08, 1.6678019295461187e-08, 1.3941167992674387e-08, 1.2554149569390775e-08, 1.3962822601429592e-08, 1.2453560960511633e-08, 1.1315288297049202e-08, 1.1850829508221315e-08, 9.323607890777464e-09, 8.860329838707863e-09, 8.136176433096981e-09, 6.047001100452606e-09, 5.324373714185269e-09, 4.533686516699081e-09, 3.880835766643214e-09, 3.841596545541033e-09, 3.827640729290797e-09, 3.0990601979350188e-09, 3.197675965707969e-09, 2.678055051301331e-09, 2.2175703829173873e-09, 2.2125577441121993e-09, 1.7514523432669658e-09, 1.8471009522944965e-09, 1.974131535451034e-09, 1.6169954946784796e-09, 1.716549245526626e-09, 1.3323385786855226e-09, 9.87911683430562e-10, 8.688604286365142e-10, 6.768874493554914e-10, 6.53979631336991e-10, 6.518216551373025e-10, 5.42303060464592e-10, 4.398490663136722e-10, 4.3007898537533414e-10, 3.278149920352932e-10, 3.18531928066306e-10, 3.244209259116152e-10, 2.5006475944846086e-10, 2.867213651522138e-10, 2.2230120856062067e-10], 'preconditioner metadata': [{}, {}, {}, {}, {}, {}, {}, {}, {}, {}, {}, {}, {}, {}, {}, {}, {}, {}, {}, {}, {}, {}, {}, {}, {}, {}, {}, {}, {}, {}, {}, {}, {}, {}, {}, {}, {}, {}, {}, {}, {}, {}, {}, {}, {}, {}, {}, {}, {}, {}, {}, {}, {}, {}, {}, {}, {}, {}, {}, {}, {}, {}, {}, {}, {}, {}, {}, {}, {}, {}, {}, {}, {}, {}, {}, {}, {}, {}, {}, {}, {}, {}, {}, {}, {}, {}, {}, {}, {}, {}, {}, {}, {}, {}, {}, {}, {}, {}, {}, {}, {}, {}, {}, {}, {}, {}, {}, {}, {}, {}, {}, {}, {}, {}, {}, {}, {}, {}, {}, {}, {}, {}, {}, {}, {}, {}, {}, {}, {}, {}, {}, {}, {}, {}, {}, {}, {}, {}, {}, {}, {}, {}, {}, {}, {}, {}, {}, {}, {}, {}, {}, {}, {}, {}, {}, {}, {}, {}, {}, {}, {}, {}, {}, {}, {}, {}, {}, {}, {}, {}, {}, {}, {}, {}, {}, {}, {}, {}, {}, {}, {}, {}, {}, {}, {}, {}, {}, {}, {}, {}, {}, {}, {}, {}, {}, {}, {}, {}, {}, {}, {}, {}, {}, {}, {}, {}, {}, {}, {}, {}, {}, {}, {}, {}, {}, {}, {}, {}, {}]}",2.2312052896366435e-10,,"[531.804931640625, 529.6978759765625, 528.846435546875, 528.9356689453125, 529.3637084960938, 529.2628173828125, 531.2637939453125, 529.8772583007812, 529.6400146484375, 529.0066528320312]",[358.7424011230469],[1864.3111572265625],[2247.26611328125],[7.834911823272705],[1.5498239994049072],
2026-10-05T10:00:08.069889+00:00,continuous coefficient 2D,5,"uniform(2D,8)",S8,S8,S8,"CG(AdditiveSchwarz(torch.float64, Inv(), CUDSS, const_dofs_per_coarse=False), bsr_matmul=True)",False,0,1,10,2752512,230759424,"{'iterations': 178, 'residual norms': [0.23042262653948303, 13.45778216842384, 10.60336661826487, 16.285654589576485, 12.696962337340508, 14.329548687147156, 9.521516891330647, 18.343124488552426, 9.855713051567566, 14.29885982606889, 12.25332455568965, 6.8981990948068415, 4.843069528260754, 5.502536091787916, 4.256227943176552, 3.086569403546692, 2.9141599054714225, 3.047470134770398, 1.0868210470880568, 1.2006497259239501, 1.1788913238764527, 1.0740784712346252, 0.35336295099118603, 0.23836488397492592, 0.13300661752421977, 0.12500307124498594, 0.08135788195205135, 0.18673421410456925, 0.19746522394889002, 0.15318363621064607, 0.07571476295691526, 0.0865479548356402, 0.07928686970485875, 0.04225060923261557, 0.0335751671180735, 0.027423089464199735, 0.017462439303367293, 0.017026261665970644, 0.02912952144285506, 0.02314425906337709, 0.019480692779790986, 0.02666509017675756, 0.030252917540875987, 0.019115810567990263, 0.019210821617649577, 0.017818057267105867, 0.012979416597416742, 0.00893988610998656, 0.011078111861273866, 0.00698146991452928, 0.007681837125557344, 0.008153892241800853, 0.005370051208309818, 0.0025179932100145306, 0.0025178297915360824, 0.0030829422829110275, 0.0022747905019265264, 0.0018297268486490137, 0.0013573954606693301, 0.0012078588343330708, 0.0006985609689640107, 0.0007420902827495478, 0.0006108516739391295, 0.0004521542970729787, 0.00029427461627388194, 0.00033996935680642536, 0.0003756673170932888, 0.0002710812071974443, 0.0002843036352607106, 0.000258370849396582, 0.0002520285332300972, 0.00017499840145276897, 0.00020629206205647718, 0.00025232417986463334, 0.00019038747097631977, 0.00020695348675504576, 0.00020999504343986256, 0.00014525614154104542, 8.707471449717933e-05, 8.33954894897378e-05, 7.822014906436256e-05, 6.592249301151139e-05, 8.906477068185382e-05, 9.116556803578292e-05, 7.356673815432596e-05, 4.073614896879965e-05, 3.851372692471724e-05, 3.5590096277324156e-05, 2.340577528045065e-05, 2.3357035200884268e-05, 2.360635807808601e-05, 3.0253983385357445e-05, 1.961720583540451e-05, 1.917111171707394e-05, 1.6993138831390745e-05, 1.261112296552466e-05, 1.0732557128358106e-05, 1.1225979072957602e-05, 7.496189635324426e-06, 4.51780484626461e-06, 4.605235135677282e-06, 3.2296803414480045e-06, 1.8425572289197251e-06, 1.2628703997261362e-06, 1.4786176375736116e-06, 1.219200692230556e-06, 1.0890633916133325e-06, 1.2248694547464127e-06, 1.2954200679038153e-06, 9.896340579165002e-07, 1.1587996867478544e-06, 1.3359088076899635e-06, 1.0587222191963655e-06, 9.978410906686414e-07, 9.490548619379358e-07, 8.290481106765404e-07, 5.133811206128837e-07, 5.010880174420609e-07, 5.092993016759734e-07, 4.218399803848934e-07, 3.254194145779463e-07, 2.717677321690233e-07, 3.168221430149938e-07, 2.34371240489088e-07, 1.913773613530752e-07, 2.583806483687902e-07, 1.814269032854043e-07, 1.4670722637669796e-07, 1.2766370288936702e-07, 1.0897264072938221e-07, 8.292043104518868e-08, 7.675896619630402e-08, 9.351461054425054e-08, 6.610107805146338e-08, 5.635138576303409e-08, 6.838234786070025e-08, 4.850932391330579e-08, 2.8130666174242415e-08, 2.935594149058906e-08, 2.550972356550842e-08, 1.9000456582306502e-08, 1.4241116652866287e-08, 1.6187979960935958e-08, 1.1280692494034274e-08, 8.853503563808157e-09, 1.086126538638866e-08, 8.769977347371578e-09, 6.55082029773015e-09, 5.902624430673445e-09, 6.36707760675107e-09, 4.22893664183683e-09, 4.697912863990401e-09, 6.274096061590119e-09, 5.927107734675251e-09, 4.967880281662818e-09, 5.7998084015072405e-09, 5.4416077933584245e-09, 3.796975877665669e-09, 3.136411333023356e-09, 2.881374040163879e-09, 2.241741753721816e-09, 1.6732840683579162e-09, 1.6620627539077588e-09, 1.2538519782697552e-09, 1.0008279678801586e-09, 8.01424097401611e-10, 8.248985284333694e-10, 7.032147392005434e-10, 5.486125017501007e-10, 6.315278842983975e-10, 6.33503527708468e-10, 4.352045954561659e-10, 3.7546405728207637e-10, 4.0814353150182815e-10, 3.63362001691898e-10, 2.329897686505153e-10, 2.499310714232982e-10, 2.531834694185154e-10, 1.8871649073426507e-10], 'preconditioner metadata': [{}, {}, {}, {}, {}, {}, {}, {}, {}, {}, {}, {}, {}, {}, {}, {}, {}, {}, {}, {}, {}, {}, {}, {}, {}, {}, {}, {}, {}, {}, {}, {}, {}, {}, {}, {}, {}, {}, {}, {}, {}, {}, {}, {}, {}, {}, {}, {}, {}, {}, {}, {}, {}, {}, {}, {}, {}, {}, {}, {}, {}, {}, {}, {}, {}, {}, {}, {}, {}, {}, {}, {}, {}, {}, {}, {}, {}, {}, {}, {}, {}, {}, {}, {}, {}, {}, {}, {}, {}, {}, {}, {}, {}, {}, {}, {}, {}, {}, {}, {}, {}, {}, {}, {}, {}, {}, {}, {}, {}, {}, {}, {}, {}, {}, {}, {}, {}, {}, {}, {}, {}, {}, {}, {}, {}, {}, {}, {}, {}, {}, {}, {}, {}, {}, {}, {}, {}, {}, {}, {}, {}, {}, {}, {}, {}, {}, {}, {}, {}, {}, {}, {}, {}, {}, {}, {}, {}, {}, {}, {}, {}, {}, {}, {}, {}, {}, {}, {}, {}, {}, {}, {}, {}, {}, {}, {}, {}, {}]}",1.895131357496295e-10,,"[560.6913452148438, 554.5071411132812, 560.8394775390625, 571.3264770507812, 559.0995483398438, 555.07861328125, 554.5880737304688, 554.0803833007812, 554.0886840820312, 553.7601318359375]",[423.97064208984375],[1816.0555419921875],[2039.305908203125],[7.456096172332764],[1.5503679513931274],
2026-10-05T10:00:18.265559+00:00,continuous coefficient 2D,5,"uniform(2D,8)",S8,S8,S8,"CG(HybridSchwarz(torch.float64, Inv(), CUDSS), bsr_matmul=True)",False,0,1,10,2752512,230759424,"{'iterations': 150, 'residual norms': [13.455722253959348, 9.853181740726816, 14.97319644953425, 12.664288297111208, 8.710696668526445, 15.64961914383272, 10.154461512589952, 12.772917118403365, 8.448510732408492, 4.398233074747826, 4.2628883154433135, 3.1950878248191295, 1.9299180677735144, 1.4896034546074852, 1.0889093355694544, 0.798001221121284, 0.6503686266571325, 0.4422366275610153, 0.21257872918441537, 0.13385922192492183, 0.08252662584420842, 0.1085693253107922, 0.20415994918678615, 0.09234929729108708, 0.09746820939849947, 0.0654245803687522, 0.07431153574401306, 0.04673567884172151, 0.022398691041541335, 0.02665334485648863, 0.02251881988289392, 0.02264279074653321, 0.03002062648116822, 0.018102095564147, 0.01863015760562631, 0.011003987861712337, 0.010070834862011659, 0.0162185647955902, 0.00906636573519239, 0.011794282576190163, 0.008020232400246113, 0.0068308041845522895, 0.004992131521436786, 0.00244935811650522, 0.0028442128651469667, 0.0020781939341145235, 0.0014920162822127183, 0.001248138489390351, 0.0009809977025557102, 0.0008983532821578313, 0.0010764070452309058, 0.0009938233402592008, 0.00110176343559821, 0.0009142993976222349, 0.0006780867835872505, 0.000589060335874299, 0.0004983897558516228, 0.0003792808186033216, 0.0003214939554322412, 0.00024385538448262989, 0.00024996467820677024, 0.0002485449676102082, 0.00015955541446934174, 0.00011342088661736197, 0.00011825458015816028, 8.771844367061547e-05, 0.00010928930714773277, 7.65735896724002e-05, 6.754024570099393e-05, 6.651929619145877e-05, 4.9339293623091976e-05, 5.045978268740797e-05, 4.344803513949147e-05, 2.4997824165263594e-05, 2.1178746861727888e-05, 1.5601124145232084e-05, 1.4288341022303212e-05, 2.128108314240751e-05, 1.3626775339787546e-05, 1.645826628683724e-05, 1.5455112519776455e-05, 1.0958254750524758e-05, 1.1536898445919954e-05, 7.809867315375334e-06, 5.656736880075036e-06, 5.182304889551591e-06, 3.3967209976733135e-06, 3.606632388767963e-06, 2.808317872330888e-06, 1.8416416805806128e-06, 1.974552853668331e-06, 1.2501131504222215e-06, 1.40526051268363e-06, 1.4943409231729874e-06, 1.3149125442644817e-06, 1.062754921603155e-06, 8.019842841117392e-07, 6.410795492036596e-07, 6.505454255634158e-07, 5.359712942800183e-07, 4.875229837755797e-07, 4.59154852724931e-07, 3.574013532419551e-07, 2.803521000594449e-07, 3.0635044433064107e-07, 2.345689713580992e-07, 2.2128240188490202e-07, 1.9813079045924604e-07, 1.6221999667300494e-07, 1.6996933203312906e-07, 1.1866049673298853e-07, 1.1689760308955357e-07, 1.1738671918093384e-07, 7.425904083113226e-08, 7.095348641735987e-08, 4.364433950697195e-08, 3.23493342360315e-08, 3.38448556482652e-08, 2.2211728296381123e-08, 2.6488994505763225e-08, 1.919963133747324e-08, 1.624522189022026e-08, 1.8191911149563896e-08, 1.2438615088393277e-08, 1.3130289285105445e-08, 1.3955115329855225e-08, 1.0400260265161491e-08, 1.1187254083411286e-08, 7.568811321844016e-09, 6.6911503210337745e-09, 6.430429773273146e-09, 4.697997667334194e-09, 4.0129837649076995e-09, 3.618087641402775e-09, 2.3540906833017686e-09, 2.5743043955373054e-09, 2.3936680614627847e-09, 1.9715127240842192e-09, 2.0702887626444168e-09, 1.4929809019462704e-09, 1.3753040217559482e-09, 1.122769000685478e-09, 8.148211988608649e-10, 8.697704910381529e-10, 6.241157825653365e-10, 4.495254555189404e-10, 4.773313620376542e-10, 3.255225745039563e-10, 3.284852084743732e-10, 2.750396303343112e-10, 2.2960382252692355e-10], 'preconditioner metadata': [{}, {}, {}, {}, {}, {}, {}, {}, {}, {}, {}, {}, {}, {}, {}, {}, {}, {}, {}, {}, {}, {}, {}, {}, {}, {}, {}, {}, {}, {}, {}, {}, {}, {}, {}, {}, {}, {}, {}, {}, {}, {}, {}, {}, {}, {}, {}, {}, {}, {}, {}, {}, {}, {}, {}, {}, {}, {}, {}, {}, {}, {}, {}, {}, {}, {}, {}, {}, {}, {}, {}, {}, {}, {}, {}, {}, {}, {}, {}, {}, {}, {}, {}, {}, {}, {}, {}, {}, {}, {}, {}, {}, {}, {}, {}, {}, {}, {}, {}, {}, {}, {}, {}, {}, {}, {}, {}, {}, {}, {}, {}, {}, {}, {}, {}, {}, {}, {}, {}, {}, {}, {}, {}, {}, {}, {}, {}, {}, {}, {}, {}, {}, {}, {}, {}, {}, {}, {}, {}, {}, {}, {}, {}, {}, {}, {}, {}, {}, {}, {}]}",2.301559409181816e-10,,"[486.304443359375, 486.6496887207031, 489.05517578125, 485.962890625, 490.94122314453125, 485.77978515625, 491.22637939453125, 486.06561279296875, 486.0118713378906, 490.8644104003906]",[311.19561767578125],[1829.4256591796875],[2236.788818359375],[7.305568218231201],[1.5403200387954712],
2026-10-05T10:00:28.403573+00:00,continuous coefficient 2D,5,"uniform(2D,8)",S8,S8,S8,"CG(AdditiveSchwarz(torch.float64, Inv(torch.float32), CUDSS, const_dofs_per_coarse=False), bsr_matmul=True)",False,0,1,10,2752512,230759424,"{'iterations': 178, 'residual norms': [0.23042262653948303, 13.457782168436394, 10.603366613507655, 16.285654594027474, 12.696962341192322, 14.329548690350961, 9.521516897643416, 18.34312450035352, 9.855713051760533, 14.298859843520374, 12.253324573403924, 6.898199103064153, 4.8430695236840675, 5.502536032097713, 4.256227935424143, 3.08656939876146, 2.9141598946670912, 3.0474700922254936, 1.0868210429555138, 1.2006497189108694, 1.1788913043774865, 1.074078449638222, 0.35336293705544675, 0.2383648351881377, 0.1330065958287815, 0.1250030616377733, 0.08135788035310851, 0.1867342027633545, 0.19746522147987577, 0.1531836398788316, 0.07571476276900908, 0.08654796560302933, 0.07928691113407658, 0.04225061045321082, 0.03357517341419372, 0.02742310041107403, 0.017462442079652012, 0.017026259337357283, 0.02912952459336239, 0.02314426704693581, 0.019480690625964685, 0.026665081705238767, 0.030252915468760203, 0.019115813203958724, 0.019210816921744932, 0.01781805359297827, 0.012979419139046827, 0.008939884835508383, 0.011078107305555644, 0.006981472876561304, 0.0076818360444088195, 0.008153891268732201, 0.005370054070210521, 0.0025179937392371806, 0.002517829106634399, 0.0030829413465874598, 0.002274791438786153, 0.0018297270204826483, 0.0013573948190401832, 0.0012078590251434966, 0.000698560968770492, 0.0007420897760255968, 0.0006108515613421774, 0.00045215451522644725, 0.0002942745871038208, 0.0003399690645199813, 0.000375667088963347, 0.0002710813932079067, 0.0002843034656057672, 0.00025837081794886154, 0.00025202860995954295, 0.00017499840117344347, 0.0002062919099194109, 0.0002523240629795982, 0.00019038746663497356, 0.00020695332647692604, 0.0002099949911275342, 0.00014525635763748857, 8.707471423528822e-05, 8.339542744876964e-05, 7.822014308084995e-05, 6.592247522150287e-05, 8.906464293116207e-05, 9.116552948626789e-05, 7.356687685781985e-05, 4.073616513376162e-05, 3.851369734674487e-05, 3.559014521061933e-05, 2.3405781605279434e-05, 2.335700009326972e-05, 2.360636687116921e-05, 3.0254015301170465e-05, 1.961720413496638e-05, 1.917112039476221e-05, 1.6993155529628535e-05, 1.261113411107865e-05, 1.0732547237321857e-05, 1.1225987769118974e-05, 7.4961969652384315e-06, 4.517807229798202e-06, 4.605235685336474e-06, 3.2296841609614064e-06, 1.8425594444912499e-06, 1.2628702102397471e-06, 1.4786179440171444e-06, 1.2192024468776937e-06, 1.089064004503404e-06, 1.2248673909981447e-06, 1.2954204759375109e-06, 9.896352360203681e-07, 1.1588002684587854e-06, 1.3359083194838182e-06, 1.0587227404595734e-06, 9.978419426171506e-07, 9.490556399719997e-07, 8.290490442315899e-07, 5.133817257742329e-07, 5.010883248978193e-07, 5.092997407403126e-07, 4.2184024078504135e-07, 3.2541962132349693e-07, 2.717678005961089e-07, 3.1682238557451245e-07, 2.3437138370404464e-07, 1.9137744914399927e-07, 2.583809281606397e-07, 1.8142690924191178e-07, 1.467072473965826e-07, 1.276637262945241e-07, 1.0897272009438231e-07, 8.292042926865002e-08, 7.675895655676183e-08, 9.351460569646154e-08, 6.610117590755727e-08, 5.635138196706827e-08, 6.838230197466998e-08, 4.8509284398051976e-08, 2.813070405362075e-08, 2.9355961951069434e-08, 2.5509729416480043e-08, 1.9000473973408112e-08, 1.4241121653887287e-08, 1.6187999752180258e-08, 1.1280690657923917e-08, 8.853514673600397e-09, 1.0861260695883644e-08, 8.769973825893147e-09, 6.550819403443057e-09, 5.9026372679614934e-09, 6.367079374401715e-09, 4.228935138662794e-09, 4.697912763289997e-09, 6.2741006860629285e-09, 5.9271205580409056e-09, 4.96787924108921e-09, 5.7998186745434885e-09, 5.441595490215584e-09, 3.7969760330038346e-09, 3.1364102863552075e-09, 2.8813804635275707e-09, 2.2417359764023488e-09, 1.6732844920488143e-09, 1.6620606952344524e-09, 1.2538598833550313e-09, 1.0008259442575241e-09, 8.014242723440501e-10, 8.248952478266601e-10, 7.032157172405598e-10, 5.486136966444622e-10, 6.315274702756828e-10, 6.335007825744173e-10, 4.3520535473260443e-10, 3.754643911666422e-10, 4.081444329768398e-10, 3.633615867768843e-10, 2.329899315777377e-10, 2.4993126624467447e-10, 2.531833533394443e-10, 1.8871658869198235e-10], 'preconditioner metadata': [{}, {}, {}, {}, {}, {}, {}, {}, {}, {}, {}, {}, {}, {}, {}, {}, {}, {}, {}, {}, {}, {}, {}, {}, {}, {}, {}, {}, {}, {}, {}, {}, {}, {}, {}, {}, {}, {}, {}, {}, {}, {}, {}, {}, {}, {}, {}, {}, {}, {}, {}, {}, {}, {}, {}, {}, {}, {}, {}, {}, {}, {}, {}, {}, {}, {}, {}, {}, {}, {}, {}, {}, {}, {}, {}, {}, {}, {}, {}, {}, {}, {}, {}, {}, {}, {}, {}, {}, {}, {}, {}, {}, {}, {}, {}, {}, {}, {}, {}, {}, {}, {}, {}, {}, {}, {}, {}, {}, {}, {}, {}, {}, {}, {}, {}, {}, {}, {}, {}, {}, {}, {}, {}, {}, {}, {}, {}, {}, {}, {}, {}, {}, {}, {}, {}, {}, {}, {}, {}, {}, {}, {}, {}, {}, {}, {}, {}, {}, {}, {}, {}, {}, {}, {}, {}, {}, {}, {}, {}, {}, {}, {}, {}, {}, {}, {}, {}, {}, {}, {}, {}, {}, {}, {}, {}, {}, {}, {}]}",1.8949023389582172e-10,,"[528.2565307617188, 526.9297485351562, 526.97314453125, 526.9833984375, 526.8875732421875, 527.0311889648438, 527.1720581054688, 527.017578125, 527.1500244140625, 527.3626708984375]",[470.1495666503906],[1827.2506103515625],[1935.8167724609375],[1.9025919437408447],[1.543455958366394],
2026-10-05T10:00:38.033740+00:00,continuous coefficient 2D,5,"uniform(2D,8)",S8,S8,S8,"CG(HybridSchwarz(torch.float64, Inv(torch.float32), CUDSS), bsr_matmul=True)",False,0,1,10,2752512,230759424,"{'iterations': 150, 'residual norms': [13.455722253959351, 9.853181737622327, 14.973196452029654, 12.664288306135338, 8.710696672534064, 15.649619173822693, 10.154461515292981, 12.772917144039884, 8.448510760730983, 4.398233074052933, 4.262888319193972, 3.1950878270847842, 1.9299180685020565, 1.489603460466251, 1.08890933780214, 0.7980012219523157, 0.6503686258570155, 0.44223662972780337, 0.21257873081399709, 0.13385922079008783, 0.08252662607295871, 0.1085693278919531, 0.20415994524166522, 0.09234929604664179, 0.09746820733802886, 0.06542457901653219, 0.07431153369343191, 0.04673567635729033, 0.02239868988209981, 0.02665334310423575, 0.02251881842434169, 0.022642790214932387, 0.03002062527448471, 0.018102095034010973, 0.018630156568669336, 0.011003987308287999, 0.010070834923504218, 0.01621856482143546, 0.009066365230873426, 0.01179428231047871, 0.008020231309767978, 0.00683080363248359, 0.004992131107403374, 0.0024493580881437492, 0.0028442128922924847, 0.0020781936507216353, 0.001492016525998161, 0.0012481382921347857, 0.000980997777545132, 0.0008983533445782384, 0.0010764068427599918, 0.000993823656280425, 0.0011017631513059096, 0.0009142996616667722, 0.0006780869271147454, 0.0005890600201529004, 0.0004983899565982402, 0.00037928067689243236, 0.00032149394836099944, 0.00024385535361709466, 0.0002499646131416009, 0.00024854491286072127, 0.00015955545967785822, 0.0001134208454183208, 0.00011825458808913004, 8.771843669352051e-05, 0.00010928926105164267, 7.657361822546354e-05, 6.754019514472524e-05, 6.651930001179895e-05, 4.9339292720738046e-05, 5.045975266526357e-05, 4.3448060128961585e-05, 2.499781754758093e-05, 2.1178746422853203e-05, 1.5601128263135493e-05, 1.4288334986863443e-05, 2.1281085386374246e-05, 1.3626776309371983e-05, 1.6458268108903782e-05, 1.5455114560631015e-05, 1.0958256884945752e-05, 1.1536898947640506e-05, 7.809868857397693e-06, 5.65673863311628e-06, 5.182304887066732e-06, 3.3967214496192368e-06, 3.6066325478776806e-06, 2.808317538783681e-06, 1.8416421522833752e-06, 1.974552051268005e-06, 1.2501134107583321e-06, 1.4052601352004652e-06, 1.494340470144049e-06, 1.3149130063282726e-06, 1.0627545339735173e-06, 8.019845546722659e-07, 6.410794744080752e-07, 6.505452192545638e-07, 5.359715082421346e-07, 4.875228563109423e-07, 4.5915488259620575e-07, 3.5740149593069485e-07, 2.803520461565305e-07, 3.06350553884586e-07, 2.3456895990108251e-07, 2.2128241765624564e-07, 1.9813087025829885e-07, 1.6221998580616782e-07, 1.6996938278023353e-07, 1.1866050431351724e-07, 1.1689760131594991e-07, 1.1738676725605952e-07, 7.425904704933297e-08, 7.095354595342232e-08, 4.36443453963112e-08, 3.2349340910575635e-08, 3.384485156092675e-08, 2.2211735027739643e-08, 2.6488985739042614e-08, 1.9199643572922576e-08, 1.6245219907454002e-08, 1.8191909187937287e-08, 1.243862096001114e-08, 1.3130270064998338e-08, 1.3955124418894691e-08, 1.040025787063391e-08, 1.1187246217726444e-08, 7.568815568093878e-09, 6.691139467297737e-09, 6.4304239413349115e-09, 4.69799622243631e-09, 4.012978251711401e-09, 3.618092289001306e-09, 2.3540898553006466e-09, 2.5743057340968632e-09, 2.3936670477707854e-09, 1.9715119778613105e-09, 2.0702886954597767e-09, 1.4929816173912826e-09, 1.3753022632941923e-09, 1.1227703873320244e-09, 8.148201656554493e-10, 8.697699107122816e-10, 6.24116975190784e-10, 4.495240400222843e-10, 4.773322489341561e-10, 3.2552217036782357e-10, 3.2848461756256275e-10, 2.750408257174022e-10, 2.2960265493011446e-10], 'preconditioner metadata': [{}, {}, {}, {}, {}, {}, {}, {}, {}, {}, {}, {}, {}, {}, {}, {}, {}, {}, {}, {}, {}, {}, {}, {}, {}, {}, {}, {}, {}, {}, {}, {}, {}, {}, {}, {}, {}, {}, {}, {}, {}, {}, {}, {}, {}, {}, {}, {}, {}, {}, {}, {}, {}, {}, {}, {}, {}, {}, {}, {}, {}, {}, {}, {}, {}, {}, {}, {}, {}, {}, {}, {}, {}, {}, {}, {}, {}, {}, {}, {}, {}, {}, {}, {}, {}, {}, {}, {}, {}, {}, {}, {}, {}, {}, {}, {}, {}, {}, {}, {}, {}, {}, {}, {}, {}, {}, {}, {}, {}, {}, {}, {}, {}, {}, {}, {}, {}, {}, {}, {}, {}, {}, {}, {}, {}, {}, {}, {}, {}, {}, {}, {}, {}, {}, {}, {}, {}, {}, {}, {}, {}, {}, {}, {}, {}, {}, {}, {}, {}, {}]}",2.301426082650163e-10,,"[463.42486572265625, 463.6817932128906, 463.89666748046875, 463.57440185546875, 463.9596252441406, 463.9549560546875, 463.384033203125, 464.16070556640625, 463.3881530761719, 463.7012939453125]",[313.1081848144531],[1811.374267578125],[2222.642822265625],[1.3886719942092896],[1.371232032775879],
2026-10-05T10:00:48.004419+00:00,continuous coefficient 2D,5,"uniform(2D,8)",S8,S8,S8,"CG(AdditiveSchwarz(torch.float64, Inv(torch.float16), CUDSS, const_dofs_per_coarse=False), bsr_matmul=True)",False,0,1,10,2752512,230759424,"{'iterations': 178, 'residual norms': [0.23042262653948303, 13.457782111830317, 10.603390401121093, 16.28569307631969, 12.697219775908241, 14.329802685491163, 9.521520865477136, 18.34336027190479, 9.856097638559103, 14.300167230221655, 12.252655757425943, 6.898438710959667, 4.8440363184449975, 5.508572073390972, 4.2528126603136736, 3.0904982429401087, 2.910707687755461, 3.0658887020380856, 1.0891938689882876, 1.203315184781145, 1.1900712988170652, 1.0573030012595297, 0.37278910253712444, 0.2836497759373432, 0.13638951468188276, 0.12456440732736333, 0.08262120652059679, 0.16857040006054086, 0.20280298151781687, 0.1588054168442951, 0.07923631759389538, 0.0821169835268609, 0.08677658025134266, 0.04286339255064371, 0.03527039043772963, 0.02776499681524585, 0.017764716195953933, 0.016697343819481254, 0.027738727745160507, 0.024184650423916442, 0.019067822736999654, 0.02593216675236624, 0.030934671675834306, 0.019798521888627556, 0.01871060074665298, 0.017898573042129128, 0.013527735595245248, 0.008947748354264016, 0.010784825717855058, 0.007543300751647933, 0.007243100546017022, 0.008179777355382528, 0.005753718058846867, 0.0026900426649752807, 0.0024250649201002575, 0.0029408377781726582, 0.0024294600580440392, 0.0019423690537654329, 0.0013413399567026977, 0.001277879388971907, 0.0007402096641406721, 0.00071425795774108, 0.0006147599348239532, 0.0004892073828582314, 0.0003113645010433391, 0.00031454908990841336, 0.0003724008241463047, 0.00029302026745300214, 0.0002751837878211062, 0.0002502380730317588, 0.0002784946397308143, 0.00017763960310467059, 0.00019202613024076233, 0.00024936094015194383, 0.00020242143447891882, 0.0001957029423829785, 0.00020365033751065017, 0.0001633337247412305, 9.370020102200139e-05, 8.058260031039958e-05, 7.801515377194458e-05, 6.833547753641032e-05, 8.06155508981679e-05, 8.881779520464851e-05, 8.417306140000065e-05, 4.624635575333564e-05, 3.6081175656664624e-05, 3.765268447689141e-05, 2.5699272001935396e-05, 2.265938207582876e-05, 2.2374980592660104e-05, 3.150771537478712e-05, 2.0716639471115223e-05, 1.852448553217639e-05, 1.7775756617053022e-05, 1.3345210591503732e-05, 1.0467312808370555e-05, 1.107161604212593e-05, 8.237222310700741e-06, 4.716358937765533e-06, 4.69164979082705e-06, 3.40528261274556e-06, 2.0118664236839647e-06, 1.2865764219149966e-06, 1.4439301024722757e-06, 1.2815130443783563e-06, 1.0976560190428943e-06, 1.1445478489571277e-06, 1.2965839612918498e-06, 1.0282545208975925e-06, 1.0882256004480833e-06, 1.299071029285467e-06, 1.0896401187906328e-06, 1.018924625079706e-06, 9.21084569038972e-07, 9.052264282087294e-07, 5.551195236888796e-07, 4.909456905458893e-07, 5.005140790432743e-07, 4.5427072139443627e-07, 3.383209372630241e-07, 2.726672086951766e-07, 3.2014217378505714e-07, 2.4719504976231264e-07, 1.878344862808893e-07, 2.474672292641026e-07, 1.9840902027588748e-07, 1.51425335873748e-07, 1.3454778576875012e-07, 1.1528905347364419e-07, 8.880410717045745e-08, 7.431509348637744e-08, 9.436933974860988e-08, 6.990116122083778e-08, 5.683983345876659e-08, 6.646558155819704e-08, 5.2543912585384234e-08, 3.0569343541729696e-08, 2.981446060698197e-08, 2.5909163393378343e-08, 2.0644542121208277e-08, 1.5152136434440313e-08, 1.6509204811334596e-08, 1.233002186035074e-08, 9.436349586502596e-09, 1.0603086225258782e-08, 9.110800743448769e-09, 7.478728497343076e-09, 5.883591589715644e-09, 6.59102172287733e-09, 4.838898067760216e-09, 4.528435123534913e-09, 4.8033771248543e-09, 6.454037850406582e-09, 5.586399694888462e-09, 4.954418166746378e-09, 5.616266922333247e-09, 5.0241123251456564e-09, 3.411146836839951e-09, 2.89518092876366e-09, 2.7626657426667314e-09, 1.9157656286321027e-09, 1.6441251997529816e-09, 1.53147223699901e-09, 1.2265537975592368e-09, 8.072265731546132e-10, 8.838474492217084e-10, 7.866380012767693e-10, 5.471636744467521e-10, 6.0281170649163e-10, 6.644800491345584e-10, 4.723507826767775e-10, 3.809056873624409e-10, 4.13091783417841e-10, 3.798903675811766e-10, 2.5354289924549887e-10, 2.7270788642102393e-10, 2.627998181988561e-10, 1.9553781097509e-10], 'preconditioner metadata': [{}, {}, {}, {}, {}, {}, {}, {}, {}, {}, {}, {}, {}, {}, {}, {}, {}, {}, {}, {}, {}, {}, {}, {}, {}, {}, {}, {}, {}, {}, {}, {}, {}, {}, {}, {}, {}, {}, {}, {}, {}, {}, {}, {}, {}, {}, {}, {}, {}, {}, {}, {}, {}, {}, {}, {}, {}, {}, {}, {}, {}, {}, {}, {}, {}, {}, {}, {}, {}, {}, {}, {}, {}, {}, {}, {}, {}, {}, {}, {}, {}, {}, {}, {}, {}, {}, {}, {}, {}, {}, {}, {}, {}, {}, {}, {}, {}, {}, {}, {}, {}, {}, {}, {}, {}, {}, {}, {}, {}, {}, {}, {}, {}, {}, {}, {}, {}, {}, {}, {}, {}, {}, {}, {}, {}, {}, {}, {}, {}, {}, {}, {}, {}, {}, {}, {}, {}, {}, {}, {}, {}, {}, {}, {}, {}, {}, {}, {}, {}, {}, {}, {}, {}, {}, {}, {}, {}, {}, {}, {}, {}, {}, {}, {}, {}, {}, {}, {}, {}, {}, {}, {}, {}, {}, {}, {}, {}, {}]}",1.962670774105367e-10,,"[518.6996459960938, 516.8405151367188, 515.9042358398438, 516.5867309570312, 515.3758544921875, 516.288818359375, 515.6940307617188, 516.162109375, 515.7606201171875, 516.0238647460938]",[456.1438903808594],[1809.36083984375],[1908.733642578125],[1.4112639427185059],[1.3611199855804443],
2026-10-05T10:00:57.534536+00:00,continuous coefficient 2D,5,"uniform(2D,8)",S8,S8,S8,"CG(HybridSchwarz(torch.float64, Inv(torch.float16), CUDSS), bsr_matmul=True)",False,0,1,10,2752512,230759424,"{'iterations': 151, 'residual norms': [13.45572225395935, 9.853205274751923, 14.973232878726598, 12.664279668915537, 8.71072024382456, 15.650134903601682, 10.154422658999295, 12.773154905718567, 8.449533881626042, 4.398236564074027, 4.262774504464176, 3.1953623864519125, 1.929994015023605, 1.4943247239586341, 1.088736077608715, 0.7967050399486519, 0.6523860343415477, 0.44694405923501623, 0.213565097701167, 0.13425697995329117, 0.0817919736957801, 0.1078742786484086, 0.2052637942347594, 0.09537212330057593, 0.09791561818098687, 0.06677642298456604, 0.07429376957210464, 0.04540508511403305, 0.022737937698704982, 0.02560807553583724, 0.02287792531196044, 0.022536276437563233, 0.029405057432951777, 0.01823080874733277, 0.01849365285973333, 0.01109320635772081, 0.010125578891688872, 0.015562580319922633, 0.009488476259379366, 0.011236780502116506, 0.00828103946295558, 0.007014960146562528, 0.0049790692671001216, 0.002529068372521301, 0.0027777142708464947, 0.002198418520953335, 0.0015513502135741427, 0.001198183906898292, 0.001034792652478972, 0.0008506768435455388, 0.0010168631531262489, 0.0010098413977113912, 0.0010550167364571535, 0.000943041215251383, 0.000712078727755673, 0.0005641297185262507, 0.000529612509853994, 0.00037016969849085153, 0.0003126460010954232, 0.0002578874508847377, 0.0002406804614029903, 0.00026193400494554117, 0.00016900039776750097, 0.00010951848120277801, 0.00012283971614547305, 8.529228789331982e-05, 0.00011270366528093379, 8.085159295823499e-05, 6.55850108025302e-05, 6.843343399410583e-05, 5.090859252365324e-05, 4.914136846130746e-05, 4.676337689549007e-05, 2.5184035387652882e-05, 2.1327835555371174e-05, 1.6143736301775675e-05, 1.378144536828515e-05, 2.0762972660303336e-05, 1.4003638303752376e-05, 1.5414084274112118e-05, 1.5924386165078445e-05, 1.1244726455467238e-05, 1.156691823002699e-05, 8.263501723224815e-06, 5.529764003250244e-06, 5.384430901761612e-06, 3.534196919723146e-06, 3.5593407732036466e-06, 2.892110425557146e-06, 1.8566670692494394e-06, 1.962365652242288e-06, 1.3037057199190623e-06, 1.385038712990357e-06, 1.4491850669198817e-06, 1.355915719706811e-06, 1.0620377818166356e-06, 8.191835343395621e-07, 6.694315329152026e-07, 6.098063120534055e-07, 5.733050150258393e-07, 4.853793275463441e-07, 4.5298515918391335e-07, 3.87209510050974e-07, 2.733227937226558e-07, 3.0832578742497673e-07, 2.399545982051096e-07, 2.175797999249074e-07, 2.092135015165183e-07, 1.5781111738120396e-07, 1.7187499911981733e-07, 1.2740868079810184e-07, 1.1112921673476147e-07, 1.242343613251904e-07, 7.788571568148937e-08, 7.132497206957521e-08, 5.0438851456387666e-08, 3.261944441493128e-08, 3.309229463271613e-08, 2.4694417358883386e-08, 2.442111157244756e-08, 2.1502841558210097e-08, 1.6885014760911574e-08, 1.5943179579395424e-08, 1.521964105587537e-08, 1.1950828808059579e-08, 1.3849741535987456e-08, 1.2435683209710822e-08, 9.738882852969517e-09, 9.270529790953681e-09, 6.579076843477957e-09, 6.434002954051654e-09, 5.669461473602021e-09, 3.750609473516393e-09, 4.148704052600239e-09, 2.5119623498077467e-09, 2.3977429415379164e-09, 2.5083369489201243e-09, 2.021707034995775e-09, 2.088212205878327e-09, 1.623024315212823e-09, 1.4136438057215749e-09, 1.220605106281921e-09, 8.574092660264143e-10, 8.570899613310694e-10, 7.091485441706218e-10, 4.678172618691866e-10, 4.682932285389822e-10, 3.6260572346748727e-10, 3.2451478291557813e-10, 2.8506358534913473e-10, 2.436337390841624e-10, 2.2702778474660126e-10], 'preconditioner metadata': [{}, {}, {}, {}, {}, {}, {}, {}, {}, {}, {}, {}, {}, {}, {}, {}, {}, {}, {}, {}, {}, {}, {}, {}, {}, {}, {}, {}, {}, {}, {}, {}, {}, {}, {}, {}, {}, {}, {}, {}, {}, {}, {}, {}, {}, {}, {}, {}, {}, {}, {}, {}, {}, {}, {}, {}, {}, {}, {}, {}, {}, {}, {}, {}, {}, {}, {}, {}, {}, {}, {}, {}, {}, {}, {}, {}, {}, {}, {}, {}, {}, {}, {}, {}, {}, {}, {}, {}, {}, {}, {}, {}, {}, {}, {}, {}, {}, {}, {}, {}, {}, {}, {}, {}, {}, {}, {}, {}, {}, {}, {}, {}, {}, {}, {}, {}, {}, {}, {}, {}, {}, {}, {}, {}, {}, {}, {}, {}, {}, {}, {}, {}, {}, {}, {}, {}, {}, {}, {}, {}, {}, {}, {}, {}, {}, {}, {}, {}, {}, {}, {}]}",2.275843672671551e-10,,"[456.19671630859375, 456.4922790527344, 455.85443115234375, 456.384521484375, 456.3136291503906, 455.9332275390625, 456.04925537109375, 455.8669128417969, 455.8804931640625, 456.1234436035156]",[304.2732849121094],[1798.9871826171875],[2251.78076171875],[2.0587520599365234],[1.5588799715042114],
2026-10-05T10:01:07.644253+00:00,continuous coefficient 2D,5,"uniform(2D,8)",S8,S8,S8,"CG(AdditiveSchwarz(torch.float64, Inv(torch.bfloat16), CUDSS, const_dofs_per_coarse=False), bsr_matmul=True)",False,0,1,10,2752512,230759424,"{'iterations': 182, 'residual norms': [0.23042262653948303, 13.457782482718185, 10.605173444609639, 16.287133446287235, 12.702883300123965, 14.326638250828083, 9.517789211065756, 18.348145369046573, 9.883972988352179, 14.3090779280581, 12.125585458995186, 6.911131827998065, 4.903720339839409, 5.6081181005746314, 4.16482083029823, 3.188528958457881, 2.8722836258546116, 3.193666520952204, 1.1387375261101151, 1.2042985451267114, 1.1872969507234161, 1.0637507906865762, 0.48643081770111996, 0.28658745567105487, 0.1598267097924827, 0.11963853349220419, 0.0902933290579227, 0.11994248492960105, 0.23040518650126934, 0.15608276495592283, 0.09246822722039476, 0.07394256659460073, 0.09914286236030977, 0.05031031678202488, 0.03694284970538021, 0.03061233261477494, 0.020620846179632432, 0.01664772475974257, 0.021366595582239325, 0.028456624223158044, 0.018940203656451528, 0.02317112265191828, 0.030283309128630274, 0.02528115982518727, 0.018538670688882354, 0.018065711770131578, 0.016373238738333164, 0.010781900558516726, 0.009616236746967028, 0.009168689841013164, 0.007955114294037996, 0.007590266205315646, 0.007046709142461119, 0.0049607307962827975, 0.003014635995372143, 0.0023814844612529023, 0.0026446860427291933, 0.0025477698456486, 0.0016625766444267357, 0.001464528593101918, 0.0011941191990650138, 0.0008603560649785163, 0.0006169851343416043, 0.0005543656161718382, 0.0005220026844857129, 0.00030182692507554757, 0.00034558596455916396, 0.0003314846083109151, 0.00026602575211963277, 0.00024756562164658327, 0.0003111857468440275, 0.00021921817396526526, 0.0001774774047634945, 0.00024554797663206335, 0.00021047976456030796, 0.00017968221988080502, 0.00018743184315099412, 0.0002196587319614623, 0.00013846712123662797, 0.00010877150320139538, 9.135264858654949e-05, 7.137680205092093e-05, 6.483192027019667e-05, 7.763189651076558e-05, 8.817239265300382e-05, 6.748475800985296e-05, 5.599877073966575e-05, 5.029451751456527e-05, 3.397528011240352e-05, 2.519521789334049e-05, 2.266460021421956e-05, 2.7265126959847946e-05, 2.3393372931279226e-05, 1.9579706528033066e-05, 2.2942281253164172e-05, 1.886693353355804e-05, 1.3011360709544571e-05, 1.2303908981505599e-05, 1.127102770661572e-05, 7.712935943174732e-06, 6.762286794612094e-06, 5.686770542787694e-06, 4.329160662819015e-06, 2.2360543827916467e-06, 2.0830564374950627e-06, 1.9459543140559365e-06, 1.3895353151425725e-06, 1.198077528348509e-06, 1.2980900747516887e-06, 1.303594551266416e-06, 9.753090065691238e-07, 1.0322672523954442e-06, 1.038175605731049e-06, 1.0966679917531612e-06, 9.20842049587672e-07, 1.1089588051502275e-06, 9.517625257129214e-07, 7.512307309079221e-07, 7.414309219480566e-07, 7.241431146277344e-07, 5.298902388214986e-07, 4.1867290131876456e-07, 4.932607181050945e-07, 3.812788577078787e-07, 2.323613824088541e-07, 2.317081171079475e-07, 2.450936247289111e-07, 1.6950541587490574e-07, 1.6895024390051095e-07, 1.7549377629736225e-07, 1.3624212910871342e-07, 1.003703277234718e-07, 1.1282899827509379e-07, 9.729276093829815e-08, 7.737975905853217e-08, 8.322416424780248e-08, 8.512366489852206e-08, 5.250372080012314e-08, 4.605246296155826e-08, 3.807058406824407e-08, 3.445824390446227e-08, 2.3404159496601418e-08, 2.1731189901015285e-08, 2.17727196199115e-08, 1.6279538546115492e-08, 1.4276743039659823e-08, 1.2251399539639752e-08, 1.2550556917679482e-08, 7.713751907476226e-09, 8.012811745816065e-09, 7.628799712363064e-09, 5.7011687007591624e-09, 4.598773793724052e-09, 5.839781144540811e-09, 5.636642743011256e-09, 4.566175310014995e-09, 4.9961534613608e-09, 5.8713686509177976e-09, 4.68753296999779e-09, 3.904932831616467e-09, 4.6724339632863e-09, 3.3973757602876043e-09, 2.899484772656138e-09, 2.8280243699861358e-09, 2.70853937331771e-09, 1.8009762721076e-09, 1.5649419191633027e-09, 1.441306880989065e-09, 9.986861821887916e-10, 8.010714011619708e-10, 7.926744620901817e-10, 7.565842605938054e-10, 5.590726602157111e-10, 4.754599056010728e-10, 5.074662264407181e-10, 4.070105287579566e-10, 3.189748176709495e-10, 3.270677181862512e-10, 3.22047834336366e-10, 2.351331404024086e-10, 2.339498249778517e-10, 2.552971837391592e-10, 1.7838199414232427e-10], 'preconditioner metadata': [{}, {}, {}, {}, {}, {}, {}, {}, {}, {}, {}, {}, {}, {}, {}, {}, {}, {}, {}, {}, {}, {}, {}, {}, {}, {}, {}, {}, {}, {}, {}, {}, {}, {}, {}, {}, {}, {}, {}, {}, {}, {}, {}, {}, {}, {}, {}, {}, {}, {}, {}, {}, {}, {}, {}, {}, {}, {}, {}, {}, {}, {}, {}, {}, {}, {}, {}, {}, {}, {}, {}, {}, {}, {}, {}, {}, {}, {}, {}, {}, {}, {}, {}, {}, {}, {}, {}, {}, {}, {}, {}, {}, {}, {}, {}, {}, {}, {}, {}, {}, {}, {}, {}, {}, {}, {}, {}, {}, {}, {}, {}, {}, {}, {}, {}, {}, {}, {}, {}, {}, {}, {}, {}, {}, {}, {}, {}, {}, {}, {}, {}, {}, {}, {}, {}, {}, {}, {}, {}, {}, {}, {}, {}, {}, {}, {}, {}, {}, {}, {}, {}, {}, {}, {}, {}, {}, {}, {}, {}, {}, {}, {}, {}, {}, {}, {}, {}, {}, {}, {}, {}, {}, {}, {}, {}, {}, {}, {}, {}, {}, {}, {}]}",1.7918394531356984e-10,,"[528.541748046875, 527.2327270507812, 527.10205078125, 527.8988037109375, 527.9677734375, 527.9949951171875, 528.088134765625, 527.9359741210938, 527.071044921875, 527.4081420898438]",[469.8948059082031],[1806.1676025390625],[1905.3690185546875],[1.4327360391616821],[1.2961920499801636],
2026-10-05T10:01:17.304790+00:00,continuous coefficient 2D,5,"uniform(2D,8)",S8,S8,S8,"CG(HybridSchwarz(torch.float64, Inv(torch.bfloat16), CUDSS), bsr_matmul=True)",False,0,1,10,2752512,230759424,"{'iterations': 152, 'residual norms': [13.455722253959353, 9.854797760750735, 14.978711822311164, 12.663567670142612, 8.713329431187239, 15.70559157628445, 10.153944501117907, 12.810083737749716, 8.55365137170073, 4.4026747626990606, 4.260103324978662, 3.2219174344474624, 1.9370740844791896, 1.790078017451143, 1.0618483528127947, 0.7650314078046635, 0.723384355013099, 0.5129237203356778, 0.22640235318254578, 0.13783827751983832, 0.0791155243422743, 0.10678363191031717, 0.2011969564598847, 0.11108438712273169, 0.09284525623864569, 0.07314888983142546, 0.07334027641279713, 0.048463206546270315, 0.026309395818436606, 0.023579564773656487, 0.02490637651913126, 0.02175630223448911, 0.02604825377532532, 0.021126752972138285, 0.017430751180812595, 0.012841442891205989, 0.010584356622373286, 0.01242477899009038, 0.011972744990998334, 0.010041474244167724, 0.009315511062738953, 0.008105152119238231, 0.0051176834643562145, 0.0037753849118895813, 0.002638813557015327, 0.00233426617062648, 0.0021332577534808016, 0.0012919913061117685, 0.0011031260818079348, 0.0010308575685355498, 0.0008286070090694609, 0.0009887223873448767, 0.0011080744839371574, 0.0008506575629127315, 0.0009757336345589239, 0.000553371021339868, 0.0005616979728078315, 0.0004413342011605138, 0.0003085914364082594, 0.00034443672868737964, 0.00023494142877541032, 0.0002457022634043319, 0.00024780418828304455, 0.0001243356367818319, 0.00014094389577782362, 9.036297078623197e-05, 0.000101650493534229, 0.00010206323428513199, 7.337023233068901e-05, 6.996866198094835e-05, 6.070559867394846e-05, 4.650219740198989e-05, 5.2599926084632715e-05, 3.231734151540225e-05, 2.817493910388097e-05, 2.0546941758768106e-05, 1.5612833696206772e-05, 1.5254852078190647e-05, 1.6054385399627186e-05, 1.4781175020078586e-05, 1.715643082873026e-05, 1.40031195238119e-05, 1.1239849691865994e-05, 1.1387366365852926e-05, 7.190829843913794e-06, 6.722901075738152e-06, 5.033345457488381e-06, 3.893784039031697e-06, 3.369739873019316e-06, 2.569999488349677e-06, 2.251011713234924e-06, 1.814419553823498e-06, 1.4212244100652227e-06, 1.2112616367653736e-06, 1.5042190285684967e-06, 1.3008810755960443e-06, 1.0598549892580019e-06, 9.909559996293837e-07, 6.460808609115206e-07, 6.528269070559122e-07, 5.600611415766245e-07, 4.4293895292080944e-07, 5.135645905683181e-07, 3.251170405598852e-07, 3.330604761446604e-07, 2.635303077358588e-07, 2.0879216811768997e-07, 2.572076449930784e-07, 1.9446159679370386e-07, 1.793289241832697e-07, 1.6234272976725767e-07, 1.152332501561715e-07, 1.3227493039740723e-07, 1.0622721833671668e-07, 8.174108336568605e-08, 7.586417199961918e-08, 4.846884678147977e-08, 3.758915321414547e-08, 3.621888363463349e-08, 2.6049020925879062e-08, 2.444862008681023e-08, 2.206770676271494e-08, 1.7316315631964945e-08, 1.8030262148855983e-08, 1.3598880940138067e-08, 1.2497783722347213e-08, 1.3453453886651215e-08, 1.1230414848215314e-08, 1.1267977802474173e-08, 9.646318184641967e-09, 7.030474694026382e-09, 6.480704033334136e-09, 5.198573681745084e-09, 4.413090994414307e-09, 3.7479807217157356e-09, 2.795222033620962e-09, 2.4548030312538506e-09, 2.4790766920504695e-09, 2.017860271249344e-09, 2.0486796780597786e-09, 1.8587480235520185e-09, 1.404154669824353e-09, 1.246725430789597e-09, 1.0047676152648803e-09, 8.319831842045007e-10, 7.922282325585306e-10, 5.471850094028611e-10, 4.626384034799078e-10, 4.086261764668267e-10, 2.9971326617237e-10, 3.260043847683173e-10, 2.507710443018144e-10, 2.0977022848677035e-10], 'preconditioner metadata': [{}, {}, {}, {}, {}, {}, {}, {}, {}, {}, {}, {}, {}, {}, {}, {}, {}, {}, {}, {}, {}, {}, {}, {}, {}, {}, {}, {}, {}, {}, {}, {}, {}, {}, {}, {}, {}, {}, {}, {}, {}, {}, {}, {}, {}, {}, {}, {}, {}, {}, {}, {}, {}, {}, {}, {}, {}, {}, {}, {}, {}, {}, {}, {}, {}, {}, {}, {}, {}, {}, {}, {}, {}, {}, {}, {}, {}, {}, {}, {}, {}, {}, {}, {}, {}, {}, {}, {}, {}, {}, {}, {}, {}, {}, {}, {}, {}, {}, {}, {}, {}, {}, {}, {}, {}, {}, {}, {}, {}, {}, {}, {}, {}, {}, {}, {}, {}, {}, {}, {}, {}, {}, {}, {}, {}, {}, {}, {}, {}, {}, {}, {}, {}, {}, {}, {}, {}, {}, {}, {}, {}, {}, {}, {}, {}, {}, {}, {}, {}, {}, {}, {}]}",2.1038639052941434e-10,,"[459.0203552246094, 458.98663330078125, 459.2419738769531, 458.8563537597656, 458.81451416015625, 459.0501403808594, 459.0520324707031, 458.8780822753906, 459.2806701660156, 459.1745300292969]",[301.96844482421875],[1857.7384033203125],[2262.011474609375],[1.4397759437561035],[1.3375999927520752],
2026-10-05T10:01:27.130011+00:00,continuous coefficient 2D,5,"uniform(2D,8)",S8,S8,S8,"CG(AdditiveSchwarz(torch.float32, Inv(), CUDSS, const_dofs_per_coarse=False), bsr_matmul=True)",False,0,1,10,2752512,230759424,"{'iterations': 178, 'residual norms': [0.23042262653948303, 13.457787746803493, 10.60337551228018, 16.285664084568594, 12.696962247640817, 14.329549010169032, 9.521520664134826, 18.343117628235657, 9.85565982699546, 14.298807934802898, 12.253192287406025, 6.8981832252219215, 4.843078052985133, 5.502558930978332, 4.256180035229148, 3.086568339698845, 2.9141533813098937, 3.0474969409471613, 1.0868245084777712, 1.2006482248559072, 1.1788944750185593, 1.0740125909590823, 0.35340888673610066, 0.23860253483775454, 0.13300255843826894, 0.12495370581675931, 0.08135080034012719, 0.18635723959392955, 0.19747916710095773, 0.15326538553061644, 0.07577343637078199, 0.08642907020037642, 0.07932414873775043, 0.04225464898230199, 0.033592995938179174, 0.027418741500309072, 0.017459467189624787, 0.017019601670716016, 0.029104373136351745, 0.023153323283448893, 0.019467222768114457, 0.026655367841534938, 0.030266701594275542, 0.019115972794889968, 0.019197766038222673, 0.01781859775134954, 0.012988360572508312, 0.008935680747911888, 0.011074092173071261, 0.006989215928063252, 0.0076672078930142265, 0.00815071014450152, 0.005373290941047549, 0.002519598652638007, 0.0025155722513641563, 0.003081438973708862, 0.002274754063499584, 0.0018309865005058437, 0.0013572211833704408, 0.0012087052894772144, 0.0006986139242571379, 0.0007419071373665886, 0.000611114260878086, 0.00045225388918137383, 0.000294342316652653, 0.00033963978676068956, 0.0003756620858989003, 0.0002710903981658609, 0.00028416349103274337, 0.0002583808447705573, 0.00025222698546038753, 0.00017493452101407253, 0.0002061256492733712, 0.00025225309697242713, 0.00019048132589153004, 0.00020673916937888283, 0.00020992325341938114, 0.0001453669762835606, 8.710295651681022e-05, 8.336095847058578e-05, 7.823144794716408e-05, 6.587592107410344e-05, 8.902240169318706e-05, 9.116663897551475e-05, 7.358155596445148e-05, 4.077496873597272e-05, 3.8469239985192235e-05, 3.564570395845936e-05, 2.3395768594877337e-05, 2.3355158685038253e-05, 2.3597720044984267e-05, 3.0253523915345623e-05, 1.9624370367992755e-05, 1.9163851082385278e-05, 1.6998481848005824e-05, 1.262329622856674e-05, 1.0723299792888089e-05, 1.1223033323239485e-05, 7.507405299883421e-06, 4.518334882954841e-06, 4.605256516089098e-06, 3.231737169858457e-06, 1.8453799985467636e-06, 1.2625107762815337e-06, 1.4779237418063808e-06, 1.2196886935317822e-06, 1.0890548432964383e-06, 1.2227970015469993e-06, 1.295164295596875e-06, 9.896127802302577e-07, 1.1580118357972734e-06, 1.336575055306339e-06, 1.0577995734105707e-06, 9.978182557513867e-07, 9.487870237722118e-07, 8.296696667652431e-07, 5.134762021290192e-07, 5.007702219810231e-07, 5.093847026354187e-07, 4.2183366403737646e-07, 3.2542778187742705e-07, 2.717742169164402e-07, 3.166172005011252e-07, 2.34507933400097e-07, 1.9122584591487273e-07, 2.5832400206850115e-07, 1.8165364944570277e-07, 1.466350487555544e-07, 1.2765915260667167e-07, 1.0897021508866163e-07, 8.299550814784093e-08, 7.663893169789927e-08, 9.351276071459736e-08, 6.612254217716109e-08, 5.6324876824902355e-08, 6.829661450177874e-08, 4.8550336077946284e-08, 2.813742297699649e-08, 2.9329692463081806e-08, 2.5509513865060242e-08, 1.9005174303169738e-08, 1.4235687604867202e-08, 1.6177392767702868e-08, 1.1286263197870113e-08, 8.848325036015467e-09, 1.0856098318178799e-08, 8.765417250531577e-09, 6.552521490733407e-09, 5.899302235589105e-09, 6.372326972330767e-09, 4.22951582273329e-09, 4.689346281163606e-09, 6.271046322646464e-09, 5.927854455877783e-09, 4.96624499955697e-09, 5.795261436295296e-09, 5.444705766347944e-09, 3.797434628953772e-09, 3.1354793144053547e-09, 2.880728821546969e-09, 2.2435926692074396e-09, 1.6726054531620897e-09, 1.6611758432594613e-09, 1.2538834669155539e-09, 1.0012016257857311e-09, 8.015323547054556e-10, 8.235139010866158e-10, 7.032736848799517e-10, 5.484990827717036e-10, 6.311866106920256e-10, 6.334062415621575e-10, 4.3525289787579953e-10, 3.7540904100910334e-10, 4.07602219912249e-10, 3.6341447939373673e-10, 2.330146452677653e-10, 2.4979328775551515e-10, 2.531765067333841e-10, 1.886075567151004e-10], 'preconditioner metadata': [{}, {}, {}, {}, {}, {}, {}, {}, {}, {}, {}, {}, {}, {}, {}, {}, {}, {}, {}, {}, {}, {}, {}, {}, {}, {}, {}, {}, {}, {}, {}, {}, {}, {}, {}, {}, {}, {}, {}, {}, {}, {}, {}, {}, {}, {}, {}, {}, {}, {}, {}, {}, {}, {}, {}, {}, {}, {}, {}, {}, {}, {}, {}, {}, {}, {}, {}, {}, {}, {}, {}, {}, {}, {}, {}, {}, {}, {}, {}, {}, {}, {}, {}, {}, {}, {}, {}, {}, {}, {}, {}, {}, {}, {}, {}, {}, {}, {}, {}, {}, {}, {}, {}, {}, {}, {}, {}, {}, {}, {}, {}, {}, {}, {}, {}, {}, {}, {}, {}, {}, {}, {}, {}, {}, {}, {}, {}, {}, {}, {}, {}, {}, {}, {}, {}, {}, {}, {}, {}, {}, {}, {}, {}, {}, {}, {}, {}, {}, {}, {}, {}, {}, {}, {}, {}, {}, {}, {}, {}, {}, {}, {}, {}, {}, {}, {}, {}, {}, {}, {}, {}, {}, {}, {}, {}, {}, {}, {}]}",1.8938996893101048e-10,,"[498.46295166015625, 497.4307556152344, 497.579345703125, 497.7469482421875, 497.6735534667969, 497.6160583496094, 497.656982421875, 497.63323974609375, 497.5207824707031, 497.5572814941406]",[467.8525390625],[1826.1434326171875],[1923.7921142578125],[1.9184000492095947],[1.5891519784927368],
2026-10-05T10:01:36.530682+00:00,continuous coefficient 2D,5,"uniform(2D,8)",S8,S8,S8,"CG(HybridSchwarz(torch.float32, Inv(), CUDSS), bsr_matmul=True)",False,0,1,10,2752512,230759424,"{'iterations': 152, 'residual norms': [13.455702468758284, 9.853201143799804, 14.97321791315064, 12.664301335237115, 8.710705935661453, 15.649634853717119, 10.154454345659735, 12.772921023185106, 8.448513290315853, 4.398235136826642, 4.262892239378998, 3.195091024259697, 1.9299184650721062, 1.4896058608376037, 1.0889132778883537, 0.7979968864403335, 0.650369133541549, 0.4422381076425182, 0.212579281390631, 0.13385939877457056, 0.08252673868180455, 0.1085689528581087, 0.20416107904378367, 0.09234924300429477, 0.09746815688424802, 0.06542510652589757, 0.07431141734887907, 0.046735458453285784, 0.022398728933650382, 0.026652882093852852, 0.0225188643830538, 0.022642710274999134, 0.03002049397225116, 0.01810221598154779, 0.01863010081024599, 0.011003976154519193, 0.010070819412797607, 0.01621844076637476, 0.009066281323501943, 0.011794066816700753, 0.008020020445581422, 0.0068305450221478, 0.00499212443981927, 0.0024493441401950236, 0.002844199303419397, 0.0020781636773300497, 0.0014919970795858328, 0.001248124936497326, 0.0009809725472342957, 0.0008983400080198202, 0.001076388187457373, 0.0009938128907553741, 0.0011017564904362061, 0.0009142874805387577, 0.0006780825050525617, 0.0005890512132654429, 0.000498377969874498, 0.0003792798211239239, 0.0003214932555864836, 0.00024385152145445083, 0.00024996478467134145, 0.00024853652544506397, 0.0001595563099010263, 0.00011342060640471965, 0.0001182528102732158, 8.77187663988652e-05, 0.00010928732220913814, 7.657337667495693e-05, 6.753883364643426e-05, 6.651810524381902e-05, 4.933881749156554e-05, 5.045823831872637e-05, 4.344748861205681e-05, 2.4997767631258944e-05, 2.1178780811401906e-05, 1.5600927163393285e-05, 1.4288369181554704e-05, 2.1280809196213592e-05, 1.3626837241997028e-05, 1.645812749120681e-05, 1.545489937683097e-05, 1.0958475928001193e-05, 1.1536771754891324e-05, 7.80975210547632e-06, 5.6568233663505455e-06, 5.182259740124006e-06, 3.396745141836351e-06, 3.6066870989108096e-06, 2.808278219442761e-06, 1.8416618221744129e-06, 1.974593148569219e-06, 1.2501035287146614e-06, 1.4052939301528642e-06, 1.4943131124519016e-06, 1.3149180474610593e-06, 1.0628229757933266e-06, 8.019800497943001e-07, 6.410799260561381e-07, 6.505686869270171e-07, 5.359414463867267e-07, 4.875479389482011e-07, 4.5915108897745247e-07, 3.573934032136196e-07, 2.8038400211940797e-07, 3.063133444936215e-07, 2.3458243622030882e-07, 2.2131262216124751e-07, 1.9810131649953846e-07, 1.6224804021104326e-07, 1.699494895587804e-07, 1.1866398641795137e-07, 1.1691297593310687e-07, 1.1735577851832141e-07, 7.427960790868436e-08, 7.095167859651997e-08, 4.364321772784053e-08, 3.23615363771825e-08, 3.383365330464067e-08, 2.2215522119145165e-08, 2.6497074995863038e-08, 1.9193460993747772e-08, 1.6253224975820587e-08, 1.8189738714209266e-08, 1.2436943979190772e-08, 1.3137769895865637e-08, 1.3943534774490434e-08, 1.0407915140049722e-08, 1.119043905432709e-08, 7.564293355320746e-09, 6.697841319516263e-09, 6.427897928097025e-09, 4.697002479224483e-09, 4.017734657527086e-09, 3.6157766433510973e-09, 2.3542558218267884e-09, 2.577134800780024e-09, 2.389580124015035e-09, 1.97334496165374e-09, 2.073301943435421e-09, 1.490696212130336e-09, 1.3812863606861776e-09, 1.1218460666815111e-09, 8.147948939389234e-10, 8.725844726522172e-10, 6.225118973190789e-10, 4.5118170051381343e-10, 4.771516518419245e-10, 3.249724243028699e-10, 3.312783995627028e-10, 2.731748309131279e-10, 2.3046559938331354e-10, 2.3672058445294276e-10, 1.9255178524412014e-10], 'preconditioner metadata': [{}, {}, {}, {}, {}, {}, {}, {}, {}, {}, {}, {}, {}, {}, {}, {}, {}, {}, {}, {}, {}, {}, {}, {}, {}, {}, {}, {}, {}, {}, {}, {}, {}, {}, {}, {}, {}, {}, {}, {}, {}, {}, {}, {}, {}, {}, {}, {}, {}, {}, {}, {}, {}, {}, {}, {}, {}, {}, {}, {}, {}, {}, {}, {}, {}, {}, {}, {}, {}, {}, {}, {}, {}, {}, {}, {}, {}, {}, {}, {}, {}, {}, {}, {}, {}, {}, {}, {}, {}, {}, {}, {}, {}, {}, {}, {}, {}, {}, {}, {}, {}, {}, {}, {}, {}, {}, {}, {}, {}, {}, {}, {}, {}, {}, {}, {}, {}, {}, {}, {}, {}, {}, {}, {}, {}, {}, {}, {}, {}, {}, {}, {}, {}, {}, {}, {}, {}, {}, {}, {}, {}, {}, {}, {}, {}, {}, {}, {}, {}, {}, {}, {}]}",1.932139620307313e-10,,"[438.8096008300781, 438.1086730957031, 437.88958740234375, 438.07757568359375, 437.8597717285156, 437.76727294921875, 437.8553466796875, 437.7685546875, 437.8100280761719, 437.85638427734375]",[282.38275146484375],[1844.5738525390625],[2260.034912109375],[1.8987200260162354],[1.3857280015945435],
2026-10-05T10:01:46.224102+00:00,continuous coefficient 2D,5,"uniform(2D,8)",S8,S8,S8,"CG(AdditiveSchwarz(torch.float32, Inv(torch.float16), CUDSS, const_dofs_per_coarse=False), bsr_matmul=True)",False,0,1,10,2752512,230759424,"{'iterations': 178, 'residual norms': [0.23042262653948303, 13.457786649788446, 10.60339846669529, 16.28570002287194, 12.697213806100512, 14.32979840384337, 9.521525315347604, 18.34335060164797, 9.856043624477095, 14.300058791853939, 12.25254143415473, 6.8984266560815755, 4.844043717546493, 5.508589552447612, 4.252768675058184, 3.090501085589782, 2.910705984115944, 3.0659261206198556, 1.089197663750091, 1.2033158220933455, 1.1900765704604703, 1.0572999248405066, 0.37279996217395545, 0.28365558114581396, 0.1363896457944065, 0.12456211986450148, 0.08262003397292209, 0.16856226939262153, 0.20279733328232152, 0.15880216387299212, 0.07924021312851923, 0.08211481777531646, 0.08677385040489298, 0.04286506606494828, 0.03527076838220336, 0.02776461129079867, 0.0177654353776466, 0.016697195346220165, 0.02773598339289431, 0.024185693932692962, 0.019067100771259147, 0.025930989338329723, 0.030934456381031726, 0.019798616277347202, 0.018709402332567238, 0.017897906968917753, 0.013528047925730712, 0.008947538004598564, 0.010784229156144952, 0.007543452903464686, 0.0072429876730053565, 0.008179286163951374, 0.005753410892138966, 0.002690113648986534, 0.002424940826049642, 0.002940573211743379, 0.0024294511733822066, 0.0019423580761211685, 0.0013412834096006585, 0.0012778445041758686, 0.0007402030436090387, 0.0007142248017526034, 0.0006148049739279635, 0.0004891843228407699, 0.00031136715915804455, 0.00031451863242544097, 0.0003724114273276774, 0.0002930000900015002, 0.0002751711267862715, 0.0002502454771641925, 0.0002784843054804476, 0.000177648497971001, 0.00019202506372449833, 0.0002493460404354486, 0.00020241631585468138, 0.00019568981516805367, 0.00020364514067809932, 0.00016334203548920735, 9.369924035755047e-05, 8.058685816567733e-05, 7.801290293520573e-05, 6.833555541010906e-05, 8.061003098164771e-05, 8.882366597631535e-05, 8.417420680027026e-05, 4.624657747634922e-05, 3.60807902674544e-05, 3.7655424855598996e-05, 2.5699044954751905e-05, 2.2659649349172117e-05, 2.237384086332644e-05, 3.150507327010889e-05, 2.0717600962393705e-05, 1.8522995136862366e-05, 1.7775972352533196e-05, 1.3344259486996634e-05, 1.0467294041526775e-05, 1.1070057438300912e-05, 8.237678307657407e-06, 4.716443216938721e-06, 4.691561338009088e-06, 3.405199259850495e-06, 2.011836739290311e-06, 1.2866155950838012e-06, 1.4437840103271424e-06, 1.2814431831649897e-06, 1.0976843914433448e-06, 1.1445449189427334e-06, 1.2964861646217444e-06, 1.0283245357820078e-06, 1.0881445616887835e-06, 1.2992171035459916e-06, 1.0894006015874867e-06, 1.0189113412312305e-06, 9.211466294848952e-07, 9.052659493789917e-07, 5.550877954579847e-07, 4.909440756158557e-07, 5.005587847407258e-07, 4.542460163112909e-07, 3.38319736087825e-07, 2.726520032146887e-07, 3.200986113015464e-07, 2.471706194076902e-07, 1.8783484799516854e-07, 2.474391178074968e-07, 1.984436776629681e-07, 1.5141329672649738e-07, 1.345493312072497e-07, 1.1528232482962325e-07, 8.881083956472983e-08, 7.430104120018805e-08, 9.43551538129792e-08, 6.989714332612244e-08, 5.6833193500911094e-08, 6.646009243804574e-08, 5.2538138320258606e-08, 3.056934263529683e-08, 2.981180928094909e-08, 2.5905820177654364e-08, 2.0641624079663445e-08, 1.515133849929686e-08, 1.6506080199779763e-08, 1.232864649138765e-08, 9.434566070888175e-09, 1.0602330549541798e-08, 9.10864508390624e-09, 7.477551542298437e-09, 5.883304876334306e-09, 6.590176968072369e-09, 4.839203249247103e-09, 4.52772458872789e-09, 4.803332002534444e-09, 6.454037683985421e-09, 5.586458259587309e-09, 4.953822306078717e-09, 5.615862879356263e-09, 5.0242763308230025e-09, 3.4111154515567145e-09, 2.8945875828725646e-09, 2.7624287862270304e-09, 1.915930779057554e-09, 1.643930176111731e-09, 1.5312390283120505e-09, 1.2264583359127103e-09, 8.072992646284288e-10, 8.835886824190176e-10, 7.864376731860229e-10, 5.471522311528558e-10, 6.027688700075804e-10, 6.64417533456563e-10, 4.722587170826542e-10, 3.808869490699939e-10, 4.130904389683359e-10, 3.798536732073251e-10, 2.535192694633081e-10, 2.7268811485731475e-10, 2.6279889838860695e-10, 1.955310721369275e-10], 'preconditioner metadata': [{}, {}, {}, {}, {}, {}, {}, {}, {}, {}, {}, {}, {}, {}, {}, {}, {}, {}, {}, {}, {}, {}, {}, {}, {}, {}, {}, {}, {}, {}, {}, {}, {}, {}, {}, {}, {}, {}, {}, {}, {}, {}, {}, {}, {}, {}, {}, {}, {}, {}, {}, {}, {}, {}, {}, {}, {}, {}, {}, {}, {}, {}, {}, {}, {}, {}, {}, {}, {}, {}, {}, {}, {}, {}, {}, {}, {}, {}, {}, {}, {}, {}, {}, {}, {}, {}, {}, {}, {}, {}, {}, {}, {}, {}, {}, {}, {}, {}, {}, {}, {}, {}, {}, {}, {}, {}, {}, {}, {}, {}, {}, {}, {}, {}, {}, {}, {}, {}, {}, {}, {}, {}, {}, {}, {}, {}, {}, {}, {}, {}, {}, {}, {}, {}, {}, {}, {}, {}, {}, {}, {}, {}, {}, {}, {}, {}, {}, {}, {}, {}, {}, {}, {}, {}, {}, {}, {}, {}, {}, {}, {}, {}, {}, {}, {}, {}, {}, {}, {}, {}, {}, {}, {}, {}, {}, {}, {}, {}]}",1.962680198800791e-10,,"[487.4962463378906, 486.8439636230469, 486.9700622558594, 487.17669677734375, 486.7807922363281, 487.1648254394531, 487.0855712890625, 486.5219421386719, 486.71533203125, 487.0534973144531]",[425.2218017578125],[1826.482177734375],[1926.3831787109375],[1.888159990310669],[1.5446399450302124],
2026-10-05T10:01:55.536509+00:00,continuous coefficient 2D,5,"uniform(2D,8)",S8,S8,S8,"CG(HybridSchwarz(torch.float32, Inv(torch.float16), CUDSS), bsr_matmul=True)",False,0,1,10,2752512,230759424,"{'iterations': 151, 'residual norms': [13.455702880392565, 9.853226383148039, 14.973259645987458, 12.664293228025969, 8.710730224045529, 15.650156947668282, 10.15441609269732, 12.773163118105964, 8.449539740739281, 4.398239558596378, 4.262779516462906, 3.1953658036567627, 1.9299948035511378, 1.4943268042817492, 1.088741565729563, 0.7967013839853487, 0.6523874942069557, 0.4469445327620459, 0.21356570472512704, 0.13425776338222314, 0.08179246346138232, 0.10787444068016136, 0.2052660298095105, 0.09537179322494012, 0.09791685670100583, 0.06677720879658763, 0.07429559845786352, 0.04540622113807524, 0.022738014083994465, 0.025608363025040503, 0.022878070303903396, 0.022536484838423146, 0.02940571226400023, 0.018231052228625404, 0.01849392057480162, 0.01109329663477793, 0.010125677629219402, 0.0155632697063023, 0.009488572418101509, 0.01123701203734242, 0.008281100587908975, 0.0070150204120236455, 0.004979132830891421, 0.002529094639488142, 0.0027776959867623183, 0.0021984146469745725, 0.001551411842294519, 0.001198165901510237, 0.0010348327023252982, 0.0008506856510194427, 0.0010168715414919987, 0.0010098694182937424, 0.0010550224855628636, 0.0009430736896730227, 0.0007121067085502959, 0.0005641345038964362, 0.0005296349804889104, 0.0003701696891855952, 0.0003126475854735351, 0.0002578941912316011, 0.00024068250672772733, 0.0002619405237899902, 0.00016900591633406593, 0.00010951754882728837, 0.0001228434340320873, 8.529270947116482e-05, 0.00011270481625347032, 8.085462634431902e-05, 6.558565361000077e-05, 6.843342104576259e-05, 5.0909259483782134e-05, 4.914097389123219e-05, 4.6762936027636406e-05, 2.5184929306477225e-05, 2.1328174794615864e-05, 1.6144000750543053e-05, 1.3781894572297058e-05, 2.0763004907820292e-05, 1.4004329465077807e-05, 1.5414271051849367e-05, 1.592490668125574e-05, 1.1245302963550755e-05, 1.1566743546185764e-05, 8.263924354634163e-06, 5.52999890053703e-06, 5.38453993560266e-06, 3.5342558169708023e-06, 3.559353966445489e-06, 2.8922030641017716e-06, 1.8566983533902853e-06, 1.962378526407603e-06, 1.303700504793299e-06, 1.385060126120261e-06, 1.4491766365048081e-06, 1.355891777190715e-06, 1.0621141672493123e-06, 8.191739207878741e-07, 6.694336164525435e-07, 6.098365220216814e-07, 5.732629171009599e-07, 4.853995478044558e-07, 4.529736252586492e-07, 3.871878494932472e-07, 2.7334514868003106e-07, 3.0830264851848824e-07, 2.3995051377290384e-07, 2.1760405784442363e-07, 2.0919516265687693e-07, 1.5782203894869728e-07, 1.7187602630955307e-07, 1.2740524888572363e-07, 1.1113940651795218e-07, 1.2422217100516356e-07, 7.788923660422887e-08, 7.13334657582538e-08, 5.0434015472412736e-08, 3.262285761751821e-08, 3.309519431020903e-08, 2.469016563357935e-08, 2.442647434718729e-08, 2.1501176852750802e-08, 1.6883163149935375e-08, 1.5946148207439173e-08, 1.5216117904186674e-08, 1.1951022755895345e-08, 1.385082782859829e-08, 1.2432999711622565e-08, 9.740557583834592e-09, 9.27117092294847e-09, 6.578355251254547e-09, 6.435548014811444e-09, 5.669006188427292e-09, 3.7506644608942935e-09, 4.149333968983644e-09, 2.5117034118552085e-09, 2.3979786844391404e-09, 2.50823397553947e-09, 2.021500514249428e-09, 2.088768804254646e-09, 1.6227614672023323e-09, 1.413882743507187e-09, 1.2207284616158915e-09, 8.57338213746864e-10, 8.572254343657963e-10, 7.09110136887401e-10, 4.678416116929263e-10, 4.683347369863204e-10, 3.62582506636854e-10, 3.245319459967033e-10, 2.850767044576173e-10, 2.4362108141548365e-10, 2.2703931887743112e-10], 'preconditioner metadata': [{}, {}, {}, {}, {}, {}, {}, {}, {}, {}, {}, {}, {}, {}, {}, {}, {}, {}, {}, {}, {}, {}, {}, {}, {}, {}, {}, {}, {}, {}, {}, {}, {}, {}, {}, {}, {}, {}, {}, {}, {}, {}, {}, {}, {}, {}, {}, {}, {}, {}, {}, {}, {}, {}, {}, {}, {}, {}, {}, {}, {}, {}, {}, {}, {}, {}, {}, {}, {}, {}, {}, {}, {}, {}, {}, {}, {}, {}, {}, {}, {}, {}, {}, {}, {}, {}, {}, {}, {}, {}, {}, {}, {}, {}, {}, {}, {}, {}, {}, {}, {}, {}, {}, {}, {}, {}, {}, {}, {}, {}, {}, {}, {}, {}, {}, {}, {}, {}, {}, {}, {}, {}, {}, {}, {}, {}, {}, {}, {}, {}, {}, {}, {}, {}, {}, {}, {}, {}, {}, {}, {}, {}, {}, {}, {}, {}, {}, {}, {}, {}, {}]}",2.2759728033048422e-10,,"[425.8608093261719, 425.7064514160156, 425.41644287109375, 425.37237548828125, 425.3392333984375, 425.3816223144531, 425.35662841796875, 425.3473815917969, 425.78216552734375, 425.40728759765625]",[283.4473571777344],[1825.3067626953125],[2322.364990234375],[1.7918399572372437],[1.3536640405654907],
2026-10-05T10:02:05.301651+00:00,continuous coefficient 2D,5,"uniform(2D,8)",S8,S8,S8,"CG(AdditiveSchwarz(torch.float32, Inv(torch.bfloat16), CUDSS, const_dofs_per_coarse=False), bsr_matmul=True)",False,0,1,10,2752512,230759424,"{'iterations': 182, 'residual norms': [0.23042262653948303, 13.457786206051349, 10.60517986245967, 16.28714117002521, 12.702887318792264, 14.326648702292752, 9.517793081062717, 18.348133530114126, 9.883928368577633, 14.30899334864022, 12.125555705772689, 6.911135508663963, 4.903733781656454, 5.608127433742191, 4.164818534415477, 3.188534178889072, 2.872285135765534, 3.1936587782999384, 1.1387335663527678, 1.2042957491898993, 1.1872988911959779, 1.063745590330536, 0.48641583853733594, 0.28658600540569706, 0.15982312113171765, 0.11963885164115769, 0.09029269414987731, 0.11994278124918162, 0.23040275563700147, 0.15608113817030367, 0.09246354182329611, 0.0739442414563652, 0.09914193098250923, 0.050308901880908856, 0.03694331034574679, 0.030611965849804502, 0.02062032917365433, 0.016647723613985463, 0.021366274235877933, 0.028456177880683782, 0.01894039655744733, 0.023170805608424598, 0.030282805272010334, 0.025280878340721964, 0.018538191273184287, 0.01806527093816499, 0.01637307113969125, 0.010781654670126825, 0.009615995471697955, 0.009168595604009185, 0.007954993799976835, 0.0075900823648929775, 0.007046724779566915, 0.004960654059368459, 0.0030145032544245127, 0.0023814754878092696, 0.0026446701956040733, 0.002547676441949883, 0.0016624869938408633, 0.0014645020300659993, 0.0011940930210611904, 0.0008603413005022083, 0.0006169630366017882, 0.0005543512551940157, 0.0005219852326665743, 0.0003018172164518307, 0.0003455878291433425, 0.00033147408795537834, 0.0002660191748357834, 0.00024755955564410555, 0.0003111827542647073, 0.00021920648266123146, 0.00017748099190101368, 0.0002455467148625132, 0.00021046897100901511, 0.00017967675985943357, 0.00018743469882405363, 0.00021965381360800675, 0.00013846552036386433, 0.0001087709203037108, 9.135117590865104e-05, 7.137598481367092e-05, 6.483310296996816e-05, 7.763197089240101e-05, 8.816797412055001e-05, 6.748198367645153e-05, 5.5997594304491544e-05, 5.029436730911223e-05, 3.397390173787384e-05, 2.5195342537014593e-05, 2.266473373339952e-05, 2.7264797210088313e-05, 2.3391217729381606e-05, 1.958013927791442e-05, 2.2941308083188297e-05, 1.8865929365048128e-05, 1.3011256552194709e-05, 1.2303873714425926e-05, 1.1270795984118315e-05, 7.71285965191999e-06, 6.762242469653717e-06, 5.686966450649038e-06, 4.329103606461565e-06, 2.236001697245533e-06, 2.0830919288483157e-06, 1.9458727448320456e-06, 1.3895388369045715e-06, 1.1980763718382663e-06, 1.2981251374034904e-06, 1.303566319420574e-06, 9.753319315348517e-07, 1.0322590612721035e-06, 1.038118336819088e-06, 1.096615986388745e-06, 9.208281401564417e-07, 1.108982168406119e-06, 9.517672977798561e-07, 7.512533761170046e-07, 7.414108152813478e-07, 7.241185594434024e-07, 5.298842367535843e-07, 4.186902601066186e-07, 4.932615270569758e-07, 3.8126679429507826e-07, 2.3236521421211826e-07, 2.3171282521588986e-07, 2.4509225732421654e-07, 1.6950904133370653e-07, 1.6895002223061336e-07, 1.754849690146638e-07, 1.3623340547754994e-07, 1.0036929226980713e-07, 1.1282665386408517e-07, 9.728765650693667e-08, 7.737806974313625e-08, 8.322686846222127e-08, 8.512146433331024e-08, 5.2504521962635556e-08, 4.605329280670482e-08, 3.8069528628767053e-08, 3.445728044039041e-08, 2.3403790832616958e-08, 2.1731729157460085e-08, 2.1772352342981e-08, 1.627944623752768e-08, 1.4276301230317524e-08, 1.225137284457796e-08, 1.2550665287499443e-08, 7.713505723780639e-09, 8.012415772343434e-09, 7.628272432437499e-09, 5.701025055594177e-09, 4.598748173905746e-09, 5.8396839093632e-09, 5.636436895957471e-09, 4.56595506355003e-09, 4.996056419472895e-09, 5.871250051556199e-09, 4.687270078675523e-09, 3.904964134720597e-09, 4.672310569080072e-09, 3.397186056172984e-09, 2.8994150667436758e-09, 2.828081258216905e-09, 2.70844804242797e-09, 1.8008609171247883e-09, 1.5649508121638749e-09, 1.4413668526894448e-09, 9.986779825962683e-10, 8.010711231205986e-10, 7.926616879989378e-10, 7.565751289966514e-10, 5.590626060789586e-10, 4.754698819235459e-10, 5.074453692890532e-10, 4.0698734164902637e-10, 3.1895408876140094e-10, 3.270575551829095e-10, 3.2204069745884814e-10, 2.35137145943326e-10, 2.3395463406135445e-10, 2.552819865982181e-10, 1.78376279129369e-10], 'preconditioner metadata': [{}, {}, {}, {}, {}, {}, {}, {}, {}, {}, {}, {}, {}, {}, {}, {}, {}, {}, {}, {}, {}, {}, {}, {}, {}, {}, {}, {}, {}, {}, {}, {}, {}, {}, {}, {}, {}, {}, {}, {}, {}, {}, {}, {}, {}, {}, {}, {}, {}, {}, {}, {}, {}, {}, {}, {}, {}, {}, {}, {}, {}, {}, {}, {}, {}, {}, {}, {}, {}, {}, {}, {}, {}, {}, {}, {}, {}, {}, {}, {}, {}, {}, {}, {}, {}, {}, {}, {}, {}, {}, {}, {}, {}, {}, {}, {}, {}, {}, {}, {}, {}, {}, {}, {}, {}, {}, {}, {}, {}, {}, {}, {}, {}, {}, {}, {}, {}, {}, {}, {}, {}, {}, {}, {}, {}, {}, {}, {}, {}, {}, {}, {}, {}, {}, {}, {}, {}, {}, {}, {}, {}, {}, {}, {}, {}, {}, {}, {}, {}, {}, {}, {}, {}, {}, {}, {}, {}, {}, {}, {}, {}, {}, {}, {}, {}, {}, {}, {}, {}, {}, {}, {}, {}, {}, {}, {}, {}, {}, {}, {}, {}, {}]}",1.7921003382144213e-10,,"[506.0979919433594, 498.18048095703125, 498.2874450683594, 498.319091796875, 498.9132385253906, 498.07244873046875, 498.5052490234375, 498.2351379394531, 497.69720458984375, 497.8541564941406]",[421.38531494140625],[1824.08447265625],[1900.29833984375],[1.4136639833450317],[1.530400037765503],
2026-10-05T10:02:14.742852+00:00,continuous coefficient 2D,5,"uniform(2D,8)",S8,S8,S8,"CG(HybridSchwarz(torch.float32, Inv(torch.bfloat16), CUDSS), bsr_matmul=True)",False,0,1,10,2752512,230759424,"{'iterations': 152, 'residual norms': [13.455706263497166, 9.854814539493836, 14.97872968877246, 12.66357638119301, 8.713337704670007, 15.7056147897198, 10.15393997156604, 12.810089664498133, 8.553651236525464, 4.4026804022267685, 4.260109962870302, 3.2219262895883105, 1.9370756602701615, 1.7900991596174767, 1.0618518381309339, 0.7650258413392653, 0.72338885368802, 0.5129277921877332, 0.22640307714722832, 0.13783854709893897, 0.07911586362825748, 0.10678349321453137, 0.20119857679995806, 0.1110849854264416, 0.09284519320757186, 0.07314895398001678, 0.07334084185562839, 0.04846337049382662, 0.02630930289220541, 0.02357958350868791, 0.024906118106774493, 0.021756379767141832, 0.02604838470915507, 0.02112665193854435, 0.017430913462618523, 0.012841378430807395, 0.010584325517592709, 0.012425050731512845, 0.01197269825148885, 0.010041526792598548, 0.009315498865121683, 0.008105058556501815, 0.005117799565915459, 0.0037752797989250423, 0.0026388126742008166, 0.0023342939196439563, 0.0021331871680418057, 0.0012920119575650234, 0.001103121881948085, 0.0010308420467026738, 0.000828620676299788, 0.0009887002438732444, 0.0011080890228464997, 0.0008506600184450908, 0.0009757273193495195, 0.0005533749310484957, 0.0005616998863642794, 0.00044133195663709543, 0.0003085956629827921, 0.00034443614998179277, 0.00023493982720940285, 0.0002457031257148989, 0.00024780025059611423, 0.00012433614861586181, 0.00014094373396052014, 9.036279923156042e-05, 0.00010164954559929255, 0.00010206430172770732, 7.336990957848665e-05, 6.996803146894308e-05, 6.0705075122423557e-05, 4.6501680939078514e-05, 5.260045880221128e-05, 3.2317199307590494e-05, 2.8174710095714012e-05, 2.0546698575176295e-05, 1.5612659996808462e-05, 1.5255110425461622e-05, 1.6054340841144377e-05, 1.4781024197613698e-05, 1.7156167322983512e-05, 1.4003035530866087e-05, 1.1239758575025447e-05, 1.1387320979720342e-05, 7.190662673968445e-06, 6.722953450069083e-06, 5.03326924524346e-06, 3.8937620519507195e-06, 3.369819619705958e-06, 2.5699202943458934e-06, 2.251020570975032e-06, 1.8144040506021047e-06, 1.421229847588304e-06, 1.2112752946442428e-06, 1.5041732571933482e-06, 1.3008672487115137e-06, 1.0598793774557768e-06, 9.909656504670953e-07, 6.460947258011233e-07, 6.528168972339413e-07, 5.600594159501314e-07, 4.4294520057173203e-07, 5.135575956813894e-07, 3.2511686501684605e-07, 3.330591766787351e-07, 2.635171633677399e-07, 2.087961198298705e-07, 2.572055536994197e-07, 1.9446539331306977e-07, 1.793292103114751e-07, 1.623387266063869e-07, 1.1523448364027943e-07, 1.3227612254725748e-07, 1.062268923614063e-07, 8.174214752799985e-08, 7.586407466762597e-08, 4.8468831116667107e-08, 3.7590227598119747e-08, 3.6219022178722756e-08, 2.6049679302719333e-08, 2.444896657591991e-08, 2.206728390063801e-08, 1.7316906811857722e-08, 1.802946994133424e-08, 1.3598867062041395e-08, 1.2497621106726509e-08, 1.3453013650379443e-08, 1.1230405639315409e-08, 1.1267862665162954e-08, 9.646056864271562e-09, 7.030519136233604e-09, 6.48072251432033e-09, 5.198394361949739e-09, 4.4131624928424145e-09, 3.747889181789829e-09, 2.7951994501712407e-09, 2.454832236680955e-09, 2.479002471599294e-09, 2.017888787022264e-09, 2.048682227949499e-09, 1.8587086981819804e-09, 1.4041863318121166e-09, 1.2467283485535448e-09, 1.0047689952209358e-09, 8.319928319158066e-10, 7.922049669853505e-10, 5.471972013737142e-10, 4.626359214319499e-10, 4.086143929958228e-10, 2.99718524854982e-10, 3.259912131313552e-10, 2.507641712391071e-10, 2.097675787785871e-10], 'preconditioner metadata': [{}, {}, {}, {}, {}, {}, {}, {}, {}, {}, {}, {}, {}, {}, {}, {}, {}, {}, {}, {}, {}, {}, {}, {}, {}, {}, {}, {}, {}, {}, {}, {}, {}, {}, {}, {}, {}, {}, {}, {}, {}, {}, {}, {}, {}, {}, {}, {}, {}, {}, {}, {}, {}, {}, {}, {}, {}, {}, {}, {}, {}, {}, {}, {}, {}, {}, {}, {}, {}, {}, {}, {}, {}, {}, {}, {}, {}, {}, {}, {}, {}, {}, {}, {}, {}, {}, {}, {}, {}, {}, {}, {}, {}, {}, {}, {}, {}, {}, {}, {}, {}, {}, {}, {}, {}, {}, {}, {}, {}, {}, {}, {}, {}, {}, {}, {}, {}, {}, {}, {}, {}, {}, {}, {}, {}, {}, {}, {}, {}, {}, {}, {}, {}, {}, {}, {}, {}, {}, {}, {}, {}, {}, {}, {}, {}, {}, {}, {}, {}, {}, {}, {}]}",2.1038084673610755e-10,,"[430.1695556640625, 428.8172302246094, 428.4111328125, 428.51397705078125, 428.4000549316406, 430.8668518066406, 429.0184326171875, 428.88262939453125, 432.9635314941406, 428.84637451171875]",[285.8208312988281],[1849.1075439453125],[2284.67724609375],[1.7682240009307861],[1.5344959497451782],
2026-10-05T10:02:38.231672+00:00,continuous coefficient 2D,5,"uniform(2D,8)",S8,S6,S6,"AdditiveSchwarz(torch.float64, Inv(), CUDSS, const_dofs_per_coarse=False)",False,10,10,10,2752512,230759424,{},6.779010815871146,"{'preprocessing time': 0.30028799176216125, 'coarse solver setup time': 1381.210205078125, 'local solver setup time': 761.0944213867188, 'coarse solver solve time': 0.26067519187927246, 'local solver solve time': 4.266678237915039}","[4.632947158813477, 4.640716934204102, 4.636710357666016, 4.639049530029297, 4.636300659179687, 4.637660980224609, 4.636431884765625, 4.638518524169922, 4.636735916137695, 4.636252975463867]",[198.459716796875],[1978.9990234375],[3959.13232421875],[1.6476800441741943],[1.5495680570602417],
2026-10-05T10:02:46.751206+00:00,continuous coefficient 2D,5,"uniform(2D,8)",S8,S6,S6,"HybridSchwarz(torch.float64, Inv(), CUDSS)",False,10,10,10,2752512,230759424,{},6.758181297851778,"{'preprocessing time': 0.2678399980068207, 'coarse solver setup time': 1257.9188232421875, 'local solver setup time': 757.3322143554688, 'coarse solver solve time': 0.2608256101608276, 'local solver solve time': 4.26616325378418}","[4.702691268920899, 4.694655990600586, 4.692339324951172, 4.6949504852294925, 4.699532699584961, 4.6977886199951175, 4.694969558715821, 4.698521423339844, 4.696403121948242, 4.6976158142089846]",[947.002197265625],[1814.1561279296875],[4169.9794921875],[1.6488959789276123],[1.5208319425582886],
2026-10-05T10:02:53.775230+00:00,continuous coefficient 2D,5,"uniform(2D,8)",S8,S6,S6,"AdditiveSchwarz(torch.float64, Inv(torch.float32), CUDSS, const_dofs_per_coarse=False)",False,10,10,10,2752512,230759424,{},6.77901081583161,"{'preprocessing time': 0.279231995344162, 'coarse solver setup time': 1272.458251953125, 'local solver setup time': 766.9476318359375, 'coarse solver solve time': 0.26067841053009033, 'local solver solve time': 2.2715648651123046}","[2.6357887268066404, 2.6340831756591796, 2.6339391708374023, 2.6364063262939452, 2.633353614807129, 2.6342304229736326, 2.636412811279297, 2.634668731689453, 2.6311840057373046, 2.63438720703125]",[955.2281494140625],[1845.6591796875],[3056.651611328125],[1.6631040573120117],[1.518623948097229],
2026-10-05T10:03:01.475409+00:00,continuous coefficient 2D,5,"uniform(2D,8)",S8,S6,S6,"HybridSchwarz(torch.float64, Inv(torch.float32), CUDSS)",False,10,10,10,2752512,230759424,{},6.758181297828555,"{'preprocessing time': 0.28412801027297974, 'coarse solver setup time': 1272.345947265625, 'local solver setup time': 787.3800048828125, 'coarse solver solve time': 0.26064000129699705, 'local solver solve time': 2.269856071472168}","[2.6958591461181642, 2.697702407836914, 2.696076774597168, 2.6960960388183595, 2.6935903549194338, 2.7089536666870115, 2.695568084716797, 2.6967967987060546, 2.6975072860717773, 2.7041311264038086]",[1105.864990234375],[1840.1341552734375],[3414.90380859375],[1.4824639558792114],[1.2814719676971436],
2026-10-05T10:03:07.943992+00:00,continuous coefficient 2D,5,"uniform(2D,8)",S8,S6,S6,"AdditiveSchwarz(torch.float64, Inv(torch.float16), CUDSS, const_dofs_per_coarse=False)",False,10,10,10,2752512,230759424,{},6.779010911628206,"{'preprocessing time': 0.3148159980773926, 'coarse solver setup time': 1279.6553955078125, 'local solver setup time': 762.7882080078125, 'coarse solver solve time': 0.2606591939926147, 'local solver solve time': 1.3167296409606934}","[1.6921951293945312, 1.6947551727294923, 1.6925151824951172, 1.6941951751708983, 1.69366397857666, 1.6947935104370118, 1.6955583572387696, 1.6934591293334962, 1.693667221069336, 1.6938495635986328]",[951.1727905273438],[1845.6240234375],[2678.602294921875],[7.253376007080078],[1.276095986366272],
2026-10-05T10:03:15.166456+00:00,continuous coefficient 2D,5,"uniform(2D,8)",S8,S6,S6,"HybridSchwarz(torch.float64, Inv(torch.float16), CUDSS)",False,10,10,10,2752512,230759424,{},6.758181258821913,"{'preprocessing time': 0.27219200134277344, 'coarse solver setup time': 1262.155029296875, 'local solver setup time': 756.3020629882812, 'coarse solver solve time': 0.2605887889862061, 'local solver solve time': 1.3162240028381347}","[1.7483680725097657, 1.7488767623901367, 1.768137550354004, 1.7494752883911133, 1.7504863739013672, 1.7481632232666016, 1.7504959106445312, 1.7497760772705078, 1.7491199493408203, 1.749292755126953]",[960.389892578125],[1827.0184326171875],[2991.549072265625],[1.4917759895324707],[1.5312000513076782],
2026-10-05T10:03:21.934725+00:00,continuous coefficient 2D,5,"uniform(2D,8)",S8,S6,S6,"AdditiveSchwarz(torch.float64, Inv(torch.bfloat16), CUDSS, const_dofs_per_coarse=False)",False,10,10,10,2752512,230759424,{},6.779021695274858,"{'preprocessing time': 0.2740800082683563, 'coarse solver setup time': 1286.2435302734375, 'local solver setup time': 757.46826171875, 'coarse solver solve time': 0.2603775978088379, 'local solver solve time': 1.3185791969299316}","[1.6951679229736327, 1.6947744369506836, 1.7110464096069335, 1.6981952667236329, 1.6957759857177734, 1.696723175048828, 1.6954496383666993, 1.6974815368652343, 1.6974943161010743, 1.6954559326171874]",[960.2642211914062],[1827.46337890625],[2679.494384765625],[1.6969599723815918],[1.2664320468902588],
2026-10-05T10:03:28.738231+00:00,continuous coefficient 2D,5,"uniform(2D,8)",S8,S6,S6,"HybridSchwarz(torch.float64, Inv(torch.bfloat16), CUDSS)",False,10,10,10,2752512,230759424,{},6.758187966501537,"{'preprocessing time': 0.27324798703193665, 'coarse solver setup time': 1264.1531982421875, 'local solver setup time': 752.0277709960938, 'coarse solver solve time': 0.2604991912841797, 'local solver solve time': 1.3180831909179687}","[1.7514848709106445, 1.7514751434326172, 1.7506464004516602, 1.7516351699829102, 1.750998306274414, 1.7505376815795899, 1.7505504608154296, 1.7498176574707032, 1.7518560409545898, 1.7514272689819337]",[960.7493286132812],[1859.200927734375],[2989.899169921875],[1.5255680084228516],[1.5166720151901245],
2026-10-05T10:03:35.667085+00:00,continuous coefficient 2D,5,"uniform(2D,8)",S8,S6,S6,"AdditiveSchwarz(torch.float32, Inv(), CUDSS, const_dofs_per_coarse=False)",False,10,10,10,2752512,230759424,{},6.778996916701809,"{'preprocessing time': 0.2667520046234131, 'coarse solver setup time': 1285.26123046875, 'local solver setup time': 655.974365234375, 'coarse solver solve time': 0.23646080493927002, 'local solver solve time': 2.3049312591552735}","[2.6657951354980467, 2.666774368286133, 2.66409912109375, 2.6618816375732424, 2.6639232635498047, 2.66231689453125, 2.6633087158203126, 2.661788749694824, 2.661612892150879, 2.6596031188964844]",[956.0651245117188],[1837.300537109375],[2963.32373046875],[1.7006399631500244],[1.5286719799041748],
2026-10-05T10:03:42.650414+00:00,continuous coefficient 2D,5,"uniform(2D,8)",S8,S6,S6,"HybridSchwarz(torch.float32, Inv(), CUDSS)",False,10,10,10,2752512,230759424,{},6.758168909973546,"{'preprocessing time': 0.3023039996623993, 'coarse solver setup time': 1285.1307373046875, 'local solver setup time': 641.21533203125, 'coarse solver solve time': 0.23642239570617676, 'local solver solve time': 2.305718421936035}","[2.7029792785644533, 2.700815963745117, 2.7039936065673826, 2.700905609130859, 2.701055908203125, 2.699862480163574, 2.7004064559936523, 2.7021631240844726, 2.7031455993652345, 2.7037248611450195]",[586.3720703125],[1851.5179443359375],[3283.847412109375],[6.741856098175049],[1.5903040170669556],
2026-10-05T10:03:48.942045+00:00,continuous coefficient 2D,5,"uniform(2D,8)",S8,S6,S6,"AdditiveSchwarz(torch.float32, Inv(torch.float16), CUDSS, const_dofs_per_coarse=False)",False,10,10,10,2752512,230759424,{},6.77899720642996,"{'preprocessing time': 0.2930240035057068, 'coarse solver setup time': 1280.983642578125, 'local solver setup time': 637.3862915039062, 'coarse solver solve time': 0.2367232084274292, 'local solver solve time': 1.3581600189208984}","[1.7340768814086913, 1.733919906616211, 1.7332063674926759, 1.7339679718017578, 1.7344192504882812, 1.7329055786132812, 1.7339231491088867, 1.7340608596801759, 1.732851219177246, 1.734396743774414]",[774.8294677734375],[1871.544677734375],[2560.8994140625],[1.691872000694275],[1.5243200063705444],
2026-10-05T10:03:55.248232+00:00,continuous coefficient 2D,5,"uniform(2D,8)",S8,S6,S6,"HybridSchwarz(torch.float32, Inv(torch.float16), CUDSS)",False,10,10,10,2752512,230759424,{},6.75816782519091,"{'preprocessing time': 0.2758080065250397, 'coarse solver setup time': 1277.7825927734375, 'local solver setup time': 633.7854614257812, 'coarse solver solve time': 0.236409592628479, 'local solver solve time': 1.3585984230041503}","[1.7672063827514648, 1.7676767349243163, 1.7651679992675782, 1.7686527252197266, 1.7678047180175782, 1.7686431884765625, 1.7674495697021484, 1.782953643798828, 1.7690431594848632, 1.767545509338379]",[582.745361328125],[1863.52197265625],[2889.098388671875],[1.546463966369629],[1.5141760110855103],
2026-10-05T10:04:01.537598+00:00,continuous coefficient 2D,5,"uniform(2D,8)",S8,S6,S6,"AdditiveSchwarz(torch.float32, Inv(torch.bfloat16), CUDSS, const_dofs_per_coarse=False)",False,10,10,10,2752512,230759424,{},6.779005574586529,"{'preprocessing time': 0.2619839906692505, 'coarse solver setup time': 1322.967529296875, 'local solver setup time': 644.96435546875, 'coarse solver solve time': 0.23693759441375734, 'local solver solve time': 1.3495455741882325}","[1.718057632446289, 1.7185823440551757, 1.720217514038086, 1.7197919845581056, 1.72042236328125, 1.7198848724365234, 1.7277408599853517, 1.7174400329589843, 1.7182207107543945, 1.7192832946777343]",[701.179931640625],[2003.7381591796875],[2606.932373046875],[1.3356159925460815],[1.2603520154953003],
2026-10-05T10:04:07.809032+00:00,continuous coefficient 2D,5,"uniform(2D,8)",S8,S6,S6,"HybridSchwarz(torch.float32, Inv(torch.bfloat16), CUDSS)",False,10,10,10,2752512,230759424,{},6.758175167511241,"{'preprocessing time': 0.27055999636650085, 'coarse solver setup time': 1263.9793701171875, 'local solver setup time': 646.0507202148438, 'coarse solver solve time': 0.23755838871002197, 'local solver solve time': 1.3491456031799316}","[1.7593696594238282, 1.7569856643676758, 1.7589824676513672, 1.757708740234375, 1.757379150390625, 1.7602527618408204, 1.7568992614746093, 1.759267234802246, 1.7568735122680663, 1.757734489440918]",[581.619384765625],[1809.3857421875],[2884.427490234375],[1.5055359601974487],[1.745695948600769],
2026-10-05T10:04:13.750401+00:00,continuous coefficient 2D,5,"uniform(2D,8)",S8,S7,S7,"AdditiveSchwarz(torch.float64, Inv(), CUDSS, const_dofs_per_coarse=False)",False,10,10,10,2752512,230759424,{},9.551406944544711,"{'preprocessing time': 0.27670401334762573, 'coarse solver setup time': 1311.9471435546875, 'local solver setup time': 489.03515625, 'coarse solver solve time': 0.48497281074523924, 'local solver solve time': 1.0974016189575195}","[1.7339008331298829, 1.7192991256713868, 1.7198047637939453, 1.7176511764526368, 1.7149343490600586, 1.7183391571044921, 1.715772819519043, 1.7188512802124023, 1.7196416854858398, 1.7172159194946288]",[701.7689208984375],[1842.65869140625],[2438.622802734375],[1.3705600500106812],[1.268064022064209],
2026-10-05T10:04:19.746793+00:00,continuous coefficient 2D,5,"uniform(2D,8)",S8,S7,S7,"HybridSchwarz(torch.float64, Inv(), CUDSS)",False,10,10,10,2752512,230759424,{},9.543978106804694,"{'preprocessing time': 0.26736000180244446, 'coarse solver setup time': 1311.41796875, 'local solver setup time': 490.09326171875, 'coarse solver solve time': 0.48446078300476075, 'local solver solve time': 1.096720027923584}","[1.8002847671508788, 1.828348731994629, 1.8001535415649415, 1.7993696212768555, 1.8016223907470703, 1.8024320602416992, 1.8008607864379882, 1.8029535293579102, 1.8016735076904298, 1.800726318359375]",[393.7310791015625],[1842.6724853515625],[2771.914794921875],[1.6485439538955688],[1.515328049659729],
2026-10-05T10:04:25.217696+00:00,continuous coefficient 2D,5,"uniform(2D,8)",S8,S7,S7,"AdditiveSchwarz(torch.float64, Inv(torch.float32), CUDSS, const_dofs_per_coarse=False)",False,10,10,10,2752512,230759424,{},9.551406944559703,"{'preprocessing time': 0.26582399010658264, 'coarse solver setup time': 1292.187744140625, 'local solver setup time': 493.7188415527344, 'coarse solver solve time': 0.4861440181732178, 'local solver solve time': 0.6003071784973144}","[1.2256287574768066, 1.2231231689453126, 1.2248064041137696, 1.2249216079711913, 1.2313759803771973, 1.2253151893615724, 1.2289312362670899, 1.2257472038269044, 1.2444255828857422, 1.2259519577026368]",[512.705810546875],[1843.212890625],[2224.406005859375],[1.7121599912643433],[1.5155839920043945],
2026-10-05T10:04:30.936401+00:00,continuous coefficient 2D,5,"uniform(2D,8)",S8,S7,S7,"HybridSchwarz(torch.float64, Inv(torch.float32), CUDSS)",False,10,10,10,2752512,230759424,{},9.54397810680896,"{'preprocessing time': 0.2839359939098358, 'coarse solver setup time': 1311.60888671875, 'local solver setup time': 497.48345947265625, 'coarse solver solve time': 0.485427188873291, 'local solver solve time': 0.6004159927368165}","[1.3071392059326172, 1.307590389251709, 1.3196736335754395, 1.3072287559509277, 1.3087167739868164, 1.3078944206237793, 1.3059264183044434, 1.3063072204589843, 1.3078304290771485, 1.305782413482666]",[400.7203063964844],[1841.505126953125],[2590.455078125],[1.2466559410095215],[1.5133440494537354],
2026-10-05T10:04:36.302764+00:00,continuous coefficient 2D,5,"uniform(2D,8)",S8,S7,S7,"AdditiveSchwarz(torch.float64, Inv(torch.float16), CUDSS, const_dofs_per_coarse=False)",False,10,10,10,2752512,230759424,{},9.551406948124347,"{'preprocessing time': 0.27369600534439087, 'coarse solver setup time': 1316.7021484375, 'local solver setup time': 505.9908752441406, 'coarse solver solve time': 0.48520641326904296, 'local solver solve time': 0.34152319431304934}","[0.9647711753845215, 0.965123176574707, 0.9649120330810547, 0.9736607551574707, 0.9648159980773926, 0.9640383720397949, 0.9645503997802735, 0.9642175674438477, 0.9646880149841308, 0.9640864372253418]",[514.6347045898438],[1855.514404296875],[2164.3525390625],[1.3662400245666504],[1.658784031867981],
2026-10-05T10:04:41.845927+00:00,continuous coefficient 2D,5,"uniform(2D,8)",S8,S7,S7,"HybridSchwarz(torch.float64, Inv(torch.float16), CUDSS)",False,10,10,10,2752512,230759424,{},9.543978079669358,"{'preprocessing time': 0.28966400027275085, 'coarse solver setup time': 1304.604248046875, 'local solver setup time': 494.0794982910156, 'coarse solver solve time': 0.4852128028869629, 'local solver solve time': 0.3414047956466675}","[1.0414496421813966, 1.0427840232849122, 1.0420895576477052, 1.0426752090454101, 1.0492544174194336, 1.0421407699584961, 1.0417471885681153, 1.041648006439209, 1.0409567832946778, 1.0416671752929687]",[399.2801208496094],[1822.2222900390625],[2466.2236328125],[1.5282560586929321],[1.2587519884109497],
2026-10-05T10:04:47.221781+00:00,continuous coefficient 2D,5,"uniform(2D,8)",S8,S7,S7,"AdditiveSchwarz(torch.float64, Inv(torch.bfloat16), CUDSS, const_dofs_per_coarse=False)",False,10,10,10,2752512,230759424,{},9.551405600519441,"{'preprocessing time': 0.3261759877204895, 'coarse solver setup time': 1300.14404296875, 'local solver setup time': 506.0380554199219, 'coarse solver solve time': 0.48734078407287595, 'local solver solve time': 0.3415679931640625}","[0.9647456169128418, 0.9639552116394043, 0.9646944046020508, 0.9643327713012695, 0.9645407676696778, 0.9653408050537109, 0.9644319534301757, 0.9646464347839355, 0.9645055770874024, 0.9649248123168945]",[512.6875],[1859.4935302734375],[2141.5166015625],[1.699552059173584],[1.5309760570526123],
2026-10-05T10:04:53.123534+00:00,continuous coefficient 2D,5,"uniform(2D,8)",S8,S7,S7,"HybridSchwarz(torch.float64, Inv(torch.bfloat16), CUDSS)",False,10,10,10,2752512,230759424,{},9.543978253070895,"{'preprocessing time': 0.2709119915962219, 'coarse solver setup time': 1297.696533203125, 'local solver setup time': 499.84942626953125, 'coarse solver solve time': 0.4850175857543945, 'local solver solve time': 0.3418591976165771}","[1.04136962890625, 1.043228816986084, 1.0440383911132813, 1.042137622833252, 1.0486528396606445, 1.0416768074035645, 1.043062400817871, 1.0419936180114746, 1.042422389984131, 1.0426015853881836]",[408.4949645996094],[1858.265380859375],[2466.21240234375],[1.691391944885254],[1.5172159671783447],
2026-10-05T10:04:58.612737+00:00,continuous coefficient 2D,5,"uniform(2D,8)",S8,S7,S7,"AdditiveSchwarz(torch.float32, Inv(), CUDSS, const_dofs_per_coarse=False)",False,10,10,10,2752512,230759424,{},9.551415747858945,"{'preprocessing time': 0.34348800778388977, 'coarse solver setup time': 1325.429443359375, 'local solver setup time': 471.50982666015625, 'coarse solver solve time': 0.43384318351745604, 'local solver solve time': 0.5771103858947754}","[1.1446847915649414, 1.1459103584289552, 1.1440544128417969, 1.1476223945617676, 1.1496640205383302, 1.145241641998291, 1.1466464042663573, 1.146127986907959, 1.150614356994629, 1.1449088096618651]",[513.3929443359375],[1873.8094482421875],[2205.68017578125],[1.3877760171890259],[1.5268160104751587],
2026-10-05T10:05:04.144946+00:00,continuous coefficient 2D,5,"uniform(2D,8)",S8,S7,S7,"HybridSchwarz(torch.float32, Inv(), CUDSS)",False,10,10,10,2752512,230759424,{},9.543987490772764,"{'preprocessing time': 0.2950400114059448, 'coarse solver setup time': 1299.1068115234375, 'local solver setup time': 481.83197021484375, 'coarse solver solve time': 0.4337920188903809, 'local solver solve time': 0.5776895999908447}","[1.2006112098693849, 1.1999872207641602, 1.2013471603393555, 1.2002176284790038, 1.2016672134399413, 1.200547218322754, 1.2006719589233399, 1.199020767211914, 1.209881591796875, 1.1996416091918944]",[298.4527893066406],[1847.0867919921875],[2518.388427734375],[7.544896125793457],[1.2789759635925293],
2026-10-05T10:05:09.617588+00:00,continuous coefficient 2D,5,"uniform(2D,8)",S8,S7,S7,"AdditiveSchwarz(torch.float32, Inv(torch.float16), CUDSS, const_dofs_per_coarse=False)",False,10,10,10,2752512,230759424,{},9.55141487054662,"{'preprocessing time': 0.27004799246788025, 'coarse solver setup time': 1323.1717529296875, 'local solver setup time': 475.0157775878906, 'coarse solver solve time': 0.43324480056762693, 'local solver solve time': 0.320361590385437}","[0.9050751686096191, 0.9048319816589355, 0.9052319526672363, 0.9042143821716309, 0.9050016403198242, 0.9051424026489258, 0.9054080009460449, 0.9058976173400879, 0.9047039985656739, 0.9059103965759278]",[606.8682250976562],[1826.7406005859375],[2103.46337890625],[1.3622080087661743],[1.5267839431762695],
2026-10-05T10:05:15.035152+00:00,continuous coefficient 2D,5,"uniform(2D,8)",S8,S7,S7,"HybridSchwarz(torch.float32, Inv(torch.float16), CUDSS)",False,10,10,10,2752512,230759424,{},9.543988469773323,"{'preprocessing time': 0.3564800024032593, 'coarse solver setup time': 1306.2000732421875, 'local solver setup time': 491.3101501464844, 'coarse solver solve time': 0.43321919441223145, 'local solver solve time': 0.32045760154724123}","[0.9578080177307129, 0.9576640129089355, 0.9580575942993164, 0.9581600189208984, 0.9561984062194824, 0.9585311889648438, 0.9811871528625489, 0.958351993560791, 0.9698335647583007, 0.9578047752380371]",[304.6189270019531],[1864.14599609375],[2431.757080078125],[1.5240319967269897],[1.2580480575561523],
2026-10-05T10:05:20.543274+00:00,continuous coefficient 2D,5,"uniform(2D,8)",S8,S7,S7,"AdditiveSchwarz(torch.float32, Inv(torch.bfloat16), CUDSS, const_dofs_per_coarse=False)",False,10,10,10,2752512,230759424,{},9.551414342684122,"{'preprocessing time': 0.27587199211120605, 'coarse solver setup time': 1384.566650390625, 'local solver setup time': 472.32586669921875, 'coarse solver solve time': 0.433187198638916, 'local solver solve time': 0.3203455924987793}","[0.9056063652038574, 0.9043168067932129, 0.9044992446899414, 0.9042976379394532, 0.9045248031616211, 0.905027198791504, 0.9055551528930664, 0.9053248405456543, 0.9044639587402343, 0.9048288345336915]",[422.8057861328125],[1834.6422119140625],[2162.231201171875],[7.515999794006348],[1.5251200199127197],
2026-10-05T10:05:25.936248+00:00,continuous coefficient 2D,5,"uniform(2D,8)",S8,S7,S7,"HybridSchwarz(torch.float32, Inv(torch.bfloat16), CUDSS)",False,10,10,10,2752512,230759424,{},9.543987121116507,"{'preprocessing time': 0.2690240144729614, 'coarse solver setup time': 1296.5694580078125, 'local solver setup time': 478.0497741699219, 'coarse solver solve time': 0.43363518714904786, 'local solver solve time': 0.3207360029220581}","[0.9561856269836426, 0.9821567535400391, 0.9569952011108398, 0.9579039573669433, 0.9563712120056153, 0.9576767921447754, 0.9562463760375977, 0.9576671600341797, 0.956550407409668, 0.9566495895385743]",[336.65179443359375],[1835.818115234375],[2408.701171875],[1.5286719799041748],[1.5260159969329834],
2026-10-05T10:05:31.698461+00:00,continuous coefficient 2D,5,"uniform(2D,8)",S8,S8,S8,"AdditiveSchwarz(torch.float64, Inv(), CUDSS, const_dofs_per_coarse=False)",False,10,10,10,2752512,230759424,{},13.457533269110302,"{'preprocessing time': 1.435744047164917, 'coarse solver setup time': 1408.012939453125, 'local solver setup time': 428.21746826171875, 'coarse solver solve time': 1.1530816078186035, 'local solver solve time': 0.32016959190368655}","[1.61712646484375, 1.625503921508789, 1.6182815551757812, 1.6184000015258788, 1.618707275390625, 1.6171072006225586, 1.619398307800293, 1.6184576034545899, 1.6196256637573243, 1.6194112777709961]",[426.8847351074219],[1951.0594482421875],[2434.13671875],[1.3494720458984375],[1.4164479970932007],
2026-10-05T10:05:37.557948+00:00,continuous coefficient 2D,5,"uniform(2D,8)",S8,S8,S8,"HybridSchwarz(torch.float64, Inv(), CUDSS)",False,10,10,10,2752512,230759424,{},13.454899906373903,"{'preprocessing time': 0.5379520058631897, 'coarse solver setup time': 1397.7655029296875, 'local solver setup time': 431.010498046875, 'coarse solver solve time': 1.1536928176879884, 'local solver solve time': 0.3203455924987793}","[1.7416799545288086, 1.7432863235473632, 1.7591808319091797, 1.7429887771606445, 1.7430335998535156, 1.7404672622680664, 1.7381248474121094, 1.741097640991211, 1.7401983261108398, 1.7412416458129882]",[260.6943054199219],[1850.13818359375],[2767.04638671875],[1.5471359491348267],[1.27183997631073],
2026-10-05T10:05:43.531001+00:00,continuous coefficient 2D,5,"uniform(2D,8)",S8,S8,S8,"AdditiveSchwarz(torch.float64, Inv(torch.float32), CUDSS, const_dofs_per_coarse=False)",False,10,10,10,2752512,230759424,{},13.457533269097032,"{'preprocessing time': 0.5166720151901245, 'coarse solver setup time': 1428.607666015625, 'local solver setup time': 447.8180847167969, 'coarse solver solve time': 1.150822353363037, 'local solver solve time': 0.17882239818572998}","[1.480832004547119, 1.478752040863037, 1.4788288116455077, 1.4863743782043457, 1.4790304183959961, 1.479964828491211, 1.4808927536010743, 1.4805439949035644, 1.479958438873291, 1.4798527717590333]",[470.7930603027344],[1858.57177734375],[2416.21826171875],[7.460031986236572],[1.3287039995193481],
2026-10-05T10:05:49.445807+00:00,continuous coefficient 2D,5,"uniform(2D,8)",S8,S8,S8,"HybridSchwarz(torch.float64, Inv(torch.float32), CUDSS)",False,10,10,10,2752512,230759424,{},13.454899906372102,"{'preprocessing time': 0.49302399158477783, 'coarse solver setup time': 1451.72607421875, 'local solver setup time': 435.48760986328125, 'coarse solver solve time': 1.1530271530151368, 'local solver solve time': 0.17816319465637206}","[1.591977596282959, 1.5919360160827636, 1.5904095649719239, 1.5908608436584473, 1.5912159919738769, 1.5912256240844727, 1.5915807723999023, 1.6093215942382812, 1.5914688110351562, 1.5915519714355468]",[292.6061096191406],[1893.1009521484375],[2768.8935546875],[1.2523200511932373],[1.2595200538635254],
2026-10-05T10:05:55.105293+00:00,continuous coefficient 2D,5,"uniform(2D,8)",S8,S8,S8,"AdditiveSchwarz(torch.float64, Inv(torch.float16), CUDSS, const_dofs_per_coarse=False)",False,10,10,10,2752512,230759424,{},13.45753312245003,"{'preprocessing time': 0.496832013130188, 'coarse solver setup time': 1415.47216796875, 'local solver setup time': 442.9782409667969, 'coarse solver solve time': 1.1536128044128418, 'local solver solve time': 0.11008319854736329}","[1.4211520195007323, 1.4202207565307616, 1.448153591156006, 1.4206720352172852, 1.4218048095703124, 1.4203359603881835, 1.4202943801879884, 1.4204671859741211, 1.4199872016906738, 1.4249983787536622]",[470.19793701171875],[1862.1483154296875],[2392.26904296875],[1.3913600444793701],[1.2686079740524292],
2026-10-05T10:06:00.931635+00:00,continuous coefficient 2D,5,"uniform(2D,8)",S8,S8,S8,"HybridSchwarz(torch.float64, Inv(torch.float16), CUDSS)",False,10,10,10,2752512,230759424,{},13.454899822038247,"{'preprocessing time': 0.48982399702072144, 'coarse solver setup time': 1439.059326171875, 'local solver setup time': 433.21734619140625, 'coarse solver solve time': 1.1525952339172363, 'local solver solve time': 0.11166399717330933}","[1.535267162322998, 1.5342623710632324, 1.5331168174743652, 1.544752025604248, 1.533731174468994, 1.5341055870056153, 1.5351327896118163, 1.5352800369262696, 1.5350399971008302, 1.5346528053283692]",[261.9130554199219],[1891.94873046875],[2726.688232421875],[1.253600001335144],[1.52675199508667],
2026-10-05T10:06:06.561727+00:00,continuous coefficient 2D,5,"uniform(2D,8)",S8,S8,S8,"AdditiveSchwarz(torch.float64, Inv(torch.bfloat16), CUDSS, const_dofs_per_coarse=False)",False,10,10,10,2752512,230759424,{},13.457534950195763,"{'preprocessing time': 0.4803839921951294, 'coarse solver setup time': 1406.97314453125, 'local solver setup time': 431.0857238769531, 'coarse solver solve time': 1.1520416259765625, 'local solver solve time': 0.1108512043952942}","[1.4260319709777831, 1.420355224609375, 1.4215776443481445, 1.420748805999756, 1.4202367782592773, 1.4205568313598633, 1.42010555267334, 1.419871997833252, 1.4194463729858398, 1.4188192367553711]",[466.5530090332031],[1874.1138916015625],[2350.54150390625],[1.363968014717102],[1.2662400007247925],
2026-10-05T10:06:12.354858+00:00,continuous coefficient 2D,5,"uniform(2D,8)",S8,S8,S8,"HybridSchwarz(torch.float64, Inv(torch.bfloat16), CUDSS)",False,10,10,10,2752512,230759424,{},13.454900848802556,"{'preprocessing time': 0.4971520006656647, 'coarse solver setup time': 1422.3853759765625, 'local solver setup time': 433.627685546875, 'coarse solver solve time': 1.1534976005554198, 'local solver solve time': 0.11113599538803101}","[1.5353119850158692, 1.536086368560791, 1.5484800338745117, 1.5368063926696778, 1.5356224060058594, 1.534444808959961, 1.5343456268310547, 1.5362560272216796, 1.5538016319274903, 1.5359968185424804]",[242.16294860839844],[1896.95556640625],[2710.3974609375],[1.2450239658355713],[1.2782399654388428],
2026-10-05T10:06:18.032502+00:00,continuous coefficient 2D,5,"uniform(2D,8)",S8,S8,S8,"AdditiveSchwarz(torch.float32, Inv(), CUDSS, const_dofs_per_coarse=False)",False,10,10,10,2752512,230759424,{},13.457515716114033,"{'preprocessing time': 0.5113279819488525, 'coarse solver setup time': 1469.02880859375, 'local solver setup time': 438.93560791015625, 'coarse solver solve time': 0.98221435546875, 'local solver solve time': 0.16353600025177}","[1.339395236968994, 1.3272192001342773, 1.3272000312805177, 1.3266240119934083, 1.3276448249816895, 1.3268608093261718, 1.3269856452941895, 1.3265119552612306, 1.328486442565918, 1.3282208442687988]",[467.8992004394531],[1887.7066650390625],[2391.745361328125],[1.4025280475616455],[1.6809279918670654],
2026-10-05T10:06:23.762027+00:00,continuous coefficient 2D,5,"uniform(2D,8)",S8,S8,S8,"HybridSchwarz(torch.float32, Inv(), CUDSS)",False,10,10,10,2752512,230759424,{},13.454880644707687,"{'preprocessing time': 0.5132160186767578, 'coarse solver setup time': 1415.5782470703125, 'local solver setup time': 429.14727783203125, 'coarse solver solve time': 0.9842368125915527, 'local solver solve time': 0.16373759508132935}","[1.401859188079834, 1.4010016441345214, 1.4022015571594237, 1.401807975769043, 1.4025888442993164, 1.401644802093506, 1.401244831085205, 1.4013248443603517, 1.4012864112854004, 1.399833583831787]",[225.97450256347656],[1944.27294921875],[2647.9814453125],[1.8368639945983887],[1.527999997138977],
2026-10-05T10:06:29.288203+00:00,continuous coefficient 2D,5,"uniform(2D,8)",S8,S8,S8,"AdditiveSchwarz(torch.float32, Inv(torch.float16), CUDSS, const_dofs_per_coarse=False)",False,10,10,10,2752512,230759424,{},13.457510372019899,"{'preprocessing time': 0.5013120174407959, 'coarse solver setup time': 1448.357666015625, 'local solver setup time': 424.98822021484375, 'coarse solver solve time': 0.9856831550598144, 'local solver solve time': 0.09445440173149108}","[1.2699104309082032, 1.2707839965820313, 1.2706815719604492, 1.270246410369873, 1.269219207763672, 1.2692992210388183, 1.2698111534118652, 1.2684224128723145, 1.2682368278503418, 1.2685088157653808]",[422.5657653808594],[1894.2657470703125],[2311.764404296875],[1.6924159526824951],[1.5274879932403564],
2026-10-05T10:06:34.962458+00:00,continuous coefficient 2D,5,"uniform(2D,8)",S8,S8,S8,"HybridSchwarz(torch.float32, Inv(torch.float16), CUDSS)",False,10,10,10,2752512,230759424,{},13.45488194686688,"{'preprocessing time': 0.5024960041046143, 'coarse solver setup time': 1412.5267333984375, 'local solver setup time': 434.35711669921875, 'coarse solver solve time': 0.9852352142333984, 'local solver solve time': 0.09397760033607483}","[1.3442303657531738, 1.344416046142578, 1.3442560195922852, 1.3614815711975097, 1.344320011138916, 1.343836784362793, 1.3431488037109376, 1.3454624176025392, 1.3450431823730469, 1.345248031616211]",[226.2222442626953],[1891.0858154296875],[2646.745361328125],[1.5560319423675537],[1.5155839920043945],
2026-10-05T10:06:40.457312+00:00,continuous coefficient 2D,5,"uniform(2D,8)",S8,S8,S8,"AdditiveSchwarz(torch.float32, Inv(torch.bfloat16), CUDSS, const_dofs_per_coarse=False)",False,10,10,10,2752512,230759424,{},13.45751493560499,"{'preprocessing time': 0.5009279847145081, 'coarse solver setup time': 1415.5789794921875, 'local solver setup time': 430.2894592285156, 'coarse solver solve time': 0.9823552131652832, 'local solver solve time': 0.09409279823303222}","[1.2695712089538573, 1.2702560424804688, 1.2709823608398438, 1.2694144248962402, 1.2703583717346192, 1.2700448036193848, 1.2705984115600586, 1.2694208145141601, 1.2710240364074707, 1.269536018371582]",[421.2415771484375],[1895.9638671875],[2284.23974609375],[1.3716479539871216],[1.5107519626617432],
2026-10-05T10:06:46.136367+00:00,continuous coefficient 2D,5,"uniform(2D,8)",S8,S8,S8,"HybridSchwarz(torch.float32, Inv(torch.bfloat16), CUDSS)",False,10,10,10,2752512,230759424,{},13.454883752431439,"{'preprocessing time': 0.5214719772338867, 'coarse solver setup time': 1437.104736328125, 'local solver setup time': 429.5066833496094, 'coarse solver solve time': 0.9824128150939941, 'local solver solve time': 0.0946175992488861}","[1.3447775840759277, 1.3449472427368163, 1.3440704345703125, 1.3473024368286133, 1.3451871871948242, 1.3453951835632325, 1.3447104454040528, 1.3437919616699219, 1.3443424224853515, 1.3450847625732423]",[227.50233459472656],[1900.032470703125],[2642.2353515625],[1.2420480251312256],[1.2582720518112183],
