datetime,test case,p,mesh family,fine m,solvers m,coarse m,solver,random rhs,solution warmup steps,solution measurement steps,solution repetitions,DoFs,matrix nnz,metadata,residual norm,setup metadata,solve times,matrix and DOF map copy times,matrix permute times,solver setup times,rhs copy and permute times,solution permute and copy times,exception
2026-10-05T08:35:35.431135+00:00,continuous coefficient 2D,1,"uniform(2D,11)",S11,S8,S8,"CG(AdditiveSchwarz(torch.float32, Inv(torch.float16), CUDSS, const_dofs_per_coarse=False), bsr_matmul=True)",False,0,1,10,25165824,301916160,"{'iterations': 107, 'residual norms': [0.05415558022970685, 6.168140498856789, 5.905377675050941, 8.292271354361068, 5.928504655902125, 4.204780931153811, 4.607069294761176, 2.9715610583525143, 1.4743556506817879, 1.2154574540222756, 0.8851969051435493, 0.5657271051636118, 0.38548641122386007, 0.2361924241291699, 0.14025556672719375, 0.08789546480551094, 0.05047438409021658, 0.04803375854943053, 0.0496128233829693, 0.045017071626211276, 0.04027405573058397, 0.031281941897634974, 0.018763389884940126, 0.01131798317183766, 0.00748868686875501, 0.007525572862829996, 0.006768141584326483, 0.010205455528776206, 0.009988309647952174, 0.005680730622072283, 0.003819701797900044, 0.002552011717628066, 0.0016635044321837435, 0.0012278741032217802, 0.0010187458867051658, 0.0007050050308085649, 0.0006220965696398567, 0.00040314839818751745, 0.00028185226295276744, 0.00016712385400260432, 0.00013305230618344433, 0.00011452643857702816, 0.0001199435780873851, 9.962726127137103e-05, 8.661337743090944e-05, 8.63138905729724e-05, 7.142568705217804e-05, 7.387654793223857e-05, 5.402086746716134e-05, 3.1033370741065586e-05, 2.428993718198535e-05, 2.1773093502576277e-05, 1.8227483778974105e-05, 1.629344332400984e-05, 1.248707171667471e-05, 8.169491336228933e-06, 6.624196813516937e-06, 6.074880790127904e-06, 4.575866945321534e-06, 3.530604104810861e-06, 2.389912355783195e-06, 2.0426388155935977e-06, 1.5615344771137762e-06, 1.1942204911419943e-06, 7.569957552593795e-07, 4.235741077494636e-07, 3.748911378384639e-07, 5.182531124092714e-07, 5.876240501088483e-07, 5.398499783384118e-07, 2.8445828622660664e-07, 1.7925630371253787e-07, 1.230707568502485e-07, 1.0805533618621618e-07, 8.92886078651533e-08, 7.835293752278227e-08, 5.422151342869003e-08, 4.820475072101491e-08, 2.8309350786858543e-08, 2.2581222331621965e-08, 2.2767071327384766e-08, 1.7928780064393735e-08, 1.415162117654899e-08, 9.777311350920369e-09, 8.262467469333372e-09, 6.752293519086381e-09, 4.460388481234748e-09, 3.5557145597179004e-09, 2.97054325980945e-09, 2.5002163668361215e-09, 2.6456027812748222e-09, 3.0103939038207435e-09, 2.165691832912837e-09, 1.9155394748314814e-09, 1.5342871530303675e-09, 1.412777401016091e-09, 9.78160689296802e-10, 5.573038423327283e-10, 3.510461687519214e-10, 2.3850490595292043e-10, 2.168435153719089e-10, 1.7039361521204748e-10, 1.1364440560425739e-10, 1.1544635893954928e-10, 1.1762218755281181e-10, 8.042924565263696e-11, 5.943383609958926e-11, 5.137559243554372e-11], 'preconditioner metadata': [{}, {}, {}, {}, {}, {}, {}, {}, {}, {}, {}, {}, {}, {}, {}, {}, {}, {}, {}, {}, {}, {}, {}, {}, {}, {}, {}, {}, {}, {}, {}, {}, {}, {}, {}, {}, {}, {}, {}, {}, {}, {}, {}, {}, {}, {}, {}, {}, {}, {}, {}, {}, {}, {}, {}, {}, {}, {}, {}, {}, {}, {}, {}, {}, {}, {}, {}, {}, {}, {}, {}, {}, {}, {}, {}, {}, {}, {}, {}, {}, {}, {}, {}, {}, {}, {}, {}, {}, {}, {}, {}, {}, {}, {}, {}, {}, {}, {}, {}, {}, {}, {}, {}, {}, {}, {}, {}]}",5.1668644835859146e-11,,"[2419.125244140625, 1269.028564453125, 1268.8216552734375, 1273.921875, 1268.70166015625, 1269.08154296875, 1271.1488037109375, 1268.887939453125, 1269.2138671875, 1269.076171875]",[194.94813537597656],[1104.051025390625],[2643.0087890625],[11.564319610595703],[63.1192626953125],
2026-10-05T08:35:53.746383+00:00,continuous coefficient 2D,1,"uniform(2D,11)",S11,S8,S8,"CG(HybridSchwarz(torch.float32, Inv(torch.float16), CUDSS), bsr_matmul=True)",False,0,1,10,25165824,301916160,"{'iterations': 91, 'residual norms': [6.166390644828037, 5.905260115490343, 8.334477043526777, 4.1712545046010545, 4.360792637620377, 2.504358556902695, 1.2932543676954347, 0.8075021583786658, 0.5860132808920472, 0.3153443724283883, 0.16359511328766752, 0.10483863776793453, 0.0548624699690786, 0.043249534384270046, 0.04687404472901602, 0.04467825825626645, 0.03439630607871182, 0.020371974833141085, 0.012135740014463908, 0.009391055071393118, 0.007770672766943407, 0.008547878795826592, 0.006852819763463314, 0.00434057424505952, 0.0035014502819350267, 0.002759141690390564, 0.0022131518725870326, 0.001281484757905961, 0.000815037833254298, 0.0004764555503915109, 0.0003672513770973551, 0.0003468652653196868, 0.00040721343417827007, 0.00033593370106997015, 0.00019989772333074037, 0.00010759825521231485, 8.320365907400858e-05, 7.650501164615225e-05, 4.979622449797533e-05, 3.7988147447625815e-05, 3.322119038751237e-05, 2.7374448272639585e-05, 1.7552630470860947e-05, 1.2657659587550083e-05, 1.039519883467876e-05, 8.708631889400891e-06, 5.899832794954243e-06, 5.052504145511234e-06, 4.876453502600358e-06, 4.9445970077589025e-06, 2.9556553496631726e-06, 1.5565746877823804e-06, 8.893183037947489e-07, 8.004871659682966e-07, 5.802463394913371e-07, 4.806978209446455e-07, 3.4026255297744155e-07, 3.828407176137525e-07, 2.3768638221949836e-07, 1.5629549672970447e-07, 1.362024895679911e-07, 1.0999498604866772e-07, 8.732920594007429e-08, 7.82892761795449e-08, 5.506532070639638e-08, 4.710212769015217e-08, 3.62983628861812e-08, 2.48878706644565e-08, 1.8537280335389507e-08, 1.126209736292764e-08, 7.1784878387962975e-09, 7.048007086800797e-09, 5.244450033840157e-09, 4.733181128403819e-09, 4.295838053261209e-09, 3.325245412666914e-09, 2.3164088923727904e-09, 1.6229539506219253e-09, 1.543167756875801e-09, 8.860617711385353e-10, 7.477497118141663e-10, 6.322983483242772e-10, 4.5103346795099415e-10, 4.009898294847813e-10, 2.939729787819111e-10, 2.0134771519787868e-10, 1.1780520928508824e-10, 9.008948159808463e-11, 8.619519082376375e-11, 7.478946526921218e-11, 5.6054697813935907e-11, 5.3206848486410854e-11], 'preconditioner metadata': [{}, {}, {}, {}, {}, {}, {}, {}, {}, {}, {}, {}, {}, {}, {}, {}, {}, {}, {}, {}, {}, {}, {}, {}, {}, {}, {}, {}, {}, {}, {}, {}, {}, {}, {}, {}, {}, {}, {}, {}, {}, {}, {}, {}, {}, {}, {}, {}, {}, {}, {}, {}, {}, {}, {}, {}, {}, {}, {}, {}, {}, {}, {}, {}, {}, {}, {}, {}, {}, {}, {}, {}, {}, {}, {}, {}, {}, {}, {}, {}, {}, {}, {}, {}, {}, {}, {}, {}, {}, {}, {}]}",5.3450554172880965e-11,,"[1939.416259765625, 1126.7430419921875, 1126.865966796875, 1126.6859130859375, 1126.880859375, 1126.9466552734375, 1126.662109375, 1126.7408447265625, 1129.523681640625, 1127.12939453125]",[2119.9794921875],[929.743408203125],[2581.897216796875],[10.911744117736816],[11.68553638458252],
2026-10-05T08:36:07.495437+00:00,continuous coefficient 2D,1,"uniform(2D,11)",S11,S9,S8,"CG(AdditiveSchwarz(torch.float32, Inv(torch.float16), CUDSS, const_dofs_per_coarse=False), bsr_matmul=True)",False,0,1,10,25165824,301916160,"{'iterations': 117, 'residual norms': [0.05415558022970685, 6.167530007592805, 5.82141251181753, 8.562898053286352, 5.7720075338109265, 4.080914720049174, 4.618051893848188, 2.928624779850197, 2.1865688535900407, 1.9783035617778795, 1.7490602345725696, 1.1010173744760496, 0.7869013260128247, 0.5654702768392258, 0.3492090371510468, 0.20608786417231909, 0.16363550761117748, 0.10877969738196827, 0.05470902240716543, 0.031479788847352634, 0.028597188125598395, 0.02666534858492026, 0.03251101621839401, 0.029039809185005427, 0.019252462862717958, 0.011426183899639671, 0.009873657584404066, 0.008255326668825133, 0.007517641482019046, 0.0065848168102216826, 0.0067178264348867495, 0.0062792865204794185, 0.006735360818130078, 0.004114921434129021, 0.0031885590672480024, 0.0021717376707023218, 0.002005263247402144, 0.002000864835556265, 0.001790470764590157, 0.0009960442620150045, 0.0006774101252210588, 0.0006202783524869291, 0.0006472634510854233, 0.000526855111365387, 0.000393453320050837, 0.00022326497550225946, 0.00012336769401848815, 7.895440327617396e-05, 5.954657198053821e-05, 5.920426632214964e-05, 7.545393324408794e-05, 7.165947319416171e-05, 6.70504333093489e-05, 4.139682004812674e-05, 3.3230321130687883e-05, 2.393152159038465e-05, 1.814692543757285e-05, 1.7135285539223777e-05, 1.5933848866946053e-05, 1.2055521776237995e-05, 1.084081845380343e-05, 8.75538531012687e-06, 6.638409640357079e-06, 5.192933923286249e-06, 3.041598839187921e-06, 1.8470055433307996e-06, 1.3442663995523194e-06, 1.2239382320140218e-06, 1.0824504722054766e-06, 9.902288592289556e-07, 8.38430943191553e-07, 6.725830200148192e-07, 5.681888830974772e-07, 5.538402680153658e-07, 3.764833450148464e-07, 3.6073476910939067e-07, 3.64928538047632e-07, 2.467804590909232e-07, 2.719431008980655e-07, 1.81067140553068e-07, 1.3081846072413654e-07, 1.2162092568320692e-07, 9.685807275507762e-08, 1.0726703462814504e-07, 9.360479039560082e-08, 4.9949807796674074e-08, 3.988136526804046e-08, 2.9979156859356254e-08, 2.2008735400482012e-08, 1.4587303378611193e-08, 1.2226175724489168e-08, 1.183368683297345e-08, 1.0807026541579541e-08, 9.287829086797855e-09, 8.19503838681265e-09, 5.20290469566302e-09, 4.061462102647601e-09, 3.5320974671472327e-09, 2.729049027322653e-09, 2.376254917219886e-09, 2.3190476185589533e-09, 1.9482420680033082e-09, 2.017915459423577e-09, 1.4018422351121278e-09, 1.02142938695582e-09, 8.22378970491608e-10, 7.151137198227912e-10, 8.187152842907767e-10, 8.025794466579375e-10, 5.409747428660026e-10, 4.254007498808096e-10, 3.594042542012627e-10, 2.241887435828581e-10, 1.3639504611954994e-10, 8.94239369666644e-11, 6.591039074277603e-11, 6.251187274481008e-11, 4.45899017428874e-11], 'preconditioner metadata': [{}, {}, {}, {}, {}, {}, {}, {}, {}, {}, {}, {}, {}, {}, {}, {}, {}, {}, {}, {}, {}, {}, {}, {}, {}, {}, {}, {}, {}, {}, {}, {}, {}, {}, {}, {}, {}, {}, {}, {}, {}, {}, {}, {}, {}, {}, {}, {}, {}, {}, {}, {}, {}, {}, {}, {}, {}, {}, {}, {}, {}, {}, {}, {}, {}, {}, {}, {}, {}, {}, {}, {}, {}, {}, {}, {}, {}, {}, {}, {}, {}, {}, {}, {}, {}, {}, {}, {}, {}, {}, {}, {}, {}, {}, {}, {}, {}, {}, {}, {}, {}, {}, {}, {}, {}, {}, {}, {}, {}, {}, {}, {}, {}, {}, {}, {}, {}]}",4.495678805621456e-11,,"[1329.10791015625, 815.3977661132812, 818.3195190429688, 815.97265625, 816.1361694335938, 815.7958374023438, 815.43408203125, 820.9834594726562, 815.393798828125, 818.2491455078125]",[2117.189697265625],[993.13330078125],[1340.3515625],[12.355039596557617],[60.97052764892578],
2026-10-05T08:36:20.200330+00:00,continuous coefficient 2D,1,"uniform(2D,11)",S11,S9,S8,"CG(HybridSchwarz(torch.float32, Inv(torch.float16), CUDSS), bsr_matmul=True)",False,0,1,10,25165824,301916160,"{'iterations': 99, 'residual norms': [6.166329838456131, 5.907724110889093, 8.251589776999639, 4.44253711602642, 4.433906563244268, 3.716111545539362, 2.5866221127301996, 1.6900016170597176, 1.4146737804770275, 1.037917282353641, 0.5982492966140364, 0.371918446719469, 0.21717916627250797, 0.12355530178434089, 0.07309213331087898, 0.047967755679378575, 0.03338700477184691, 0.028599531240078014, 0.03782168014874215, 0.025969053207873582, 0.01555951555834334, 0.011790403687880037, 0.008534350908350136, 0.007307006343429142, 0.007025860906939927, 0.004959637582435389, 0.005526559272245881, 0.0034449248177199705, 0.0020088288526406346, 0.0013777500766940015, 0.0013020892828837498, 0.001355444078220505, 0.0009585574360085109, 0.0004955234544170784, 0.0005297447625502313, 0.000440208469464096, 0.00035258039145633953, 0.000204545566138343, 0.00011454402282919023, 7.136137521814372e-05, 7.122847965967514e-05, 7.879144837161934e-05, 7.083552912990257e-05, 5.4911582461231085e-05, 4.185333416571656e-05, 2.8056258653865843e-05, 1.7887202551294784e-05, 1.5372201249223284e-05, 1.2399090184746851e-05, 1.0896954867640405e-05, 7.87358035824582e-06, 5.515461492107069e-06, 3.2414190728008567e-06, 2.0749771486878693e-06, 1.7378090933071006e-06, 1.5703367421527418e-06, 1.3627990373175468e-06, 1.4503996605995705e-06, 1.0490657768247407e-06, 7.580066366585221e-07, 5.751905747496573e-07, 4.0817009212456604e-07, 4.1999618104371264e-07, 2.961203796069667e-07, 2.552963976378834e-07, 1.3740617898087756e-07, 9.267267105483197e-08, 7.190491468164413e-08, 7.779102606131045e-08, 7.212982993099593e-08, 4.611628873081564e-08, 2.9662425425541456e-08, 1.9079942169306925e-08, 1.7260957124063908e-08, 1.287453873937351e-08, 1.2026736104675668e-08, 9.197385581883067e-09, 9.008744571694163e-09, 6.186259535317872e-09, 4.4885222358838225e-09, 3.666331803257465e-09, 3.1655054730815258e-09, 2.6746457898033086e-09, 2.176597107466877e-09, 1.7236108497156392e-09, 1.3258042676189252e-09, 1.0289771096337007e-09, 5.787810672877588e-10, 4.3598626750952005e-10, 3.959319952118442e-10, 2.743117703196829e-10, 1.755945483168135e-10, 1.4332574659437613e-10, 1.2886946585943053e-10, 1.0241000800555417e-10, 8.54350662251183e-11, 8.147246194023063e-11, 6.281279064963467e-11, 5.5797997217257596e-11, 3.862377872547407e-11], 'preconditioner metadata': [{}, {}, {}, {}, {}, {}, {}, {}, {}, {}, {}, {}, {}, {}, {}, {}, {}, {}, {}, {}, {}, {}, {}, {}, {}, {}, {}, {}, {}, {}, {}, {}, {}, {}, {}, {}, {}, {}, {}, {}, {}, {}, {}, {}, {}, {}, {}, {}, {}, {}, {}, {}, {}, {}, {}, {}, {}, {}, {}, {}, {}, {}, {}, {}, {}, {}, {}, {}, {}, {}, {}, {}, {}, {}, {}, {}, {}, {}, {}, {}, {}, {}, {}, {}, {}, {}, {}, {}, {}, {}, {}, {}, {}, {}, {}, {}, {}, {}, {}]}",3.8987165744180125e-11,,"[1451.413818359375, 751.8098754882812, 751.5147705078125, 751.8226318359375, 751.36767578125, 751.4755249023438, 751.6300048828125, 752.0369262695312, 751.8593139648438, 752.0203857421875]",[796.66943359375],[986.2005004882812],[1802.072021484375],[11.286175727844238],[11.49120044708252],
2026-10-05T08:36:31.810799+00:00,continuous coefficient 2D,1,"uniform(2D,11)",S11,S10,S8,"CG(AdditiveSchwarz(torch.float32, Inv(torch.float16), CUDSS, const_dofs_per_coarse=False), bsr_matmul=True)",False,0,1,10,25165824,301916160,"{'iterations': 131, 'residual norms': [0.05415558022970685, 6.166944194767068, 5.569094006682948, 8.369123692441965, 5.160008034712837, 3.601912961171998, 4.600200702665672, 3.7592839331831778, 4.351869362475807, 3.1207341657469962, 3.2387855121124356, 2.5145866432221307, 1.891097264406202, 1.2004926875307227, 1.2279258582447388, 1.0389605109645041, 0.6554683302590719, 0.666252472239551, 0.5283719243237102, 0.3599313241426053, 0.25143733507636346, 0.17694183391131182, 0.123216183264701, 0.08594455312064349, 0.045638053757560706, 0.023723878285712794, 0.01865356640944534, 0.016453314935013116, 0.020469050901413103, 0.023953583301313152, 0.021913571768751503, 0.011472212712329021, 0.0073298716261609815, 0.007477870418190598, 0.005017899860704636, 0.004157340265453632, 0.003789116706049629, 0.0035435057215483417, 0.0055284719182304215, 0.004211267013417255, 0.002682975028974732, 0.002400474047066395, 0.002446210057171911, 0.0025692313575829046, 0.0021325416722838128, 0.0014868413596640612, 0.0009348706213022791, 0.000785232058429757, 0.0008694902157987027, 0.0007756696127373559, 0.00046713122934279776, 0.0003547939161540489, 0.00022918224123091212, 0.00014862129345237813, 0.00014735074133026194, 0.00010422527845726904, 7.311385579668203e-05, 4.708884602047072e-05, 3.238798007288829e-05, 3.029954961233021e-05, 1.8926756507682383e-05, 1.4610726533843291e-05, 1.664823632378717e-05, 1.54541934975622e-05, 1.1522509235186877e-05, 7.3381957449875135e-06, 5.656896825361817e-06, 5.087647237729135e-06, 4.031633847338822e-06, 4.411511316338541e-06, 4.060687573478686e-06, 3.576711960326895e-06, 2.6214456975669345e-06, 2.603790228393654e-06, 3.195749707971602e-06, 3.298330808345805e-06, 2.1848696749692225e-06, 1.6416045540329471e-06, 1.4907908336355634e-06, 1.1833208362572354e-06, 1.0232113190769918e-06, 8.286570811587102e-07, 6.70751946198449e-07, 6.916867458794159e-07, 5.423804175454832e-07, 4.2538199285249725e-07, 2.572525860161592e-07, 1.9731816100479002e-07, 1.6193835703517217e-07, 1.1925439609645614e-07, 1.0904541255456048e-07, 6.004531592376052e-08, 3.721115664526943e-08, 2.471166625910021e-08, 1.9651327995513853e-08, 2.163277957732692e-08, 2.0212230812134713e-08, 1.4228332483542794e-08, 1.198034259682816e-08, 1.0484338769867443e-08, 9.474620947666503e-09, 9.487652067923989e-09, 7.743261868360273e-09, 5.348358941568462e-09, 5.048792951687907e-09, 3.4152549226601547e-09, 3.2839061218512035e-09, 3.6427063399308865e-09, 3.660030917649864e-09, 3.4482853883403194e-09, 3.1316912598364898e-09, 3.140783495848025e-09, 2.2835762980707896e-09, 1.6844055987327744e-09, 1.3776956227023637e-09, 9.881844480700129e-10, 7.693865647735861e-10, 8.004558966229866e-10, 6.46618400989016e-10, 4.778125131518555e-10, 3.7447288745032924e-10, 3.296355599123571e-10, 3.348415807127612e-10, 2.589709729216305e-10, 2.0454308566673618e-10, 1.7701993241652027e-10, 1.3941888899698138e-10, 1.2222940351254765e-10, 1.1878861020013968e-10, 8.174872955471678e-11, 5.696473843648562e-11, 4.3573747076696525e-11], 'preconditioner metadata': [{}, {}, {}, {}, {}, {}, {}, {}, {}, {}, {}, {}, {}, {}, {}, {}, {}, {}, {}, {}, {}, {}, {}, {}, {}, {}, {}, {}, {}, {}, {}, {}, {}, {}, {}, {}, {}, {}, {}, {}, {}, {}, {}, {}, {}, {}, {}, {}, {}, {}, {}, {}, {}, {}, {}, {}, {}, {}, {}, {}, {}, {}, {}, {}, {}, {}, {}, {}, {}, {}, {}, {}, {}, {}, {}, {}, {}, {}, {}, {}, {}, {}, {}, {}, {}, {}, {}, {}, {}, {}, {}, {}, {}, {}, {}, {}, {}, {}, {}, {}, {}, {}, {}, {}, {}, {}, {}, {}, {}, {}, {}, {}, {}, {}, {}, {}, {}, {}, {}, {}, {}, {}, {}, {}, {}, {}, {}, {}, {}, {}, {}]}",4.398757148892599e-11,,"[806.865966796875, 805.9481811523438, 806.2227783203125, 805.8754272460938, 806.3073120117188, 806.5861206054688, 806.601318359375, 806.5266723632812, 806.251708984375, 806.1038818359375]",[914.0488891601562],[972.700927734375],[1147.2078857421875],[12.417280197143555],[14.34166431427002],
2026-10-05T08:36:43.605185+00:00,continuous coefficient 2D,1,"uniform(2D,11)",S11,S10,S8,"CG(HybridSchwarz(torch.float32, Inv(torch.float16), CUDSS), bsr_matmul=True)",False,0,1,10,25165824,301916160,"{'iterations': 127, 'residual norms': [6.166460360072175, 5.800217735262379, 7.248066329008739, 4.531253873444397, 3.8558128716629305, 4.410544664636905, 4.26289014346471, 3.3464751475635834, 3.0906847517431704, 2.343248465244746, 1.558707338085138, 1.330852417175413, 1.1928312816481177, 0.8915211378692942, 0.7061434474686367, 0.5341781104652722, 0.3504191426342453, 0.19355556977959942, 0.13419539143223683, 0.09294390280172908, 0.05424681941794152, 0.03272074431087553, 0.019970491931716322, 0.01578739943272672, 0.023925720485146188, 0.025131726064525864, 0.017715615572338386, 0.011372405641552391, 0.007819085697744288, 0.006227581635479939, 0.0051982514843399484, 0.0028568000976034245, 0.004223652970811262, 0.0041987293048691985, 0.0033677097537141336, 0.002690100014938505, 0.002879972362197017, 0.002912513807174679, 0.0023251112599689304, 0.0010865914528366528, 0.0005673705113755623, 0.00044387584870268966, 0.00038944453856364536, 0.0003454536643816, 0.00021254710912392544, 0.00016332500685937984, 0.00012615573107274008, 0.00012503757696951344, 0.00014826774467696202, 8.199547499070606e-05, 8.306910580563949e-05, 9.226502190112944e-05, 8.254845544812624e-05, 7.346904443282992e-05, 6.983470898933178e-05, 4.100320829114813e-05, 2.7820397326454335e-05, 2.3043427753987917e-05, 1.9650581266658246e-05, 1.5220064047515818e-05, 1.0579917712728375e-05, 9.022592620266907e-06, 5.379165897889218e-06, 4.686085413781555e-06, 5.355332192105879e-06, 5.210616670879399e-06, 3.372052317140917e-06, 2.2492910109685055e-06, 1.7744643655473928e-06, 1.681997988036495e-06, 1.7951024916462836e-06, 1.7518122464611475e-06, 1.5918010343794872e-06, 1.2187489187401752e-06, 9.86361204592798e-07, 6.566951959987633e-07, 5.042284675631863e-07, 4.964462874885054e-07, 5.944937706099303e-07, 5.329865796763532e-07, 3.2013169780388833e-07, 2.1933010192685123e-07, 1.7108667206996916e-07, 1.2959940622865285e-07, 1.1241974280838465e-07, 7.580741886046023e-08, 5.939504757395804e-08, 5.3591516545687065e-08, 5.057666700567348e-08, 4.680510969785899e-08, 3.332044406547498e-08, 2.6921805663005688e-08, 2.250558837318884e-08, 2.154990599850831e-08, 2.063132075085326e-08, 1.5064437936045054e-08, 1.333081420450647e-08, 1.1157812446110983e-08, 1.0475845336756068e-08, 1.0330736835381217e-08, 8.03316963962217e-09, 7.158933705291299e-09, 6.8899513477981265e-09, 5.0602354894876785e-09, 3.3549621480626512e-09, 2.7388305367810854e-09, 2.3080535338644124e-09, 1.664903237390272e-09, 1.0991383880437787e-09, 1.0020434701147382e-09, 7.892287124085114e-10, 6.850481209832876e-10, 5.938440396508489e-10, 4.4974583693034914e-10, 3.5228261189924416e-10, 3.1287194076000464e-10, 3.190437637993958e-10, 2.6124633364592634e-10, 2.2267065939972414e-10, 2.1814618025908562e-10, 1.8003592792353784e-10, 1.8376943700144067e-10, 1.510598967795107e-10, 1.0035194180588075e-10, 7.975796704500612e-11, 6.857099084286904e-11, 5.888146261378765e-11, 4.940596820317797e-11], 'preconditioner metadata': [{}, {}, {}, {}, {}, {}, {}, {}, {}, {}, {}, {}, {}, {}, {}, {}, {}, {}, {}, {}, {}, {}, {}, {}, {}, {}, {}, {}, {}, {}, {}, {}, {}, {}, {}, {}, {}, {}, {}, {}, {}, {}, {}, {}, {}, {}, {}, {}, {}, {}, {}, {}, {}, {}, {}, {}, {}, {}, {}, {}, {}, {}, {}, {}, {}, {}, {}, {}, {}, {}, {}, {}, {}, {}, {}, {}, {}, {}, {}, {}, {}, {}, {}, {}, {}, {}, {}, {}, {}, {}, {}, {}, {}, {}, {}, {}, {}, {}, {}, {}, {}, {}, {}, {}, {}, {}, {}, {}, {}, {}, {}, {}, {}, {}, {}, {}, {}, {}, {}, {}, {}, {}, {}, {}, {}, {}, {}]}",4.9765568780300766e-11,,"[826.4234008789062, 824.951904296875, 824.9541625976562, 827.2117919921875, 826.6007690429688, 825.7315063476562, 825.3353881835938, 829.61572265625, 829.8857421875, 825.1521606445312]",[413.29156494140625],[990.0231323242188],[1607.75634765625],[12.75062370300293],[13.75596809387207],
2026-10-05T08:36:58.759851+00:00,continuous coefficient 2D,1,"uniform(2D,11)",S11,S11,S8,"CG(AdditiveSchwarz(torch.float32, Inv(torch.float16), CUDSS, const_dofs_per_coarse=False), bsr_matmul=True)",False,0,1,10,25165824,301916160,"{'iterations': 178, 'residual norms': [0.05415558022970685, 6.1666419318317525, 5.0429708563194335, 6.545607027987047, 5.175734996784103, 3.7512082054006552, 4.707782516189617, 4.429224235766295, 3.7515656121310026, 3.8942971305135314, 3.8647352555339176, 3.353829687602896, 3.860693370440534, 2.7224043008399814, 2.3076952932714647, 1.6323628531096679, 1.7738875523034627, 1.4354263644023109, 1.4526591246829257, 1.253375012616621, 0.8604275937920943, 0.5441643159578426, 0.5500800173913029, 0.46669889459269953, 0.5022196908815765, 0.3763844002171619, 0.23234812799577778, 0.1282726273479627, 0.06638691416249558, 0.041053215202513316, 0.03586327582909008, 0.02617594740756655, 0.02210256054591417, 0.01844886955100268, 0.01900558103647345, 0.021685901352264288, 0.023988970114932336, 0.024275046085841835, 0.019744189838096365, 0.012157941338413438, 0.007032476151115872, 0.005244907953197166, 0.0037280268479013144, 0.003622903716591848, 0.003357381701106957, 0.0024012188629500674, 0.0025418543886099126, 0.0021072316061183922, 0.002103908759031662, 0.002002050405415549, 0.0022230395888461563, 0.0016663209041437282, 0.001354616743486913, 0.0017544066090927118, 0.0017177392259898412, 0.001689572392820882, 0.0011798587861957723, 0.0012302178642717067, 0.0010582068496958691, 0.0007052746047825041, 0.0007106505557839673, 0.0007225627916285669, 0.000763269561270618, 0.0005590589019618618, 0.0004913001684116123, 0.00031058623036777874, 0.00020034939956576665, 0.00017702076487402318, 0.000134984669940961, 7.420175130905493e-05, 5.7912643886843377e-05, 5.473839934111817e-05, 3.2071208229860084e-05, 2.6800404794489036e-05, 2.9662561100931527e-05, 2.6413754988520974e-05, 2.7650766380097236e-05, 2.5272946198767674e-05, 2.4363428999756092e-05, 2.4284498683113707e-05, 2.3721465077607104e-05, 2.82340134488873e-05, 2.3313735195825224e-05, 1.820044892081191e-05, 1.4775731948108464e-05, 1.5537681687973465e-05, 1.5178128162933856e-05, 9.906923127505282e-06, 6.799951355462561e-06, 5.727116275509977e-06, 6.116675310699027e-06, 5.747494641567463e-06, 5.048955338383428e-06, 4.780556688076774e-06, 4.769502322741722e-06, 3.5514316866156955e-06, 2.4921019247908035e-06, 1.5168252671492352e-06, 1.2555716544166218e-06, 1.0355331785370976e-06, 8.942185605681446e-07, 8.273697083444301e-07, 6.925699604306579e-07, 6.711347296279994e-07, 6.19260962333785e-07, 5.286491936606525e-07, 4.6289835329238477e-07, 4.355954229187989e-07, 3.6587782497033764e-07, 4.0196801771116113e-07, 3.7880469791285563e-07, 2.836436903007512e-07, 2.287946790836177e-07, 1.8179768400549813e-07, 1.6637528041801398e-07, 1.7779759351076496e-07, 1.5098188849814107e-07, 1.2904892558842696e-07, 1.4810352303248674e-07, 1.4954416057115623e-07, 1.2835161586300483e-07, 1.1021163776983139e-07, 9.604554178613112e-08, 8.260525085017299e-08, 8.424335178389483e-08, 7.346006268299007e-08, 5.860142931890904e-08, 6.137225253469058e-08, 5.603673437005635e-08, 4.642205133048666e-08, 4.248988570565426e-08, 4.2094270543087694e-08, 3.219494875784657e-08, 2.506370814773304e-08, 2.011632002238516e-08, 1.719429618516877e-08, 1.5132807401412357e-08, 1.3630719092848054e-08, 1.265782496817536e-08, 1.1492721118083203e-08, 9.145727899650394e-09, 6.9072354690910705e-09, 5.688745245327091e-09, 5.471014973996732e-09, 5.153154481544329e-09, 4.229964247756853e-09, 3.439198803142102e-09, 2.98971839958336e-09, 2.4419510078674403e-09, 2.162523089547984e-09, 1.9828945453385785e-09, 1.7027569318129477e-09, 1.5405667786785524e-09, 1.506517719875748e-09, 1.3806272869147618e-09, 1.1742554406603122e-09, 9.88149348147316e-10, 8.309586344965879e-10, 6.761900095038285e-10, 6.702835739472062e-10, 6.295525743977045e-10, 6.581260625545223e-10, 6.612725244736979e-10, 6.083624412701327e-10, 6.250103027864393e-10, 5.649405521515053e-10, 5.277699587169958e-10, 4.68490356268282e-10, 3.838882974435538e-10, 3.2992565952957786e-10, 2.777797286903459e-10, 2.333044977955975e-10, 1.796836110221549e-10, 1.431686815028743e-10, 1.1646045016906434e-10, 9.364153391293446e-11, 7.591301035274636e-11, 6.065528835062822e-11, 5.13014726428091e-11], 'preconditioner metadata': [{}, {}, {}, {}, {}, {}, {}, {}, {}, {}, {}, {}, {}, {}, {}, {}, {}, {}, {}, {}, {}, {}, {}, {}, {}, {}, {}, {}, {}, {}, {}, {}, {}, {}, {}, {}, {}, {}, {}, {}, {}, {}, {}, {}, {}, {}, {}, {}, {}, {}, {}, {}, {}, {}, {}, {}, {}, {}, {}, {}, {}, {}, {}, {}, {}, {}, {}, {}, {}, {}, {}, {}, {}, {}, {}, {}, {}, {}, {}, {}, {}, {}, {}, {}, {}, {}, {}, {}, {}, {}, {}, {}, {}, {}, {}, {}, {}, {}, {}, {}, {}, {}, {}, {}, {}, {}, {}, {}, {}, {}, {}, {}, {}, {}, {}, {}, {}, {}, {}, {}, {}, {}, {}, {}, {}, {}, {}, {}, {}, {}, {}, {}, {}, {}, {}, {}, {}, {}, {}, {}, {}, {}, {}, {}, {}, {}, {}, {}, {}, {}, {}, {}, {}, {}, {}, {}, {}, {}, {}, {}, {}, {}, {}, {}, {}, {}, {}, {}, {}, {}, {}, {}, {}, {}, {}, {}, {}, {}]}",5.177590331570227e-11,,"[2336.953857421875, 1025.8731689453125, 1026.166015625, 1025.461669921875, 1025.407958984375, 1024.8702392578125, 1026.2059326171875, 1025.8641357421875, 1025.55224609375, 1025.0372314453125]",[539.425048828125],[1042.78125],[1351.630126953125],[13.914848327636719],[63.0181770324707],
2026-10-05T08:37:14.099751+00:00,continuous coefficient 2D,1,"uniform(2D,11)",S11,S11,S8,"CG(HybridSchwarz(torch.float32, Inv(torch.float16), CUDSS), bsr_matmul=True)",False,0,1,10,25165824,301916160,"{'iterations': 175, 'residual norms': [6.166390285017847, 5.441332230873665, 6.166331870790603, 4.480347347347822, 3.999611206287426, 5.0490292762530125, 4.00046488882481, 4.011715477885358, 4.078788301621747, 3.352826066866357, 4.501934960159668, 2.880135146135007, 2.429106494854968, 1.894946994426378, 1.5486326252961085, 1.5754854761652295, 1.4631275032951012, 1.3021774215313615, 0.7854113663640719, 0.5837332168768762, 0.4685296228229686, 0.4546450949588671, 0.37225413387047657, 0.28671755547318095, 0.1377854284619092, 0.05508877784118287, 0.035241203903934114, 0.025453817839373914, 0.02322146678788448, 0.020526895460943995, 0.020870371420664564, 0.022203079856261687, 0.02514102501948945, 0.024562784702745716, 0.018575197758268592, 0.013058368335529291, 0.006875925280464027, 0.005218675616724564, 0.004488391297213379, 0.003871160732715053, 0.003107095280756212, 0.0022706140415023005, 0.002115316616171577, 0.002398563949189644, 0.0016853715101676826, 0.0018447607035761602, 0.0019386557482577724, 0.0016795915943651645, 0.0016297092563260084, 0.0022089508497474125, 0.0017047207278764202, 0.0011019721691630073, 0.0009930243703086736, 0.0006423136745115335, 0.000511752998412332, 0.0005308998361188281, 0.0004246256113966891, 0.0004024612101172379, 0.0003485293021803189, 0.00026781992388915255, 0.00019867233960801095, 0.00015387875414142287, 0.00010890415533451992, 7.582016216107855e-05, 5.0563951271634235e-05, 5.272014089309027e-05, 5.7022569709487096e-05, 5.044013943091454e-05, 6.566518208346636e-05, 5.9153273370689246e-05, 4.782227984394937e-05, 4.979916156617667e-05, 4.2421569226649634e-05, 4.381937822915555e-05, 3.66952705781705e-05, 3.232151382375931e-05, 2.0623823333524248e-05, 1.4216987103988194e-05, 1.2284438511102915e-05, 1.2139965945470447e-05, 9.750452799840277e-06, 7.733846109648689e-06, 8.442484982094159e-06, 8.609744186496894e-06, 5.227189066344002e-06, 4.44547605835637e-06, 3.4209774725781444e-06, 2.9136682826680715e-06, 2.0662445951440573e-06, 1.653711999640748e-06, 1.7568949345095582e-06, 2.084009093598975e-06, 1.6964985562159015e-06, 1.6317620165921392e-06, 1.4421721781586256e-06, 1.3797793288901843e-06, 1.1219234663989856e-06, 8.403771794102034e-07, 6.997120538994787e-07, 7.045303816910017e-07, 6.578680010292635e-07, 5.635043351803762e-07, 5.400717622377773e-07, 4.600070331161545e-07, 4.6698369507108266e-07, 5.529410750408738e-07, 4.306444757136289e-07, 3.3902015673979636e-07, 3.141439459759913e-07, 2.8102429202923583e-07, 2.0950722592595502e-07, 1.4581576812772113e-07, 1.0860249757992927e-07, 1.1146489790586024e-07, 1.1553038594629468e-07, 8.718098313565784e-08, 6.28407955866604e-08, 5.786438761708138e-08, 4.805795776072929e-08, 4.152637049166172e-08, 4.057768020736988e-08, 4.0327606186133415e-08, 3.4605396334147316e-08, 2.708686748428967e-08, 2.1587605976510153e-08, 2.0044877679107116e-08, 1.7597491227984936e-08, 1.562679845628745e-08, 1.3769530723391354e-08, 1.1973088567871173e-08, 1.0501816239297696e-08, 9.502012867467874e-09, 8.751675367017571e-09, 7.821910240458552e-09, 7.534830011502755e-09, 7.836609823511291e-09, 8.627223444691459e-09, 7.101086362655552e-09, 5.5886765039543625e-09, 4.842220166917053e-09, 4.292461073994811e-09, 4.030833020572654e-09, 3.166584054742372e-09, 2.5734307719113884e-09, 2.15843390331988e-09, 1.9489211888417785e-09, 1.6485224765430051e-09, 1.4083775762563133e-09, 1.1250577749276444e-09, 9.63900123914852e-10, 8.695690670481909e-10, 7.649208173346462e-10, 5.934627524401333e-10, 4.888150812585513e-10, 4.2515633139729753e-10, 3.5776264421442115e-10, 3.3054076941393183e-10, 2.637793548988038e-10, 2.2233325288076257e-10, 1.8923597566411764e-10, 1.9541955698981837e-10, 2.1557635962229748e-10, 2.0572503778891487e-10, 1.840376284454253e-10, 1.4535346160850988e-10, 1.3097248190847173e-10, 1.1472869724806686e-10, 1.0236084754208179e-10, 9.538393509108784e-11, 7.99746977791531e-11, 6.858345307414285e-11, 6.455319350705312e-11, 5.824674134903787e-11, 5.870599144487796e-11, 5.5084169268285745e-11, 4.276378248755231e-11], 'preconditioner metadata': [{}, {}, {}, {}, {}, {}, {}, {}, {}, {}, {}, {}, {}, {}, {}, {}, {}, {}, {}, {}, {}, {}, {}, {}, {}, {}, {}, {}, {}, {}, {}, {}, {}, {}, {}, {}, {}, {}, {}, {}, {}, {}, {}, {}, {}, {}, {}, {}, {}, {}, {}, {}, {}, {}, {}, {}, {}, {}, {}, {}, {}, {}, {}, {}, {}, {}, {}, {}, {}, {}, {}, {}, {}, {}, {}, {}, {}, {}, {}, {}, {}, {}, {}, {}, {}, {}, {}, {}, {}, {}, {}, {}, {}, {}, {}, {}, {}, {}, {}, {}, {}, {}, {}, {}, {}, {}, {}, {}, {}, {}, {}, {}, {}, {}, {}, {}, {}, {}, {}, {}, {}, {}, {}, {}, {}, {}, {}, {}, {}, {}, {}, {}, {}, {}, {}, {}, {}, {}, {}, {}, {}, {}, {}, {}, {}, {}, {}, {}, {}, {}, {}, {}, {}, {}, {}, {}, {}, {}, {}, {}, {}, {}, {}, {}, {}, {}, {}, {}, {}, {}, {}, {}, {}, {}, {}]}",4.3324250861969706e-11,,"[1526.3453369140625, 1131.60205078125, 1132.2410888671875, 1130.19921875, 1133.788818359375, 1131.5367431640625, 1130.3323974609375, 1131.2230224609375, 1131.1265869140625, 1131.3817138671875]",[306.86944580078125],[1012.7380981445312],[1656.4072265625],[11.469696044921875],[60.57267379760742],
2026-10-05T08:37:27.240246+00:00,continuous coefficient 2D,1,"uniform(2D,11)",S11,S9,S9,"CG(AdditiveSchwarz(torch.float32, Inv(torch.float16), CUDSS, const_dofs_per_coarse=False), bsr_matmul=True)",False,0,1,10,25165824,301916160,"{'iterations': 78, 'residual norms': [0.05415558022970685, 8.147764209132575, 7.186588416286754, 9.66730432594175, 4.705228340348087, 2.3206014388522878, 2.2143952023600484, 0.9173497794228217, 0.47912241777370224, 0.26375373781644257, 0.14925227704808725, 0.08419665628618567, 0.03880114435513845, 0.023509823995086658, 0.024037711973180657, 0.022693731336015165, 0.015709541996328496, 0.009822349934037976, 0.0071921430876298814, 0.0052862766518878964, 0.00513114585762166, 0.006463699719291969, 0.003923749771660452, 0.0018808250736189285, 0.001014891675891635, 0.000526616961629494, 0.00030278488667792743, 0.00023876359831114012, 0.00020287506541554243, 0.0001421664641634475, 0.0001049432976095978, 8.494939092061374e-05, 9.289758006485425e-05, 7.866964982957709e-05, 6.290123105442727e-05, 3.5133113585201395e-05, 1.661185826296372e-05, 1.2221674301823214e-05, 9.09617265378497e-06, 6.412368898880246e-06, 4.96463140871829e-06, 3.2726088785390742e-06, 3.008429375701738e-06, 1.978787555422041e-06, 9.738341743782824e-07, 9.41997743024961e-07, 7.07142713790024e-07, 6.495069287938729e-07, 6.370543245944916e-07, 4.046957309398382e-07, 3.3505739638687093e-07, 3.256413857472467e-07, 1.7038615039511137e-07, 9.316199129265133e-08, 5.039231434361589e-08, 3.127798808877659e-08, 2.3597458580118473e-08, 1.8860662443780242e-08, 1.3514439704066187e-08, 1.096360620288203e-08, 9.010351350255818e-09, 8.25208833424311e-09, 6.295430545581757e-09, 4.656172422334947e-09, 3.202870447913975e-09, 3.1426314242292e-09, 1.918731064655759e-09, 1.9060862197717644e-09, 1.4582989602526482e-09, 7.083458409099941e-10, 3.710619424455072e-10, 3.337989927792367e-10, 1.8302370309785193e-10, 1.1091875077263401e-10, 8.30230109240119e-11, 6.8751212292055e-11, 6.47884400984137e-11, 5.646913300754015e-11, 4.945037855609612e-11], 'preconditioner metadata': [{}, {}, {}, {}, {}, {}, {}, {}, {}, {}, {}, {}, {}, {}, {}, {}, {}, {}, {}, {}, {}, {}, {}, {}, {}, {}, {}, {}, {}, {}, {}, {}, {}, {}, {}, {}, {}, {}, {}, {}, {}, {}, {}, {}, {}, {}, {}, {}, {}, {}, {}, {}, {}, {}, {}, {}, {}, {}, {}, {}, {}, {}, {}, {}, {}, {}, {}, {}, {}, {}, {}, {}, {}, {}, {}, {}, {}, {}]}",4.967618864469532e-11,,"[3100.098876953125, 672.7754516601562, 672.3248901367188, 672.5008544921875, 672.82421875, 672.306396484375, 672.4876708984375, 672.440185546875, 672.5376586914062, 672.5068969726562]",[541.8079833984375],[1057.4102783203125],[1814.33837890625],[12.387776374816895],[19.382816314697266],
2026-10-05T08:37:38.349875+00:00,continuous coefficient 2D,1,"uniform(2D,11)",S11,S9,S9,"CG(HybridSchwarz(torch.float32, Inv(torch.float16), CUDSS), bsr_matmul=True)",False,0,1,10,25165824,301916160,"{'iterations': 62, 'residual norms': [8.14701590286543, 7.3007425160734085, 7.006328889429442, 2.282861644553139, 2.0095688586895086, 0.8086585065142918, 0.3360285256595103, 0.15550615146293595, 0.06849792155912145, 0.0345214932897801, 0.02674489217641777, 0.028241153088750897, 0.017764413653774472, 0.01219679959042042, 0.00537021195750003, 0.004840096105646651, 0.004900939935420419, 0.0019924233123374815, 0.0011780651455634435, 0.0007495467720492589, 0.000544458407368515, 0.00034122695952818626, 0.00021019977244819156, 0.00024053198644829197, 0.0001843716120667927, 0.00010361120659998203, 4.358021567130815e-05, 2.5950654847146517e-05, 2.3113277288656277e-05, 1.974566237341307e-05, 8.212410743311202e-06, 5.672758980602321e-06, 4.947978609333556e-06, 3.660721100297569e-06, 2.7039415722563987e-06, 1.694496495281291e-06, 1.3263738869803113e-06, 6.623592335113818e-07, 3.392163270433412e-07, 2.5404979281756373e-07, 1.9382633422480193e-07, 1.3311843463394783e-07, 1.1769422053388869e-07, 6.80980237935744e-08, 4.574288998911419e-08, 3.3541894685367276e-08, 2.9634508454367183e-08, 1.8064996795858997e-08, 8.915624305878574e-09, 6.910366725396251e-09, 3.690565721262151e-09, 2.3525111388407704e-09, 2.1548417187379922e-09, 1.6924407309022687e-09, 1.1809447612024118e-09, 9.045099745505693e-10, 4.1338406917709814e-10, 3.083599009485451e-10, 2.405012661782218e-10, 1.7712814875912573e-10, 9.689215248753616e-11, 6.038237220203311e-11, 4.424012953156898e-11], 'preconditioner metadata': [{}, {}, {}, {}, {}, {}, {}, {}, {}, {}, {}, {}, {}, {}, {}, {}, {}, {}, {}, {}, {}, {}, {}, {}, {}, {}, {}, {}, {}, {}, {}, {}, {}, {}, {}, {}, {}, {}, {}, {}, {}, {}, {}, {}, {}, {}, {}, {}, {}, {}, {}, {}, {}, {}, {}, {}, {}, {}, {}, {}, {}, {}]}",4.444645742756035e-11,,"[1209.3936767578125, 579.7373046875, 579.4111328125, 579.1033325195312, 579.7128295898438, 579.3340454101562, 579.2032470703125, 579.1124877929688, 579.4432373046875, 579.1112060546875]",[772.5009155273438],[1033.6927490234375],[2290.08837890625],[11.4749755859375],[19.208959579467773],
2026-10-05T08:37:48.904361+00:00,continuous coefficient 2D,1,"uniform(2D,11)",S11,S10,S9,"CG(AdditiveSchwarz(torch.float32, Inv(torch.float16), CUDSS, const_dofs_per_coarse=False), bsr_matmul=True)",False,0,1,10,25165824,301916160,"{'iterations': 82, 'residual norms': [0.05415558022970685, 8.147547781855486, 7.275329424856452, 10.375271097956965, 5.4720421942852315, 3.2115963509037804, 3.1139786683116535, 1.4518816411973419, 1.1281085604039287, 0.6141487053167592, 0.34357825835040373, 0.134636055863505, 0.10120667460485319, 0.0486007785976481, 0.021418243179395283, 0.01710443624917855, 0.021175208955081015, 0.01751403907825157, 0.011185212870413888, 0.00930156693232726, 0.005865815011490157, 0.004275913671881096, 0.005837103873417071, 0.004567084775243806, 0.0024644494268025834, 0.0017348310359503953, 0.0009825088811937564, 0.0007155907774740803, 0.0007146811571991428, 0.0004884880933432639, 0.00032362037167768564, 0.00018651365537314203, 0.00017215694562797376, 0.00011083813077039577, 7.176092019505988e-05, 5.9533579195216515e-05, 5.38678601114996e-05, 5.882418082162399e-05, 4.90524633122533e-05, 2.1941442944521152e-05, 1.361881229492134e-05, 9.72811743411126e-06, 7.915516466888917e-06, 7.4881748924373414e-06, 5.131248497400499e-06, 3.015179192207908e-06, 1.5205721955040813e-06, 1.0885697381087605e-06, 8.955733031208735e-07, 1.0950896042645247e-06, 6.456582971429752e-07, 4.4192829159758374e-07, 4.25140092730686e-07, 3.766330341105042e-07, 2.738457074184876e-07, 1.8142010834235384e-07, 1.2211357666418932e-07, 1.1520628130060964e-07, 8.028870109705853e-08, 5.969765947242011e-08, 4.8858690200423e-08, 2.6725071112121717e-08, 1.7166888286663446e-08, 1.2504898989214474e-08, 1.2124646020953356e-08, 9.742499016585553e-09, 7.308442253226628e-09, 5.082982665183909e-09, 3.5921977374547925e-09, 2.3654097396792174e-09, 2.0257561312137926e-09, 2.217071965434586e-09, 1.8606292042142236e-09, 1.1198504230080632e-09, 8.02070577335056e-10, 6.168240899147223e-10, 5.064039257123887e-10, 3.450375545253727e-10, 2.0937424525928153e-10, 1.3735247593282472e-10, 9.194532751391395e-11, 5.724256925642449e-11, 5.346963693814423e-11], 'preconditioner metadata': [{}, {}, {}, {}, {}, {}, {}, {}, {}, {}, {}, {}, {}, {}, {}, {}, {}, {}, {}, {}, {}, {}, {}, {}, {}, {}, {}, {}, {}, {}, {}, {}, {}, {}, {}, {}, {}, {}, {}, {}, {}, {}, {}, {}, {}, {}, {}, {}, {}, {}, {}, {}, {}, {}, {}, {}, {}, {}, {}, {}, {}, {}, {}, {}, {}, {}, {}, {}, {}, {}, {}, {}, {}, {}, {}, {}, {}, {}, {}, {}, {}, {}]}",5.368682039576519e-11,,"[636.932373046875, 636.911865234375, 639.0244140625, 637.0947875976562, 637.2656860351562, 636.7140502929688, 636.6478271484375, 636.3826904296875, 636.7976684570312, 636.6597900390625]",[909.961669921875],[1046.40771484375],[1599.0091552734375],[12.31942367553711],[81.74095916748047],
2026-10-05T08:37:58.490345+00:00,continuous coefficient 2D,1,"uniform(2D,11)",S11,S10,S9,"CG(HybridSchwarz(torch.float32, Inv(torch.float16), CUDSS), bsr_matmul=True)",False,0,1,10,25165824,301916160,"{'iterations': 67, 'residual norms': [8.147221671314973, 7.609702137236359, 8.703449267845054, 4.515330375384803, 3.176757671144154, 2.023323532327639, 1.3974540910415199, 0.587670233027951, 0.29949712708087106, 0.16458614339864744, 0.07670588932948715, 0.037562193805101285, 0.022982069803426184, 0.020709449587884052, 0.020689510072646213, 0.013351840422282149, 0.006574722624234663, 0.005152533706287095, 0.0038410682349310113, 0.0032242766464291063, 0.002403206403484634, 0.0011751542228819651, 0.0007721791672449205, 0.0005529133827447208, 0.0005222984613293356, 0.0003086261998064286, 0.00015236990474974354, 9.894090427555026e-05, 0.00010086341055673778, 4.9476629496678666e-05, 4.0141558000147764e-05, 5.0794138009420375e-05, 2.765479700033626e-05, 1.0328766767780735e-05, 6.392602072266378e-06, 6.452934454650358e-06, 4.113928672231043e-06, 1.7320771754206239e-06, 1.2213794245156093e-06, 9.60310324563669e-07, 9.490178861999858e-07, 7.257870870174898e-07, 5.29554848088287e-07, 2.8102940780061384e-07, 1.864514478270438e-07, 1.613539311478302e-07, 9.709779939985594e-08, 7.018165899384226e-08, 5.0424144141407745e-08, 3.2338051506106905e-08, 2.47126839597485e-08, 1.871120298533236e-08, 1.030964120682638e-08, 7.035735526099567e-09, 4.91278242536769e-09, 4.610780440791573e-09, 3.644380227904586e-09, 2.6533819665096354e-09, 1.6006371772118054e-09, 1.0089288513801498e-09, 9.922731703203344e-10, 6.028526283288343e-10, 3.2625304133624874e-10, 2.2194733548260102e-10, 1.249219088113915e-10, 9.467794411865221e-11, 6.925208680758162e-11, 5.09466362850078e-11], 'preconditioner metadata': [{}, {}, {}, {}, {}, {}, {}, {}, {}, {}, {}, {}, {}, {}, {}, {}, {}, {}, {}, {}, {}, {}, {}, {}, {}, {}, {}, {}, {}, {}, {}, {}, {}, {}, {}, {}, {}, {}, {}, {}, {}, {}, {}, {}, {}, {}, {}, {}, {}, {}, {}, {}, {}, {}, {}, {}, {}, {}, {}, {}, {}, {}, {}, {}, {}, {}, {}]}",5.114008260281642e-11,,"[551.3610229492188, 549.7830200195312, 550.0537109375, 550.4547119140625, 550.1251831054688, 549.924072265625, 549.9814453125, 550.540771484375, 549.993896484375, 549.937255859375]",[455.658935546875],[1033.7926025390625],[1994.351806640625],[12.385791778564453],[60.110145568847656],
2026-10-05T08:38:10.649037+00:00,continuous coefficient 2D,1,"uniform(2D,11)",S11,S11,S9,"CG(AdditiveSchwarz(torch.float32, Inv(torch.float16), CUDSS, const_dofs_per_coarse=False), bsr_matmul=True)",False,0,1,10,25165824,301916160,"{'iterations': 90, 'residual norms': [0.05415558022970685, 8.147386242067613, 6.623979157569522, 8.240496479580496, 6.0909583711444, 4.252013711271664, 4.857320230041593, 3.4763278576881675, 2.2355386797138332, 1.5560125666664588, 1.1418134881626716, 0.8371144851877003, 0.5964721342784877, 0.37931993191745633, 0.2161228111354589, 0.09806437327830865, 0.05712590844379037, 0.027356404574356136, 0.016483312204406658, 0.013214816091553902, 0.011726302903617343, 0.013697332621052511, 0.010682016803071919, 0.007924366900578184, 0.004910799628845459, 0.004088140508593811, 0.002845039106193891, 0.002981617260905515, 0.003592839327040854, 0.0026479717952267072, 0.001873173951450721, 0.0009777684594380154, 0.0008441373878686657, 0.0010325360748615659, 0.00035669870774041886, 0.0002375567187023027, 0.00013244107873589943, 0.00013137548249807216, 7.665669956212525e-05, 4.273252121231556e-05, 2.0869420631498467e-05, 1.8091399775140075e-05, 1.927550555549869e-05, 1.123999735355362e-05, 6.294620767815699e-06, 4.343695565111023e-06, 3.099854874565839e-06, 2.177154567321117e-06, 1.8877418158772603e-06, 1.5026512388489417e-06, 1.0302683913005496e-06, 9.086364192891044e-07, 9.675849326411985e-07, 7.308859443836779e-07, 5.986650658270018e-07, 5.525271179322368e-07, 5.356228706972934e-07, 4.1163032737362164e-07, 3.257185055145996e-07, 2.0925802073106863e-07, 1.2326805356629306e-07, 9.404936331133213e-08, 7.63420581508193e-08, 5.1448315093199316e-08, 4.4880326078652184e-08, 4.2403357376602386e-08, 3.2859788578446175e-08, 2.52054767610498e-08, 1.6734939695403777e-08, 1.0618152123681837e-08, 5.915068015896785e-09, 3.841951470819062e-09, 3.1405644840154667e-09, 2.382976337670618e-09, 1.990970928560915e-09, 1.7204167593519606e-09, 1.3452523185738253e-09, 9.183870804332711e-10, 7.677145228280446e-10, 6.207941085677189e-10, 5.806330900845905e-10, 6.011211529812514e-10, 5.014680957032891e-10, 4.389271292986192e-10, 3.609704486111535e-10, 2.4835786949814196e-10, 1.6352723005157215e-10, 1.1424405049706673e-10, 8.440171259982456e-11, 6.070575416898817e-11, 4.841522166255694e-11], 'preconditioner metadata': [{}, {}, {}, {}, {}, {}, {}, {}, {}, {}, {}, {}, {}, {}, {}, {}, {}, {}, {}, {}, {}, {}, {}, {}, {}, {}, {}, {}, {}, {}, {}, {}, {}, {}, {}, {}, {}, {}, {}, {}, {}, {}, {}, {}, {}, {}, {}, {}, {}, {}, {}, {}, {}, {}, {}, {}, {}, {}, {}, {}, {}, {}, {}, {}, {}, {}, {}, {}, {}, {}, {}, {}, {}, {}, {}, {}, {}, {}, {}, {}, {}, {}, {}, {}, {}, {}, {}, {}, {}, {}]}",4.8676427756197426e-11,,"[845.2108764648438, 844.1112060546875, 843.5581665039062, 843.3703002929688, 843.4539794921875, 843.3849487304688, 843.556640625, 843.7697143554688, 843.306640625, 843.308837890625]",[525.1304321289062],[1055.8934326171875],[1609.26025390625],[11.419327735900879],[14.135904312133789],
2026-10-05T08:38:21.945389+00:00,continuous coefficient 2D,1,"uniform(2D,11)",S11,S11,S9,"CG(HybridSchwarz(torch.float32, Inv(torch.float16), CUDSS), bsr_matmul=True)",False,0,1,10,25165824,301916160,"{'iterations': 89, 'residual norms': [8.147015151718294, 7.1596080806192415, 7.5740910658808, 5.040989278197587, 4.617066249713213, 4.903699490954821, 2.8255209985711183, 1.834660591231093, 1.4701490588501351, 0.8467111800222001, 0.7854713089528528, 0.34799615400148504, 0.19104170382962404, 0.10159170501132248, 0.041562061894068095, 0.020390454395849737, 0.014662081480773954, 0.011852164106515498, 0.018567044990203452, 0.010906980184275796, 0.0054706426250694905, 0.004162819194929353, 0.003360867849070959, 0.0030351355652657743, 0.0031203014115504975, 0.0024898459257253398, 0.001955414874287254, 0.0009228782738845786, 0.0006749923406777629, 0.0004255904279961604, 0.00034232995779285495, 0.00014611309492775954, 0.00014378619219747513, 0.0001420747843929007, 7.31418377227204e-05, 6.901107641482906e-05, 8.950021867251184e-05, 6.43407000972702e-05, 4.0849251992221463e-05, 2.639564688496483e-05, 1.771679915272719e-05, 1.3118389256287007e-05, 1.0678023614859015e-05, 6.895122765225949e-06, 4.287077793849977e-06, 3.96906214737756e-06, 2.629511785596227e-06, 1.9164428621863674e-06, 1.736564687792685e-06, 1.6656031183674493e-06, 1.685993880540584e-06, 1.0822912770628194e-06, 6.311081503205499e-07, 5.703191441663771e-07, 5.222610707523413e-07, 4.0909251965038583e-07, 3.4502936292283983e-07, 2.2103855010717646e-07, 1.5448458258183354e-07, 1.1194648287501553e-07, 7.60920566524763e-08, 5.4239876517058936e-08, 4.616462542154868e-08, 3.449299892524711e-08, 2.539499146503464e-08, 2.0742106094258255e-08, 1.4484352609865271e-08, 1.4250266896735741e-08, 1.2502342647560826e-08, 1.0014927897615337e-08, 8.506308218560473e-09, 6.27076259960709e-09, 4.274560799920205e-09, 3.5393455885645407e-09, 3.0866877156890225e-09, 2.3609612732089336e-09, 1.5178636461808065e-09, 9.78321418408604e-10, 5.990834429563648e-10, 4.4413094454594564e-10, 3.210536517706882e-10, 2.2770520724746976e-10, 2.230544901608866e-10, 2.0799317322459754e-10, 1.809829207319822e-10, 1.4554805445480048e-10, 1.1012663997604611e-10, 7.915312364784215e-11, 5.79452339877587e-11, 4.64327191531715e-11], 'preconditioner metadata': [{}, {}, {}, {}, {}, {}, {}, {}, {}, {}, {}, {}, {}, {}, {}, {}, {}, {}, {}, {}, {}, {}, {}, {}, {}, {}, {}, {}, {}, {}, {}, {}, {}, {}, {}, {}, {}, {}, {}, {}, {}, {}, {}, {}, {}, {}, {}, {}, {}, {}, {}, {}, {}, {}, {}, {}, {}, {}, {}, {}, {}, {}, {}, {}, {}, {}, {}, {}, {}, {}, {}, {}, {}, {}, {}, {}, {}, {}, {}, {}, {}, {}, {}, {}, {}, {}, {}, {}, {}]}",4.670580854601326e-11,,"[733.110107421875, 733.5009765625, 732.0751953125, 732.3084716796875, 732.715087890625, 732.5621948242188, 733.0250854492188, 733.5037841796875, 733.2954711914062, 732.5823974609375]",[348.91839599609375],[1062.5528564453125],[2000.1365966796875],[12.30675220489502],[14.841631889343262],
2026-10-05T08:38:35.113602+00:00,continuous coefficient 2D,1,"uniform(2D,11)",S11,S10,S10,"CG(AdditiveSchwarz(torch.float32, Inv(torch.float16), CUDSS, const_dofs_per_coarse=False), bsr_matmul=True)",False,0,1,10,25165824,301916160,"{'iterations': 56, 'residual norms': [0.05415558022970685, 9.698280525484797, 8.741261894165397, 9.903626245448596, 2.6496137449879553, 0.38887366994183986, 0.1460789641416439, 0.06981191886557107, 0.034991483156789266, 0.014606210467786407, 0.01321540600241316, 0.009956121925966007, 0.006582187958496645, 0.004781757023479083, 0.0036552962749932354, 0.0023018836920871153, 0.0020860089251089286, 0.0011858326373893268, 0.0006520926903004114, 0.00027851995414418637, 0.00014352204037698803, 0.00011606296159324762, 0.00013017641232911854, 9.390765395793344e-05, 3.4017222640400375e-05, 2.1227235353983415e-05, 1.092955331344455e-05, 6.567162553592405e-06, 4.3225589095137575e-06, 3.063416613993304e-06, 3.120762523787508e-06, 2.2220161314172106e-06, 1.3044238498997438e-06, 7.997722024139954e-07, 4.999445644385977e-07, 2.0913615731477554e-07, 1.3059643462033252e-07, 9.876525031603297e-08, 8.095893919881795e-08, 6.548526852783761e-08, 3.99954034088317e-08, 2.5879912000782813e-08, 2.1752190651995468e-08, 1.5775816334775994e-08, 8.318522793335694e-09, 4.78841651708879e-09, 2.8784903856579295e-09, 1.6738175824156723e-09, 1.0752631263424925e-09, 8.895787546400369e-10, 7.375162321399656e-10, 6.076497865432168e-10, 3.6364691370274065e-10, 1.8270759428808204e-10, 1.1398363374092023e-10, 7.100400740219568e-11, 4.385611092541794e-11], 'preconditioner metadata': [{}, {}, {}, {}, {}, {}, {}, {}, {}, {}, {}, {}, {}, {}, {}, {}, {}, {}, {}, {}, {}, {}, {}, {}, {}, {}, {}, {}, {}, {}, {}, {}, {}, {}, {}, {}, {}, {}, {}, {}, {}, {}, {}, {}, {}, {}, {}, {}, {}, {}, {}, {}, {}, {}, {}, {}]}",4.404482407638919e-11,,"[793.92724609375, 793.1162109375, 793.3150634765625, 793.3224487304688, 793.16845703125, 793.0264282226562, 793.1110229492188, 793.5625, 793.0370483398438, 792.7028198242188]",[551.9609985351562],[1079.56201171875],[3070.229248046875],[12.450847625732422],[11.519200325012207],
2026-10-05T08:38:46.657493+00:00,continuous coefficient 2D,1,"uniform(2D,11)",S11,S10,S10,"CG(HybridSchwarz(torch.float32, Inv(torch.float16), CUDSS), bsr_matmul=True)",False,0,1,10,25165824,301916160,"{'iterations': 40, 'residual norms': [9.697240867917596, 9.188306058839252, 4.259536692871793, 0.7041356128515014, 0.29077789866623205, 0.07721386734436426, 0.026255420213262815, 0.015781693228744526, 0.014812298984279652, 0.004954489620142973, 0.002820739437786732, 0.001847917862862514, 0.0010403253225025329, 0.0005519747794365569, 0.0001814547049478153, 7.526646222520324e-05, 6.763696148252717e-05, 4.607713077176909e-05, 1.926136825882857e-05, 1.0552809171834724e-05, 3.866852872065567e-06, 1.7502958244486944e-06, 1.4187548091100528e-06, 7.033198038454856e-07, 5.130041940146671e-07, 3.404658511306115e-07, 1.6965118125190684e-07, 1.2798471104107525e-07, 5.7251141366093645e-08, 2.764735174487492e-08, 8.516659418794346e-09, 5.4570625281532945e-09, 4.299659195156362e-09, 2.778512463949868e-09, 1.4109176312859816e-09, 9.153035591578284e-10, 4.2692084238820136e-10, 2.658335271933029e-10, 1.3352584726627075e-10, 5.786454279489017e-11, 3.096941811704348e-11], 'preconditioner metadata': [{}, {}, {}, {}, {}, {}, {}, {}, {}, {}, {}, {}, {}, {}, {}, {}, {}, {}, {}, {}, {}, {}, {}, {}, {}, {}, {}, {}, {}, {}, {}, {}, {}, {}, {}, {}, {}, {}, {}, {}]}",3.1172832301208586e-11,,"[598.3026733398438, 598.1893310546875, 597.887451171875, 598.1868286132812, 598.0379638671875, 598.053466796875, 598.2118530273438, 598.5831909179688, 598.11669921875, 598.264892578125]",[457.6920471191406],[1074.6331787109375],[3523.628173828125],[12.469023704528809],[11.694239616394043],
2026-10-05T08:39:01.113064+00:00,continuous coefficient 2D,1,"uniform(2D,11)",S11,S11,S10,"CG(AdditiveSchwarz(torch.float32, Inv(torch.float16), CUDSS, const_dofs_per_coarse=False), bsr_matmul=True)",False,0,1,10,25165824,301916160,"{'iterations': 60, 'residual norms': [0.05415558022970685, 9.698237967859177, 8.49992951000442, 8.239832040692011, 4.028685179551826, 0.9230662637022771, 0.373433326363334, 0.13350092021221846, 0.0480760275630173, 0.03401461906861799, 0.024216705903781686, 0.0090785165008112, 0.008638438345872947, 0.005878496899061067, 0.007212134809883865, 0.0025540813925037757, 0.0015130826012261505, 0.0014303990712239204, 0.001008077778229284, 0.00030785408791859594, 0.00017881455289305614, 0.00015821878794936803, 0.00013231058441714346, 8.562495388882473e-05, 6.015649234484811e-05, 4.638425468530585e-05, 2.2827074095072217e-05, 1.4970825819576795e-05, 1.1138042703145357e-05, 6.536683895921049e-06, 3.5652382580110977e-06, 2.459543758739699e-06, 2.3483849157563054e-06, 1.6149944398339156e-06, 1.151459910159687e-06, 7.908213550407272e-07, 5.004725647610151e-07, 3.1116564342832865e-07, 2.1815212731192384e-07, 1.6511067161040434e-07, 8.75455799422718e-08, 5.562240077604245e-08, 3.917843781553306e-08, 2.8065372926782257e-08, 1.7952545847814047e-08, 1.640628926109354e-08, 1.094230907688752e-08, 7.09496677173339e-09, 4.805886026378389e-09, 3.602206007649216e-09, 2.375459367946971e-09, 1.3391953402020387e-09, 8.455305663155084e-10, 5.270117124805532e-10, 3.0822757524524125e-10, 2.6054064554725627e-10, 2.110872551626181e-10, 1.6110414551148072e-10, 1.0505265064286606e-10, 6.319467680330312e-11, 3.831340805950326e-11], 'preconditioner metadata': [{}, {}, {}, {}, {}, {}, {}, {}, {}, {}, {}, {}, {}, {}, {}, {}, {}, {}, {}, {}, {}, {}, {}, {}, {}, {}, {}, {}, {}, {}, {}, {}, {}, {}, {}, {}, {}, {}, {}, {}, {}, {}, {}, {}, {}, {}, {}, {}, {}, {}, {}, {}, {}, {}, {}, {}, {}, {}, {}, {}]}",3.8542447783598586e-11,,"[922.735595703125, 922.0474243164062, 921.5721435546875, 922.0100708007812, 921.880615234375, 921.8480224609375, 921.4526977539062, 921.77197265625, 921.50634765625, 922.1929931640625]",[548.361083984375],[1089.6802978515625],[3086.58447265625],[11.641599655151367],[11.09001636505127],
2026-10-05T08:39:13.235927+00:00,continuous coefficient 2D,1,"uniform(2D,11)",S11,S11,S10,"CG(HybridSchwarz(torch.float32, Inv(torch.float16), CUDSS), bsr_matmul=True)",False,0,1,10,25165824,301916160,"{'iterations': 45, 'residual norms': [9.697239512777736, 9.262407304291415, 6.282586641244437, 1.8988830722095058, 0.6710232359259707, 0.30823512700936884, 0.15903151349646552, 0.09146666556344919, 0.02474740093159414, 0.01684932356170613, 0.008335038280316905, 0.009746514417991592, 0.0028229876025038817, 0.001018217489148813, 0.001197727717206223, 0.0004911414083137163, 0.00018073574778041453, 0.00010588587755208618, 7.037805224136727e-05, 3.0480373254929934e-05, 2.02052246323019e-05, 1.0930973579433684e-05, 7.346863980401852e-06, 4.920340926170542e-06, 3.83259528248447e-06, 2.577924323922175e-06, 1.2819137708992713e-06, 6.863380410773305e-07, 3.0125845490468713e-07, 1.362708853472191e-07, 7.816409496624784e-08, 4.737206251076991e-08, 2.8633360286921556e-08, 1.9481920689629208e-08, 1.2075003017874764e-08, 7.0993148135536305e-09, 5.217919776951393e-09, 3.6208076262867556e-09, 1.9637218287071887e-09, 1.2947214573727928e-09, 8.238558189276008e-10, 4.483584566892021e-10, 2.5139325362627564e-10, 1.362631907206776e-10, 6.893047129973031e-11, 3.847862963100277e-11], 'preconditioner metadata': [{}, {}, {}, {}, {}, {}, {}, {}, {}, {}, {}, {}, {}, {}, {}, {}, {}, {}, {}, {}, {}, {}, {}, {}, {}, {}, {}, {}, {}, {}, {}, {}, {}, {}, {}, {}, {}, {}, {}, {}, {}, {}, {}, {}, {}]}",3.8658912892366637e-11,,"[665.95556640625, 665.8139038085938, 665.60546875, 665.489013671875, 665.7858276367188, 665.4660034179688, 665.4663696289062, 665.5475463867188, 665.377197265625, 665.5711059570312]",[377.2962951660156],[1067.0279541015625],[3496.793212890625],[11.90499210357666],[11.51574420928955],
2026-10-05T08:39:44.103394+00:00,continuous coefficient 2D,1,"uniform(2D,11)",S11,S11,S11,"CG(AdditiveSchwarz(torch.float32, Inv(torch.float16), CUDSS, const_dofs_per_coarse=False), bsr_matmul=True)",False,0,1,10,25165824,301916160,"{'iterations': 46, 'residual norms': [0.05415558022970685, 5.77295536753238, 10.090510437326449, 2.630188819636998, 0.06522437414317503, 0.016970154275709137, 0.00560324608958434, 0.002343541873005277, 0.00170799059797325, 0.0013538044677500621, 0.0009226908465840534, 0.000495845939114262, 0.0002535408551404122, 0.00019669436161182045, 0.00012473714666903362, 8.756781578069312e-05, 4.721868191614362e-05, 2.6031670035921185e-05, 1.854147566535146e-05, 9.715920055734027e-06, 8.051310969260665e-06, 3.959669617272375e-06, 3.1345599655575175e-06, 1.6076087840094327e-06, 1.0760695266181966e-06, 6.328242821722666e-07, 3.8431579677393203e-07, 2.9844526753026514e-07, 1.7111748237357892e-07, 1.12844140036886e-07, 5.899585730851622e-08, 3.9105283023852996e-08, 2.6406759583300112e-08, 1.6875559091810318e-08, 1.0797494640637115e-08, 6.536156127441021e-09, 4.136220464270152e-09, 2.443366813463004e-09, 1.6156745101560361e-09, 1.0534694352073832e-09, 6.4559537284971e-10, 4.412141180754205e-10, 2.4323141509239064e-10, 1.6394485116833758e-10, 9.546331694406295e-11, 6.576086149377028e-11, 4.08791766577533e-11], 'preconditioner metadata': [{}, {}, {}, {}, {}, {}, {}, {}, {}, {}, {}, {}, {}, {}, {}, {}, {}, {}, {}, {}, {}, {}, {}, {}, {}, {}, {}, {}, {}, {}, {}, {}, {}, {}, {}, {}, {}, {}, {}, {}, {}, {}, {}, {}, {}, {}]}",4.1050634366556404e-11,,"[1788.82568359375, 1784.396240234375, 1784.2841796875, 1785.153564453125, 1784.3453369140625, 1784.0594482421875, 1784.386474609375, 1790.05859375, 1784.8165283203125, 1788.1884765625]",[571.9603881835938],[1091.5166015625],[10739.142578125],[12.639360427856445],[13.630271911621094],
2026-10-05T08:40:09.584350+00:00,continuous coefficient 2D,1,"uniform(2D,11)",S11,S11,S11,"CG(HybridSchwarz(torch.float32, Inv(torch.float16), CUDSS), bsr_matmul=True)",False,0,1,10,25165824,301916160,"{'iterations': 31, 'residual norms': [5.778959634097342, 4.599172024102977, 0.09088976703037545, 0.016900713507862156, 0.004582998889882048, 0.0033450571815140887, 0.0020749007127908725, 0.000594139762802221, 0.0002350306251232254, 0.00014164590294317648, 8.199063464306578e-05, 3.3711548349025735e-05, 1.5343033549839605e-05, 7.407594154550867e-06, 3.627957017396027e-06, 2.043632652317537e-06, 1.1107210829073523e-06, 4.888662515153153e-07, 2.1338542264462577e-07, 1.1706839661700411e-07, 6.40418756897863e-08, 3.221832426786642e-08, 1.552056004054461e-08, 7.524344432753499e-09, 3.773352842478252e-09, 2.0874244549016618e-09, 1.1051203802646993e-09, 5.17582268781327e-10, 2.4891869539508553e-10, 1.3199061941396407e-10, 7.024274850613171e-11, 3.595136626370427e-11], 'preconditioner metadata': [{}, {}, {}, {}, {}, {}, {}, {}, {}, {}, {}, {}, {}, {}, {}, {}, {}, {}, {}, {}, {}, {}, {}, {}, {}, {}, {}, {}, {}, {}, {}]}",3.609243447976935e-11,,"[1220.9437255859375, 1220.6361083984375, 1221.1142578125, 1221.3985595703125, 1228.063232421875, 1224.7635498046875, 1221.7237548828125, 1220.8350830078125, 1220.60107421875, 1220.58349609375]",[461.7742004394531],[1204.1761474609375],[11041.861328125],[12.332351684570312],[12.591423988342285],
2026-10-05T08:40:13.596490+00:00,continuous coefficient 2D,1,"uniform(2D,11)",S11,C8,C8,"CG(AdditiveSchwarz(torch.float32, Inv(torch.float16), CUDSS, const_dofs_per_coarse=False), bsr_matmul=True)",False,0,1,10,25165824,301916160,,,,,,,,,,"CUDA out of memory. Tried to allocate 36.00 GiB. GPU 0 has a total capacity of 79.25 GiB of which 2.61 GiB is free. Including non-PyTorch memory, this process has 76.63 GiB memory in use. Of the allocated memory 75.83 GiB is allocated by PyTorch, and 245.65 MiB is reserved by PyTorch but unallocated. If reserved but unallocated memory is large try setting PYTORCH_CUDA_ALLOC_CONF=expandable_segments:True to avoid fragmentation.  See documentation for Memory Management  (https://pytorch.org/docs/stable/notes/cuda.html#environment-variables)"
2026-10-05T08:40:18.332112+00:00,continuous coefficient 2D,1,"uniform(2D,11)",S11,C8,C8,"CG(HybridSchwarz(torch.float32, Inv(torch.float16), CUDSS), bsr_matmul=True)",False,0,1,10,25165824,301916160,,,,,,,,,,"CUDA out of memory. Tried to allocate 36.00 GiB. GPU 0 has a total capacity of 79.25 GiB of which 2.61 GiB is free. Including non-PyTorch memory, this process has 76.63 GiB memory in use. Of the allocated memory 75.83 GiB is allocated by PyTorch, and 245.65 MiB is reserved by PyTorch but unallocated. If reserved but unallocated memory is large try setting PYTORCH_CUDA_ALLOC_CONF=expandable_segments:True to avoid fragmentation.  See documentation for Memory Management  (https://pytorch.org/docs/stable/notes/cuda.html#environment-variables)"
2026-10-05T08:40:35.034563+00:00,continuous coefficient 2D,1,"uniform(2D,11)",S11,C9,C8,"CG(AdditiveSchwarz(torch.float32, Inv(torch.float16), CUDSS, const_dofs_per_coarse=False), bsr_matmul=True)",False,0,1,10,25165824,301916160,"{'iterations': 132, 'residual norms': [0.05415558022970685, 4.820498067822126, 6.526948907433049, 9.367748643397531, 4.8501560611947765, 4.498462271008554, 2.236686919129708, 0.9170880824113377, 0.39052282956771867, 0.25590637188491966, 0.14176581057958865, 0.0746380959139995, 0.06676938918736372, 0.10793092381494505, 0.07362254359486434, 0.04570577100915955, 0.0417977880270675, 0.04653496862450587, 0.0566405118008513, 0.04951854847262575, 0.031745418772698486, 0.026134218484023575, 0.018701627386384825, 0.012678696488215397, 0.011924968125572755, 0.013090900372329083, 0.012001055646533008, 0.008978111760979809, 0.006451739084317149, 0.004373800448423005, 0.0035990097888474034, 0.004237195968583096, 0.00652958210201589, 0.003420147415321685, 0.0018893985839391416, 0.001912672174873245, 0.001286015818643036, 0.0008470870643391239, 0.0007389890967242455, 0.0006078085475492604, 0.0009366279903797492, 0.00068103668312571, 0.0003710662153935924, 0.0002950585960578145, 0.00038779666199116754, 0.00030818489101229864, 0.00024610682838369476, 0.00024452165537499926, 0.000170002029962951, 0.00010119294454329742, 6.912340844984344e-05, 5.385698440668785e-05, 4.6900013015459026e-05, 6.749471386608864e-05, 6.616190372617584e-05, 4.495048617675207e-05, 2.8957869851164707e-05, 3.0808038395317626e-05, 2.421072491071794e-05, 1.7075252946354842e-05, 1.7308985899100678e-05, 1.6760912249309735e-05, 1.2594312047324432e-05, 8.457851322328632e-06, 6.238077492182445e-06, 3.952937037798609e-06, 3.87731372202652e-06, 4.81469956767326e-06, 5.02773669209993e-06, 3.6905904824271747e-06, 2.8286973454041437e-06, 2.049441634526355e-06, 1.8500893063690625e-06, 1.6368671933507153e-06, 8.925969183522075e-07, 1.1944571183119341e-06, 7.996489924519936e-07, 5.187006001625272e-07, 5.11594669572195e-07, 4.5052283731910247e-07, 4.0942102168854876e-07, 3.663307784127433e-07, 3.66382467904441e-07, 2.630780519827311e-07, 2.056776367698884e-07, 2.3835594117550442e-07, 2.117752239000504e-07, 1.3435857890984173e-07, 1.1151933980507596e-07, 9.042213404756472e-08, 6.770178341052959e-08, 4.723091188964078e-08, 3.616558920036286e-08, 4.1161614370404905e-08, 4.7178731470649124e-08, 3.693943197508388e-08, 2.6764994287511295e-08, 2.322046315552406e-08, 2.3387894215772187e-08, 1.7923414848651615e-08, 1.4002205378523535e-08, 1.448719540372119e-08, 9.053207912559095e-09, 7.63486847828905e-09, 7.42239880508116e-09, 4.842085853377865e-09, 2.970802986043271e-09, 4.048415569290882e-09, 3.5905200091708275e-09, 2.5611489667086874e-09, 2.692104540882993e-09, 2.1257119620618756e-09, 2.0869867634961997e-09, 1.8476949950417847e-09, 1.4346726299072574e-09, 1.0604424707813887e-09, 8.630268439694252e-10, 6.618903178574851e-10, 4.851820784175352e-10, 4.2344795565592146e-10, 3.58227439042692e-10, 4.0174432345388956e-10, 3.8013859079273926e-10, 2.7211406992609605e-10, 2.0784286924805414e-10, 2.1759671560832504e-10, 2.0027034918881544e-10, 1.4810617966597716e-10, 1.5472808322537627e-10, 1.1383509075431174e-10, 8.231014632901769e-11, 6.770553834708522e-11, 5.152817526777419e-11], 'preconditioner metadata': [{}, {}, {}, {}, {}, {}, {}, {}, {}, {}, {}, {}, {}, {}, {}, {}, {}, {}, {}, {}, {}, {}, {}, {}, {}, {}, {}, {}, {}, {}, {}, {}, {}, {}, {}, {}, {}, {}, {}, {}, {}, {}, {}, {}, {}, {}, {}, {}, {}, {}, {}, {}, {}, {}, {}, {}, {}, {}, {}, {}, {}, {}, {}, {}, {}, {}, {}, {}, {}, {}, {}, {}, {}, {}, {}, {}, {}, {}, {}, {}, {}, {}, {}, {}, {}, {}, {}, {}, {}, {}, {}, {}, {}, {}, {}, {}, {}, {}, {}, {}, {}, {}, {}, {}, {}, {}, {}, {}, {}, {}, {}, {}, {}, {}, {}, {}, {}, {}, {}, {}, {}, {}, {}, {}, {}, {}, {}, {}, {}, {}, {}, {}]}",5.188845033421117e-11,,"[1106.3060302734375, 1105.6964111328125, 1105.8248291015625, 1106.194580078125, 1106.553955078125, 1106.384521484375, 1105.82861328125, 1108.535888671875, 1105.8031005859375, 1105.760009765625]",[704.61669921875],[1115.3565673828125],[1707.2244873046875],[11.889216423034668],[14.157247543334961],
2026-10-05T08:40:47.430405+00:00,continuous coefficient 2D,1,"uniform(2D,11)",S11,C9,C8,"CG(HybridSchwarz(torch.float32, Inv(torch.float16), CUDSS), bsr_matmul=True)",False,0,1,10,25165824,301916160,"{'iterations': 77, 'residual norms': [4.818148996935944, 6.313952942560543, 9.720395608336311, 4.103602348967745, 3.5271968178860575, 1.9643616721117036, 0.5411348689215453, 0.3158829977670822, 0.1873621223645247, 0.09653890741755908, 0.15758219215069344, 0.1206111429025441, 0.05788813363029939, 0.05068099130700125, 0.06172804698865283, 0.05392100420983622, 0.02696626880743617, 0.016148923834970273, 0.00938134035583561, 0.0051172341018196465, 0.0032083846393954995, 0.0020113077278797365, 0.0015727230543690328, 0.0015364193627739164, 0.0007108548768642006, 0.0003559047216601802, 0.00032171303905086985, 9.931352396573633e-05, 8.372565471125944e-05, 8.627341431826705e-05, 0.00011250759766408123, 9.930774322207927e-05, 3.3058338529111543e-05, 1.7329527359890216e-05, 8.143397446893806e-06, 5.606396214343411e-06, 4.162714584468445e-06, 3.4872898607592864e-06, 4.600226334298785e-06, 3.4954310354610634e-06, 1.7510971243627243e-06, 1.1129883073298463e-06, 8.948325145109385e-07, 5.903382683307979e-07, 4.6572166922820336e-07, 3.017197165089106e-07, 1.8642904346930885e-07, 1.655545499077104e-07, 1.0544708483537681e-07, 8.194491668326106e-08, 9.679420003528923e-08, 5.151786635143588e-08, 3.883211976518683e-08, 2.670879407873434e-08, 3.32570788707438e-08, 1.794862707972931e-08, 1.683042140904251e-08, 1.279150384933637e-08, 9.721080261402286e-09, 7.532862415765394e-09, 5.161666111582463e-09, 4.468815710485386e-09, 5.239389204841431e-09, 2.4270108155118535e-09, 1.6027221121810653e-09, 1.39237491202519e-09, 1.187769325821309e-09, 9.84756733729164e-10, 4.4950137022011933e-10, 4.1611706842816274e-10, 3.571989139609704e-10, 2.5238522317867927e-10, 2.017724452604087e-10, 1.8973137669563658e-10, 1.1081732188540522e-10, 8.58881624873963e-11, 6.842134206700885e-11, 5.23449948955067e-11], 'preconditioner metadata': [{}, {}, {}, {}, {}, {}, {}, {}, {}, {}, {}, {}, {}, {}, {}, {}, {}, {}, {}, {}, {}, {}, {}, {}, {}, {}, {}, {}, {}, {}, {}, {}, {}, {}, {}, {}, {}, {}, {}, {}, {}, {}, {}, {}, {}, {}, {}, {}, {}, {}, {}, {}, {}, {}, {}, {}, {}, {}, {}, {}, {}, {}, {}, {}, {}, {}, {}, {}, {}, {}, {}, {}, {}, {}, {}, {}, {}]}",5.2559322849817554e-11,,"[686.9510498046875, 686.528564453125, 686.6644287109375, 686.6929931640625, 686.5142211914062, 686.5353393554688, 687.9238891601562, 686.3292236328125, 686.2821044921875, 687.2708740234375]",[245.66073608398438],[1121.9208984375],[2161.819091796875],[11.515647888183594],[13.972672462463379],
2026-10-05T08:41:03.369290+00:00,continuous coefficient 2D,1,"uniform(2D,11)",S11,C10,C8,"CG(AdditiveSchwarz(torch.float32, Inv(torch.float16), CUDSS, const_dofs_per_coarse=False), bsr_matmul=True)",False,0,1,10,25165824,301916160,"{'iterations': 146, 'residual norms': [0.05415558022970685, 4.819399566160678, 5.930465591125325, 7.325862310438241, 3.495823365456645, 5.322558398944756, 5.90111784171706, 2.553398330799883, 1.875817535929464, 0.8884310392184923, 0.38503687383593715, 0.15450344641596084, 0.08852585849031065, 0.06554770366710311, 0.07567850393336255, 0.06921219380834853, 0.041029766795326064, 0.0364388228286421, 0.03431519015414669, 0.04132894128791713, 0.036905026730798186, 0.03671827611621796, 0.0304884524311597, 0.03463335808373364, 0.03654206654474659, 0.018874991551913772, 0.010584889360065223, 0.011383348431526252, 0.010559619090801386, 0.007998971078679586, 0.0053626663395419235, 0.00389405383361102, 0.0060065998136766266, 0.004429453148724233, 0.0019449700067195182, 0.0015409018955850845, 0.002272895593457903, 0.0023388212853660342, 0.001826719284151024, 0.0014923548496352554, 0.0018569156919877343, 0.0016019831849074277, 0.0013134373753358457, 0.0007714094655627788, 0.0005108354690117234, 0.0004098963767111929, 0.00032225244282409204, 0.0002878493147833501, 0.00019631380994545084, 0.00012566527401972538, 0.00013056876750195531, 0.00016184801191521437, 0.0001640822470452975, 0.00012192381152556435, 0.00010631404008093137, 7.818346703178321e-05, 8.735156082986494e-05, 8.726243196635982e-05, 6.235941963227113e-05, 6.359371894995378e-05, 5.7554175721062956e-05, 3.370270690571627e-05, 2.6963776602365965e-05, 2.0592234214807734e-05, 1.4169526435144242e-05, 1.3620981194107673e-05, 8.435224710854948e-06, 7.012927787981637e-06, 7.1329382076735125e-06, 7.261535125877353e-06, 8.099383775542385e-06, 6.619569393988544e-06, 5.666607624319251e-06, 5.53852734766577e-06, 5.552885548070783e-06, 2.963339314967149e-06, 2.6407615811650233e-06, 2.7522121724044165e-06, 2.2066293112141285e-06, 1.6899563300629978e-06, 1.6900423640701734e-06, 1.0287816935459466e-06, 6.1116566884672e-07, 6.433804786473982e-07, 4.6308237166012164e-07, 3.261774225200698e-07, 3.3779214537917203e-07, 4.2485148016325387e-07, 3.6065958899595726e-07, 2.8142014419907305e-07, 3.30633494568504e-07, 2.857002412053196e-07, 2.588658699611887e-07, 1.616035134642069e-07, 1.1589301161443103e-07, 1.0834487512365523e-07, 8.436688155349688e-08, 8.117530651960409e-08, 6.40263585137825e-08, 4.5062876674627244e-08, 4.149093108230816e-08, 3.6043562327869706e-08, 2.273927659423083e-08, 1.8428052347079216e-08, 2.307187842523822e-08, 2.248915293065297e-08, 1.6868135988352357e-08, 1.918811620130336e-08, 1.7104605990827173e-08, 1.4980597663584375e-08, 1.3195838432206525e-08, 8.363220137081242e-09, 6.230414889796845e-09, 5.999752678313649e-09, 6.008972524638513e-09, 4.466815651454628e-09, 3.5502186141057337e-09, 3.414468208424653e-09, 3.3429436883916562e-09, 2.678273458276136e-09, 2.049763307987183e-09, 1.5729885136074703e-09, 1.7002473074324304e-09, 1.3015021968827496e-09, 1.2166640098526503e-09, 1.1601488035899783e-09, 8.672959959959605e-10, 7.398917283711175e-10, 6.965900767515215e-10, 4.834596692150902e-10, 3.999136321283566e-10, 4.681528156358959e-10, 4.3885056970822997e-10, 3.472750059524302e-10, 2.9757766997315663e-10, 2.7097166442676256e-10, 2.5897641239118735e-10, 2.352977944456714e-10, 1.5570838584833784e-10, 1.2332846744040107e-10, 1.1806361157507385e-10, 1.0543341027605903e-10, 8.571978498246354e-11, 6.653866039663451e-11, 6.275611404248401e-11, 6.217020940273217e-11, 4.8170149819136445e-11], 'preconditioner metadata': [{}, {}, {}, {}, {}, {}, {}, {}, {}, {}, {}, {}, {}, {}, {}, {}, {}, {}, {}, {}, {}, {}, {}, {}, {}, {}, {}, {}, {}, {}, {}, {}, {}, {}, {}, {}, {}, {}, {}, {}, {}, {}, {}, {}, {}, {}, {}, {}, {}, {}, {}, {}, {}, {}, {}, {}, {}, {}, {}, {}, {}, {}, {}, {}, {}, {}, {}, {}, {}, {}, {}, {}, {}, {}, {}, {}, {}, {}, {}, {}, {}, {}, {}, {}, {}, {}, {}, {}, {}, {}, {}, {}, {}, {}, {}, {}, {}, {}, {}, {}, {}, {}, {}, {}, {}, {}, {}, {}, {}, {}, {}, {}, {}, {}, {}, {}, {}, {}, {}, {}, {}, {}, {}, {}, {}, {}, {}, {}, {}, {}, {}, {}, {}, {}, {}, {}, {}, {}, {}, {}, {}, {}, {}, {}, {}, {}]}",4.859056205298723e-11,,"[899.063232421875, 897.9427490234375, 897.5216064453125, 899.4950561523438, 897.4118041992188, 897.7833862304688, 899.7260131835938, 897.0946044921875, 897.464599609375, 898.0792846679688]",[242.4147491455078],[1112.1116943359375],[1327.475341796875],[12.655167579650879],[57.43753433227539],
2026-10-05T08:41:15.708732+00:00,continuous coefficient 2D,1,"uniform(2D,11)",S11,C10,C8,"CG(HybridSchwarz(torch.float32, Inv(torch.float16), CUDSS), bsr_matmul=True)",False,0,1,10,25165824,301916160,"{'iterations': 100, 'residual norms': [4.818157877663016, 5.840756287700831, 3.8886209502276663, 4.198230608194912, 6.043564294634414, 4.189421981039716, 2.4610517817386808, 1.5004607765178781, 0.47096720577335716, 0.20249329235285576, 0.1125358401960718, 0.07013978368863273, 0.1031423194889832, 0.05640239942732219, 0.04872417690449033, 0.051437010517911615, 0.04417940312302264, 0.04004268912284335, 0.03344804926913438, 0.03331046788629339, 0.03381893351754199, 0.016852554450901225, 0.01067495532351515, 0.009253241545936515, 0.006793379333756308, 0.0029317167633244913, 0.0008477998800654716, 0.00063588102825225, 0.0007555585237936983, 0.0006182756303711614, 0.00030295017166973276, 0.00019880411487590384, 0.00017360242793279236, 0.0001163723500900031, 5.269292341491103e-05, 3.0175958709521328e-05, 3.632093161582037e-05, 3.409168231537219e-05, 4.0464086748297216e-05, 3.250907390763219e-05, 2.477299381408579e-05, 3.2019398446480894e-05, 1.4463220742328718e-05, 7.49713161225799e-06, 3.873311226866648e-06, 2.3505170711620518e-06, 2.313660097114274e-06, 1.4112580255310226e-06, 1.9605082453106687e-06, 1.468717875271089e-06, 1.4230058728639098e-06, 9.844736106633647e-07, 7.858570293933571e-07, 8.921725243468178e-07, 6.103695584180845e-07, 3.603528593677121e-07, 3.4784956766313627e-07, 3.305522448080349e-07, 2.873704062419619e-07, 1.8911839286932596e-07, 2.0966550123696033e-07, 1.44974745372441e-07, 9.956335944492144e-08, 9.744553112302627e-08, 5.051887696060861e-08, 4.683910159157071e-08, 3.927894853515774e-08, 2.604220243984918e-08, 3.254861486233754e-08, 2.95958951447268e-08, 1.6312168449843923e-08, 1.2714047638466065e-08, 1.0563298993779507e-08, 8.251756419039637e-09, 6.931639626144373e-09, 4.708486013317608e-09, 4.536856831512694e-09, 3.406125924623852e-09, 2.574013546392816e-09, 1.9507573375148113e-09, 2.2149896826406904e-09, 1.6270545148409034e-09, 1.0996070096547811e-09, 9.665610183746007e-10, 9.161611525858348e-10, 6.591665558872373e-10, 5.7525933310547e-10, 4.959503560077615e-10, 4.747746704627e-10, 3.3182811634045503e-10, 2.5843432149548854e-10, 2.5699961632723837e-10, 2.101668133876015e-10, 1.5742488262264746e-10, 1.1374997184292003e-10, 9.440200774234818e-11, 1.0530259694313385e-10, 7.441033976107651e-11, 5.6664314785398954e-11, 5.737553599619383e-11, 4.568668384108135e-11], 'preconditioner metadata': [{}, {}, {}, {}, {}, {}, {}, {}, {}, {}, {}, {}, {}, {}, {}, {}, {}, {}, {}, {}, {}, {}, {}, {}, {}, {}, {}, {}, {}, {}, {}, {}, {}, {}, {}, {}, {}, {}, {}, {}, {}, {}, {}, {}, {}, {}, {}, {}, {}, {}, {}, {}, {}, {}, {}, {}, {}, {}, {}, {}, {}, {}, {}, {}, {}, {}, {}, {}, {}, {}, {}, {}, {}, {}, {}, {}, {}, {}, {}, {}, {}, {}, {}, {}, {}, {}, {}, {}, {}, {}, {}, {}, {}, {}, {}, {}, {}, {}, {}, {}]}",4.599757966357626e-11,,"[667.222412109375, 666.0301513671875, 668.0371704101562, 665.84033203125, 667.6874389648438, 666.046142578125, 666.395751953125, 665.8008422851562, 668.5558471679688, 666.020751953125]",[249.7084197998047],[1138.1427001953125],[1795.746337890625],[13.095647811889648],[58.568416595458984],
2026-10-05T08:41:40.377340+00:00,continuous coefficient 2D,1,"uniform(2D,11)",S11,C11,C8,"CG(AdditiveSchwarz(torch.float32, Inv(torch.float16), CUDSS, const_dofs_per_coarse=False), bsr_matmul=True)",False,0,1,10,25165824,301916160,"{'iterations': 167, 'residual norms': [0.05415558022970685, 4.818797938163337, 5.04528986442527, 4.634105187839761, 5.304830389211828, 4.304689090500734, 4.69700111546415, 4.73324083199717, 4.168105261031748, 5.445577548375723, 3.3125384984477253, 2.482654471318854, 1.2186136551606102, 0.6194492908679068, 0.21274422239475624, 0.15069626314586396, 0.06707422187981335, 0.06852498628073875, 0.06612315203146571, 0.08257844837979494, 0.0413532895352962, 0.027004664866884864, 0.030551404032200583, 0.021813664585051743, 0.019095036854091724, 0.015312160140024123, 0.016615843553767867, 0.021441779210839944, 0.021229270685131023, 0.019589087235608527, 0.01582624041614776, 0.017679430710876208, 0.018234581589394425, 0.013639464285242774, 0.010994805653558851, 0.005852444393458646, 0.005222919936975929, 0.0029041483660479667, 0.0024324713490143095, 0.0021980716064771595, 0.0015231471025767495, 0.0016645476969079833, 0.00155408724414048, 0.0011455123089098094, 0.001197280418396876, 0.0010119079465312998, 0.0006830077126119212, 0.0007222589509644143, 0.0005685808954745126, 0.0005293237114758836, 0.00043036115708858724, 0.0005568542316867598, 0.0006080471747109254, 0.0003967222294842882, 0.0005281089240308483, 0.0004134798802393079, 0.00041011908587165047, 0.00032291087336634407, 0.0003287562033247193, 0.00020574118642431192, 9.493009235954171e-05, 5.538225110534555e-05, 5.148475664179656e-05, 3.4539190383497686e-05, 2.4953477820006163e-05, 2.6253262245511603e-05, 2.6289044335568544e-05, 2.5067220914371746e-05, 2.6731098737030364e-05, 1.93690216252819e-05, 2.0525689514738238e-05, 2.7073271865379313e-05, 1.624359491817928e-05, 1.4039303563362775e-05, 1.5734588810849276e-05, 1.2279536651500387e-05, 1.066490880389891e-05, 1.185427331009112e-05, 8.46996091218331e-06, 7.722915610172695e-06, 6.660789787689465e-06, 6.16843646009587e-06, 4.602177220225229e-06, 3.2536959871078614e-06, 1.97139800034048e-06, 1.5002257316184104e-06, 9.219958780705636e-07, 7.828904962394684e-07, 7.795647274914611e-07, 7.568284803020768e-07, 7.746229783564502e-07, 6.609873702893258e-07, 6.778296035529368e-07, 5.673253455225611e-07, 5.711573234520818e-07, 5.872279266154983e-07, 5.126014648292335e-07, 4.780532788757612e-07, 3.739831756381431e-07, 2.978942336418291e-07, 2.7310947228798515e-07, 2.6441553859847986e-07, 2.4714051285745895e-07, 2.054704010978939e-07, 1.587083042802943e-07, 1.6236749263028553e-07, 1.344849841429139e-07, 1.0264449977690648e-07, 8.224971358804732e-08, 6.72340127276408e-08, 6.349879971584588e-08, 6.461340700495647e-08, 5.506022375016257e-08, 5.645236776861515e-08, 3.941961344829362e-08, 3.359651015304531e-08, 2.6281479391513156e-08, 2.4281467927510935e-08, 2.1828544897060387e-08, 2.2758891672534833e-08, 1.804184929211924e-08, 1.6383010568342797e-08, 1.227447592100235e-08, 1.0686755568342655e-08, 1.0185318160276347e-08, 8.78743906005141e-09, 9.711269198755407e-09, 8.043895421575543e-09, 7.455958957608224e-09, 6.52634328027628e-09, 5.990981045378266e-09, 5.8495142781902715e-09, 5.2185279423785286e-09, 3.6856723170939848e-09, 3.224466280111794e-09, 3.0948962264691565e-09, 2.623740159983175e-09, 2.3015744413085727e-09, 1.9352969459409416e-09, 1.7192754625625784e-09, 1.9305172618569773e-09, 1.6529580910250065e-09, 1.6444116056552515e-09, 1.3004097443581646e-09, 1.190913211292215e-09, 8.97176713101508e-10, 7.436777514999198e-10, 6.976778621518463e-10, 6.319717828572064e-10, 5.691748225535155e-10, 4.654191988853896e-10, 4.072804267106064e-10, 3.119362720415481e-10, 2.8376305466940064e-10, 2.495999998359567e-10, 2.4418416297970754e-10, 1.768299834317815e-10, 1.6403962318891498e-10, 1.4646539952392338e-10, 1.2921285508069482e-10, 1.4004374357336945e-10, 1.223979298617924e-10, 1.08423599695477e-10, 7.918731684123505e-11, 7.496210821756881e-11, 7.299736360954178e-11, 6.196614489044662e-11, 5.229443680910209e-11], 'preconditioner metadata': [{}, {}, {}, {}, {}, {}, {}, {}, {}, {}, {}, {}, {}, {}, {}, {}, {}, {}, {}, {}, {}, {}, {}, {}, {}, {}, {}, {}, {}, {}, {}, {}, {}, {}, {}, {}, {}, {}, {}, {}, {}, {}, {}, {}, {}, {}, {}, {}, {}, {}, {}, {}, {}, {}, {}, {}, {}, {}, {}, {}, {}, {}, {}, {}, {}, {}, {}, {}, {}, {}, {}, {}, {}, {}, {}, {}, {}, {}, {}, {}, {}, {}, {}, {}, {}, {}, {}, {}, {}, {}, {}, {}, {}, {}, {}, {}, {}, {}, {}, {}, {}, {}, {}, {}, {}, {}, {}, {}, {}, {}, {}, {}, {}, {}, {}, {}, {}, {}, {}, {}, {}, {}, {}, {}, {}, {}, {}, {}, {}, {}, {}, {}, {}, {}, {}, {}, {}, {}, {}, {}, {}, {}, {}, {}, {}, {}, {}, {}, {}, {}, {}, {}, {}, {}, {}, {}, {}, {}, {}, {}, {}, {}, {}, {}, {}, {}, {}]}",5.273253127462476e-11,,"[1905.9559326171875, 922.6513061523438, 924.0015258789062, 922.6177978515625, 927.5194702148438, 923.0923461914062, 925.4902954101562, 925.5921020507812, 923.0802612304688, 922.4981689453125]",[250.56402587890625],[1189.9549560546875],[1270.9520263671875],[12.754591941833496],[11.736191749572754],
2026-10-05T08:41:55.832424+00:00,continuous coefficient 2D,1,"uniform(2D,11)",S11,C11,C8,"CG(HybridSchwarz(torch.float32, Inv(torch.float16), CUDSS), bsr_matmul=True)",False,0,1,10,25165824,301916160,"{'iterations': 131, 'residual norms': [4.818170521459034, 5.009307923922901, 4.526130742522157, 4.119471488666176, 5.4814542355778215, 3.8371501434332465, 6.282417861474447, 4.122990500928852, 4.8399169936212525, 2.92345428525184, 1.770102866899129, 0.8998671607690881, 0.2773138125931337, 0.1881510414585201, 0.06542084051979853, 0.07993694965350268, 0.06717125447025662, 0.08082308563767508, 0.03475003132088405, 0.03370317763216705, 0.02741597444663855, 0.026325162630587085, 0.018499676989613197, 0.018977967624229646, 0.022259849154604175, 0.019423500140369268, 0.020140174331425675, 0.016597833638774304, 0.02139735200103275, 0.014738350861076926, 0.012102379123126679, 0.007412296663924196, 0.00631584465897687, 0.0022318726547418946, 0.00159991214019882, 0.00083038466357117, 0.0004405836151573617, 0.00034829156684543726, 0.00026353911190842906, 0.00020378001351874342, 0.00017664226512174774, 0.00013820859086783205, 9.426697745893796e-05, 8.096554055700514e-05, 8.02041882971742e-05, 3.985097734836406e-05, 4.400190022378913e-05, 3.4421536787393094e-05, 2.4643199328543073e-05, 1.4770874544946743e-05, 1.2880008366126517e-05, 9.571562394104763e-06, 6.975341545694732e-06, 1.1228234366283287e-05, 1.088628603094647e-05, 1.1128746798242404e-05, 1.2871925305203734e-05, 9.627987489392294e-06, 5.183216373715608e-06, 3.7306032128113133e-06, 2.1446425286129557e-06, 2.961956358057206e-06, 2.3724587768532973e-06, 1.467345769860077e-06, 1.3920430460572163e-06, 1.1716503919026947e-06, 9.613172496056036e-07, 9.860537611001649e-07, 9.182833948638642e-07, 7.700815871713402e-07, 5.158377640597652e-07, 3.971694484362693e-07, 4.6658194352473293e-07, 3.417620612813174e-07, 3.294156797404578e-07, 2.1878201244156817e-07, 1.8024445855942834e-07, 1.3112890897404895e-07, 1.7173546500877268e-07, 1.4637587230576367e-07, 1.3840901425081932e-07, 1.196415671606794e-07, 9.25729599361843e-08, 9.091884396824582e-08, 7.086334567131298e-08, 5.86798439080923e-08, 3.7896016796096736e-08, 3.4937589892733825e-08, 3.025095354015073e-08, 3.112618734432014e-08, 2.6980925951146625e-08, 2.1436361637451334e-08, 1.7166881755864742e-08, 1.846388509750579e-08, 1.6624008944625582e-08, 1.3440471139404885e-08, 1.0523021706351661e-08, 1.0720352119961128e-08, 7.679925552774081e-09, 7.1631518355295975e-09, 6.577990674668285e-09, 5.3209283735879655e-09, 5.3254347618027425e-09, 3.906432335668199e-09, 3.3948461796752105e-09, 3.0605762928039355e-09, 3.07878529340397e-09, 2.5265308954388614e-09, 2.0632054337294336e-09, 1.6977411034566005e-09, 1.3840970897749457e-09, 1.3264360660860517e-09, 1.1457991866455918e-09, 8.503503935897546e-10, 7.583743330572976e-10, 6.813191647408592e-10, 5.551018019879392e-10, 5.780500566007711e-10, 4.307237348503223e-10, 4.368259576785734e-10, 3.1695391961570736e-10, 3.1642132650578076e-10, 2.4434500385674827e-10, 2.3041897068318662e-10, 1.8432499868613962e-10, 1.5284289443161958e-10, 1.3508416220793648e-10, 1.0868525306647211e-10, 1.202434648356144e-10, 8.02871731304946e-11, 6.541820442243147e-11, 5.306886936728573e-11], 'preconditioner metadata': [{}, {}, {}, {}, {}, {}, {}, {}, {}, {}, {}, {}, {}, {}, {}, {}, {}, {}, {}, {}, {}, {}, {}, {}, {}, {}, {}, {}, {}, {}, {}, {}, {}, {}, {}, {}, {}, {}, {}, {}, {}, {}, {}, {}, {}, {}, {}, {}, {}, {}, {}, {}, {}, {}, {}, {}, {}, {}, {}, {}, {}, {}, {}, {}, {}, {}, {}, {}, {}, {}, {}, {}, {}, {}, {}, {}, {}, {}, {}, {}, {}, {}, {}, {}, {}, {}, {}, {}, {}, {}, {}, {}, {}, {}, {}, {}, {}, {}, {}, {}, {}, {}, {}, {}, {}, {}, {}, {}, {}, {}, {}, {}, {}, {}, {}, {}, {}, {}, {}, {}, {}, {}, {}, {}, {}, {}, {}, {}, {}, {}, {}]}",5.3411067858588824e-11,,"[1216.5838623046875, 810.5667724609375, 810.8568725585938, 810.986328125, 810.9718017578125, 811.0875854492188, 810.3209838867188, 810.1143798828125, 810.2139282226562, 810.70166015625]",[235.2120361328125],[1171.4600830078125],[1713.45947265625],[12.306367874145508],[10.929984092712402],
2026-10-05T08:42:09.466528+00:00,continuous coefficient 2D,1,"uniform(2D,11)",S11,C9,C9,"CG(AdditiveSchwarz(torch.float32, Inv(torch.float16), CUDSS, const_dofs_per_coarse=False), bsr_matmul=True)",False,0,1,10,25165824,301916160,"{'iterations': 91, 'residual norms': [0.05415558022970685, 6.815043209691627, 7.515123544920608, 8.569646745146606, 2.1071565908363055, 0.8160233234024186, 0.3609475069446693, 0.25419094674804527, 0.06989725654374433, 0.038833778098237716, 0.04392925911785231, 0.06462476672489831, 0.037485717482647195, 0.03251699082621469, 0.02136058693600003, 0.01589355137912534, 0.009703666334534091, 0.007094820429155651, 0.005831604228424623, 0.008188766853760686, 0.0057230240039158895, 0.002845500478928157, 0.002030132574324525, 0.0017329619432585712, 0.0014836863213926758, 0.0008918846947031941, 0.0007797894152518636, 0.0009183807368847113, 0.0007921961069159466, 0.00033922460597533957, 0.00015931593819821594, 0.00014643645609846903, 0.0001470760296514322, 0.00015159851057311902, 0.00012956244548229388, 7.300402631503058e-05, 5.347921170188629e-05, 4.757577314878973e-05, 2.533660018931678e-05, 1.9708233007025934e-05, 1.9773014756015496e-05, 1.4751387805180062e-05, 1.73209106289793e-05, 1.3073908810877858e-05, 6.308262006169278e-06, 2.441773972843018e-06, 3.0858084365525927e-06, 2.763980739163056e-06, 2.151218431025355e-06, 1.822027134180166e-06, 1.5137705065804505e-06, 9.14506839803409e-07, 6.041581422084641e-07, 5.443588411364022e-07, 4.16777337329495e-07, 3.3641652996764504e-07, 2.934137032034094e-07, 3.073952496091873e-07, 1.6166885808112408e-07, 8.179133096870791e-08, 1.0315271382851586e-07, 8.555625226125845e-08, 5.9567762325368825e-08, 4.6544639580801206e-08, 2.747949972520433e-08, 2.4043663005101873e-08, 1.7060291655777135e-08, 1.700379200092755e-08, 1.4052862631323635e-08, 1.1470641789563589e-08, 8.885252055652216e-09, 6.0353274424079205e-09, 4.390032105246989e-09, 3.3008512166299958e-09, 2.107051210747529e-09, 1.9692980796201995e-09, 2.3981795699485176e-09, 1.39907835190469e-09, 9.784479085693058e-10, 7.790495041289954e-10, 4.941256876671204e-10, 4.4402162555013377e-10, 4.711603718865022e-10, 3.2052694457152527e-10, 2.1591209064724162e-10, 1.625598844974358e-10, 1.514111409831834e-10, 1.0973684453372734e-10, 8.428346357456702e-11, 7.602858914419472e-11, 6.780696033223367e-11, 5.0895981461320715e-11], 'preconditioner metadata': [{}, {}, {}, {}, {}, {}, {}, {}, {}, {}, {}, {}, {}, {}, {}, {}, {}, {}, {}, {}, {}, {}, {}, {}, {}, {}, {}, {}, {}, {}, {}, {}, {}, {}, {}, {}, {}, {}, {}, {}, {}, {}, {}, {}, {}, {}, {}, {}, {}, {}, {}, {}, {}, {}, {}, {}, {}, {}, {}, {}, {}, {}, {}, {}, {}, {}, {}, {}, {}, {}, {}, {}, {}, {}, {}, {}, {}, {}, {}, {}, {}, {}, {}, {}, {}, {}, {}, {}, {}, {}, {}]}",5.115508661322063e-11,,"[849.6882934570312, 849.5941162109375, 849.9939575195312, 849.8356323242188, 849.3013916015625, 849.3308715820312, 849.2522583007812, 849.5261840820312, 849.5382690429688, 849.07470703125]",[204.58108520507812],[1163.4351806640625],[2004.84619140625],[12.231679916381836],[11.512672424316406],
2026-10-05T08:42:19.821980+00:00,continuous coefficient 2D,1,"uniform(2D,11)",S11,C9,C9,"CG(HybridSchwarz(torch.float32, Inv(torch.float16), CUDSS), bsr_matmul=True)",False,0,1,10,25165824,301916160,"{'iterations': 48, 'residual norms': [6.8141224100929, 7.35085259259685, 8.378388654631951, 1.1304108643681727, 0.44896321330631256, 0.24012070854372247, 0.10125071579388784, 0.07276384478486783, 0.0913215675551695, 0.03792618430228924, 0.01884378254807137, 0.009479801755440317, 0.0047737822165105125, 0.0015047603266407736, 0.0005774071828471574, 0.0002803770731588483, 0.00024267649280882269, 0.00015861887034473795, 0.00010079845268213195, 0.00010459331280123231, 4.541324376004135e-05, 2.2847772352096927e-05, 9.778388707822242e-06, 4.923187181245096e-06, 7.837404782903849e-06, 3.220357960340689e-06, 1.307274082620123e-06, 7.47052312052389e-07, 4.49438972102219e-07, 3.796182924699279e-07, 2.470637843863365e-07, 1.452922105476589e-07, 5.574717899856493e-08, 3.6464521450361766e-08, 2.5165607841490803e-08, 9.859144041206635e-09, 1.2156383612650251e-08, 7.277953665029689e-09, 2.621560996880683e-09, 1.9485598636532084e-09, 1.2116602601407217e-09, 9.962445149608332e-10, 6.575091670209411e-10, 4.681107743154256e-10, 3.0288048748791793e-10, 1.95335670644086e-10, 1.028953395422901e-10, 7.571481919630555e-11, 5.289604592194784e-11], 'preconditioner metadata': [{}, {}, {}, {}, {}, {}, {}, {}, {}, {}, {}, {}, {}, {}, {}, {}, {}, {}, {}, {}, {}, {}, {}, {}, {}, {}, {}, {}, {}, {}, {}, {}, {}, {}, {}, {}, {}, {}, {}, {}, {}, {}, {}, {}, {}, {}, {}, {}]}",5.303433639123413e-11,,"[477.7953796386719, 477.49041748046875, 477.66644287109375, 477.4763488769531, 478.3822021484375, 477.63763427734375, 477.9193420410156, 477.53118896484375, 477.5616149902344, 477.9372253417969]",[213.8074188232422],[1153.581787109375],[2421.10107421875],[12.575072288513184],[10.954591751098633],
2026-10-05T08:42:31.396694+00:00,continuous coefficient 2D,1,"uniform(2D,11)",S11,C10,C9,"CG(AdditiveSchwarz(torch.float32, Inv(torch.float16), CUDSS, const_dofs_per_coarse=False), bsr_matmul=True)",False,0,1,10,25165824,301916160,"{'iterations': 93, 'residual norms': [0.05415558022970685, 6.814873506873319, 8.256208102851554, 7.638288319140641, 1.874981804899416, 1.0528664050808765, 0.41998276596440737, 0.1483709900389527, 0.07583305902736291, 0.05098228544391701, 0.052598438030920375, 0.05707423252646899, 0.0499220200086165, 0.035308776479657966, 0.02363652991959566, 0.033443385764202194, 0.017624921783573697, 0.009341025801312394, 0.00612207431824219, 0.007490886438430021, 0.006565206304131538, 0.0028025161821940456, 0.002736319990807961, 0.0038041933544416817, 0.0022218159672324706, 0.0009074949302829167, 0.0006187724996457003, 0.0005164283124325172, 0.0005604733097489479, 0.0005230807526697794, 0.0002663514365382136, 0.0002459752461600288, 0.00026200776865075977, 0.00019119568285166688, 0.00012697001745374135, 7.239907377095199e-05, 3.9020719178496875e-05, 4.8644373618204934e-05, 4.499745290670528e-05, 4.047250789197453e-05, 2.3550780813419038e-05, 2.224538202803791e-05, 1.1728050818612151e-05, 1.1249225587090901e-05, 8.657008908596202e-06, 5.201632371343614e-06, 3.75419876779285e-06, 3.689367220730823e-06, 3.4287533806567648e-06, 2.6484719007467843e-06, 2.1740817935873165e-06, 1.8294527158799503e-06, 1.0925823143941354e-06, 8.796925838107706e-07, 5.437491596998817e-07, 4.302558881836813e-07, 3.8580052663081003e-07, 3.070425459182763e-07, 2.8678956583326834e-07, 2.404366763901774e-07, 1.5690350891290837e-07, 1.1877359843381526e-07, 1.3611355569551863e-07, 7.095150951080214e-08, 4.1115476394977916e-08, 3.4650052155289964e-08, 2.8962309237651313e-08, 2.5950385842599677e-08, 2.6541476201355394e-08, 1.8357797865756385e-08, 1.189671640253621e-08, 9.984452729525773e-09, 8.73751498081044e-09, 5.485472974359202e-09, 3.32346985826168e-09, 2.9266567748745573e-09, 2.7118372726979853e-09, 2.1314345078188753e-09, 1.7989334454449337e-09, 1.3752319741021341e-09, 1.3263181778847232e-09, 9.943201855462327e-10, 6.273509279587102e-10, 4.2436270207744545e-10, 3.088792512533594e-10, 2.509629631664334e-10, 2.482714356760526e-10, 2.2039332839898256e-10, 1.473018045008216e-10, 1.1424419877976591e-10, 1.1088405611703012e-10, 7.800801510459066e-11, 5.504938244971497e-11, 4.395660195119761e-11], 'preconditioner metadata': [{}, {}, {}, {}, {}, {}, {}, {}, {}, {}, {}, {}, {}, {}, {}, {}, {}, {}, {}, {}, {}, {}, {}, {}, {}, {}, {}, {}, {}, {}, {}, {}, {}, {}, {}, {}, {}, {}, {}, {}, {}, {}, {}, {}, {}, {}, {}, {}, {}, {}, {}, {}, {}, {}, {}, {}, {}, {}, {}, {}, {}, {}, {}, {}, {}, {}, {}, {}, {}, {}, {}, {}, {}, {}, {}, {}, {}, {}, {}, {}, {}, {}, {}, {}, {}, {}, {}, {}, {}, {}, {}, {}, {}]}",4.426015568498689e-11,,"[653.4328002929688, 653.7091064453125, 654.8896484375, 657.564697265625, 653.7793579101562, 654.074462890625, 655.2867431640625, 653.7450561523438, 653.8983154296875, 654.5216064453125]",[218.25885009765625],[1179.9498291015625],[1555.245361328125],[12.339839935302734],[11.44604778289795],
2026-10-05T08:42:41.478461+00:00,continuous coefficient 2D,1,"uniform(2D,11)",S11,C10,C9,"CG(HybridSchwarz(torch.float32, Inv(torch.float16), CUDSS), bsr_matmul=True)",False,0,1,10,25165824,301916160,"{'iterations': 56, 'residual norms': [6.814046563601042, 8.191742558315513, 4.058373341928666, 1.9031648285424476, 0.6876537743693412, 0.3447387110539737, 0.14506053883675224, 0.08777277058761941, 0.08612225382189959, 0.07401005172344918, 0.05360011531714501, 0.024149677044763403, 0.026344459762548414, 0.011345024806382126, 0.0042865882407424095, 0.001154303702033516, 0.0011169951807631338, 0.0006748439272891679, 0.00022898747061135647, 0.0001729470288492469, 0.00014594869119562026, 0.00018161187759335612, 7.824785682768382e-05, 1.693720192778124e-05, 8.697257322716195e-06, 5.781010850678542e-06, 5.426236828299478e-06, 4.213622083695923e-06, 3.5132146686642377e-06, 2.2429217253202145e-06, 1.5189469407641048e-06, 1.2277134232241035e-06, 5.845258431517247e-07, 2.296811642680384e-07, 2.1040154718755748e-07, 1.0842423388483647e-07, 9.095058366846788e-08, 6.967174611223521e-08, 5.0228222006881146e-08, 3.083977217095594e-08, 2.113712637503051e-08, 1.17500658895703e-08, 7.489193721546912e-09, 7.243565913647879e-09, 5.4095065672146534e-09, 2.740160165958205e-09, 1.4030253779672656e-09, 1.1436321891368783e-09, 7.487589268709917e-10, 5.776735562284078e-10, 3.935438306990266e-10, 2.1589465281844226e-10, 2.1634164044421942e-10, 1.1210700366891157e-10, 8.022969815072573e-11, 6.496731926543129e-11, 5.2858253501851814e-11], 'preconditioner metadata': [{}, {}, {}, {}, {}, {}, {}, {}, {}, {}, {}, {}, {}, {}, {}, {}, {}, {}, {}, {}, {}, {}, {}, {}, {}, {}, {}, {}, {}, {}, {}, {}, {}, {}, {}, {}, {}, {}, {}, {}, {}, {}, {}, {}, {}, {}, {}, {}, {}, {}, {}, {}, {}, {}, {}, {}]}",5.3019414121306547e-11,,"[429.2177429199219, 429.1301574707031, 428.9612731933594, 429.2455749511719, 428.98492431640625, 429.7113952636719, 429.0635070800781, 429.0186767578125, 428.9443664550781, 428.841796875]",[230.7460174560547],[1178.597412109375],[2040.9072265625],[11.99516773223877],[11.607551574707031],
2026-10-05T08:42:55.165853+00:00,continuous coefficient 2D,1,"uniform(2D,11)",S11,C11,C9,"CG(AdditiveSchwarz(torch.float32, Inv(torch.float16), CUDSS, const_dofs_per_coarse=False), bsr_matmul=True)",False,0,1,10,25165824,301916160,"{'iterations': 100, 'residual norms': [0.05415558022970685, 6.8145529962073095, 7.110290322516687, 6.467860436762503, 6.5685987135721, 4.960186248617681, 2.3672717438137627, 0.8021552483260408, 0.3064008639256088, 0.15663901582824835, 0.08498354196234291, 0.04035429248274169, 0.03471833159055916, 0.039169388200806274, 0.04091368356985791, 0.023110973798718987, 0.025514527423202205, 0.022426105824756324, 0.022084513911401968, 0.009840458462952423, 0.0066338264638293115, 0.0045311410431496755, 0.005119511224958418, 0.0029230370178452503, 0.001517536569447972, 0.0017765261194350116, 0.002006705224874513, 0.0012406303481133658, 0.0015035126364980503, 0.0012495617309125312, 0.00034472467801849614, 0.0002561078035570236, 0.00022359810354702814, 0.00018093564335037443, 0.00014413630911569303, 0.00010276390395028728, 0.00011704770894130897, 8.956862531667445e-05, 7.532346039979554e-05, 7.56910538051565e-05, 5.604956742309989e-05, 4.8155215122049455e-05, 3.0221377948222673e-05, 1.7155424579290218e-05, 9.7636446537908e-06, 8.67060392095835e-06, 6.759389801711848e-06, 7.267133390392145e-06, 5.213440613425629e-06, 5.8206342038640095e-06, 4.179435300171877e-06, 3.2838114273894127e-06, 3.2564787072257754e-06, 2.314337725153415e-06, 1.5564013408749914e-06, 1.0287449193739625e-06, 6.864599594292651e-07, 4.3780479984164614e-07, 3.9049610807203875e-07, 3.6342009233779163e-07, 3.451872971835563e-07, 3.0156602454258405e-07, 2.4338377989575073e-07, 2.1645778054801212e-07, 1.4789821860456782e-07, 1.1525925388291839e-07, 1.0045905686070279e-07, 7.10947877359347e-08, 5.115516439765128e-08, 3.551213773387903e-08, 2.663069549475508e-08, 2.6504987113189718e-08, 2.3180415499624306e-08, 1.9388642798030487e-08, 1.4879816304745243e-08, 1.0763525574211358e-08, 7.559456505603457e-09, 7.56657755703787e-09, 6.182660410036015e-09, 5.005785728073766e-09, 4.504045760795857e-09, 3.232349085153005e-09, 2.6956511266699633e-09, 2.247829761217284e-09, 1.6423558040019133e-09, 1.3763810615642593e-09, 1.0463122856867258e-09, 7.009665152016853e-10, 6.179486020832644e-10, 4.273854378463817e-10, 4.3552570489872237e-10, 3.7912971317811907e-10, 2.921155417751929e-10, 2.2382523240662912e-10, 1.770396554776773e-10, 1.6778498571259117e-10, 1.1516787165777443e-10, 1.0543932547777368e-10, 8.960084880661807e-11, 6.901700128622271e-11, 4.674101037558286e-11], 'preconditioner metadata': [{}, {}, {}, {}, {}, {}, {}, {}, {}, {}, {}, {}, {}, {}, {}, {}, {}, {}, {}, {}, {}, {}, {}, {}, {}, {}, {}, {}, {}, {}, {}, {}, {}, {}, {}, {}, {}, {}, {}, {}, {}, {}, {}, {}, {}, {}, {}, {}, {}, {}, {}, {}, {}, {}, {}, {}, {}, {}, {}, {}, {}, {}, {}, {}, {}, {}, {}, {}, {}, {}, {}, {}, {}, {}, {}, {}, {}, {}, {}, {}, {}, {}, {}, {}, {}, {}, {}, {}, {}, {}, {}, {}, {}, {}, {}, {}, {}, {}, {}, {}]}",4.704311441666115e-11,,"[739.5869750976562, 738.7813720703125, 738.86669921875, 738.6672973632812, 738.9901123046875, 738.6748046875, 738.6220092773438, 738.6436767578125, 738.9822998046875, 738.7954711914062]",[208.1096649169922],[1198.5460205078125],[1523.0311279296875],[12.621824264526367],[10.987199783325195],
2026-10-05T08:43:07.041808+00:00,continuous coefficient 2D,1,"uniform(2D,11)",S11,C11,C9,"CG(HybridSchwarz(torch.float32, Inv(torch.float16), CUDSS), bsr_matmul=True)",False,0,1,10,25165824,301916160,"{'iterations': 72, 'residual norms': [6.814144238503459, 7.084598952103572, 6.386005704538959, 5.276403868105325, 5.585952263019153, 1.357755358550806, 0.8913179764232001, 0.2548102305039017, 0.1363935159407641, 0.05449868491235636, 0.04502871584625727, 0.050819266973566646, 0.031152414688702952, 0.03012747176182676, 0.02060233325766452, 0.019484507742449322, 0.009867865304458249, 0.005917326194868929, 0.0018075581764286624, 0.0017512322987518207, 0.0008392045768575597, 0.00037276385392887967, 0.0003675321106754878, 0.00018645370734294854, 5.1499959509854575e-05, 5.043352716765781e-05, 5.6355657967591616e-05, 6.0884126126218636e-05, 3.387564325043389e-05, 2.6586976615327016e-05, 1.1300456924271707e-05, 5.675547599065731e-06, 3.00993741622972e-06, 2.2537403204297577e-06, 2.3512807542554043e-06, 1.908512000300893e-06, 1.2720036530916423e-06, 8.675990961359475e-07, 5.547573278286331e-07, 6.571500326753625e-07, 4.315783647868676e-07, 3.963702609129864e-07, 2.509769537571638e-07, 2.0166249025660077e-07, 1.3108393752216867e-07, 1.2245671676047044e-07, 9.763126528253814e-08, 6.125337340493478e-08, 5.3238138202764846e-08, 4.25387743224236e-08, 2.97318982110771e-08, 2.180825161309362e-08, 1.4732464216742033e-08, 9.386070632051275e-09, 8.284868108747665e-09, 6.210145321493381e-09, 4.419566792897463e-09, 2.8587608491901038e-09, 2.9747535606397547e-09, 1.699810809485934e-09, 1.1696735670050552e-09, 9.60334719767966e-10, 6.79258476779205e-10, 5.585450911439538e-10, 4.345872100069894e-10, 2.723155466038414e-10, 1.9242064963019954e-10, 1.460896994019019e-10, 1.108073117736585e-10, 9.050660875846945e-11, 7.251163148242229e-11, 5.6439141025366866e-11, 3.181902425146956e-11], 'preconditioner metadata': [{}, {}, {}, {}, {}, {}, {}, {}, {}, {}, {}, {}, {}, {}, {}, {}, {}, {}, {}, {}, {}, {}, {}, {}, {}, {}, {}, {}, {}, {}, {}, {}, {}, {}, {}, {}, {}, {}, {}, {}, {}, {}, {}, {}, {}, {}, {}, {}, {}, {}, {}, {}, {}, {}, {}, {}, {}, {}, {}, {}, {}, {}, {}, {}, {}, {}, {}, {}, {}, {}, {}, {}]}",3.214313477475089e-11,,"[520.7721557617188, 520.7840576171875, 521.2782592773438, 521.0408935546875, 520.4456176757812, 520.5592041015625, 520.8046875, 521.0961303710938, 520.6981201171875, 520.5255126953125]",[203.28131103515625],[1212.7056884765625],[1969.0184326171875],[12.546591758728027],[11.488415718078613],
2026-10-05T08:43:19.654748+00:00,continuous coefficient 2D,1,"uniform(2D,11)",S11,C10,C10,"CG(AdditiveSchwarz(torch.float32, Inv(torch.float16), CUDSS, const_dofs_per_coarse=False), bsr_matmul=True)",False,0,1,10,25165824,301916160,"{'iterations': 64, 'residual norms': [0.054155580229706846, 9.637092908392175, 7.34260574551228, 3.7287730000782733, 0.8085456390158723, 0.21015187188199888, 0.07402172308505442, 0.026481412887541442, 0.035589846146015, 0.03207767831395051, 0.021608884742859578, 0.00805564241812844, 0.004372806866223992, 0.004732463877856527, 0.005063464158359614, 0.0020275910628192724, 0.001063380529207261, 0.0009240401627561301, 0.0006542226149119832, 0.0006294334074728391, 0.000381124577846531, 0.00016152983403399475, 0.00010574208075369456, 0.0001253884934029841, 6.88631918922075e-05, 6.87381497334666e-05, 1.9876448169744498e-05, 1.3555390856340538e-05, 1.62306854473409e-05, 1.0792913518623969e-05, 6.690164755639053e-06, 5.111498157918804e-06, 2.3813002175090768e-06, 2.0483095977332327e-06, 1.8698151336969834e-06, 1.4063909837259807e-06, 8.716494159101624e-07, 4.993828606525853e-07, 3.918809417279103e-07, 2.785928746036258e-07, 2.270379868083891e-07, 1.4848677063214517e-07, 1.0177812888668788e-07, 6.21307602824127e-08, 6.205229792328469e-08, 4.247482771288525e-08, 2.4013426740802785e-08, 1.4849746040583803e-08, 1.3387942582181752e-08, 8.707129754149612e-09, 7.081928929793952e-09, 5.439189175039041e-09, 2.980864131263285e-09, 1.6248796192315265e-09, 1.555092222604986e-09, 1.3193316767017847e-09, 7.713717780602514e-10, 5.05756114224516e-10, 3.7115094556813026e-10, 2.631121321314805e-10, 2.2400729419988627e-10, 1.4321662947194168e-10, 9.813221917641003e-11, 5.82520595072389e-11, 5.37703191628145e-11], 'preconditioner metadata': [{}, {}, {}, {}, {}, {}, {}, {}, {}, {}, {}, {}, {}, {}, {}, {}, {}, {}, {}, {}, {}, {}, {}, {}, {}, {}, {}, {}, {}, {}, {}, {}, {}, {}, {}, {}, {}, {}, {}, {}, {}, {}, {}, {}, {}, {}, {}, {}, {}, {}, {}, {}, {}, {}, {}, {}, {}, {}, {}, {}, {}, {}, {}, {}]}",5.394521309235737e-11,,"[668.9546508789062, 667.0819091796875, 667.0280151367188, 667.1972045898438, 667.430908203125, 666.87353515625, 667.2857666015625, 667.0980834960938, 666.8487548828125, 667.3295288085938]",[201.70431518554688],[1200.5693359375],[2302.8408203125],[12.433600425720215],[11.715392112731934],
2026-10-05T08:43:29.981725+00:00,continuous coefficient 2D,1,"uniform(2D,11)",S11,C10,C10,"CG(HybridSchwarz(torch.float32, Inv(torch.float16), CUDSS), bsr_matmul=True)",False,0,1,10,25165824,301916160,"{'iterations': 35, 'residual norms': [9.636179555784087, 7.288552014515992, 1.7932302190707872, 0.3876785329911658, 0.0769104363297913, 0.052366549480170076, 0.04674114661320604, 0.01892032361653191, 0.005176057507530797, 0.0015790715517944363, 0.0007076423810196791, 0.0006324913829661136, 0.00036311444610122507, 4.092298109828022e-05, 2.382757350134898e-05, 8.848577158639289e-06, 8.887464602349951e-06, 3.0847867088209885e-06, 1.399149890068203e-06, 6.002755071410751e-07, 3.0810694727672647e-07, 2.418310773384791e-07, 1.1697561956853314e-07, 7.386339693293553e-08, 3.4741513248715576e-08, 2.5338310200308176e-08, 1.4701243990868908e-08, 5.865150941996465e-09, 2.6985176247902046e-09, 1.863056296671336e-09, 1.0756016463811607e-09, 5.528681802080709e-10, 2.8136890143957565e-10, 1.174188078044528e-10, 8.080326870954666e-11, 3.9177616695376336e-11], 'preconditioner metadata': [{}, {}, {}, {}, {}, {}, {}, {}, {}, {}, {}, {}, {}, {}, {}, {}, {}, {}, {}, {}, {}, {}, {}, {}, {}, {}, {}, {}, {}, {}, {}, {}, {}, {}, {}]}",3.932903294945676e-11,,"[395.24798583984375, 395.18621826171875, 395.6229248046875, 395.4915466308594, 395.16595458984375, 395.0145568847656, 395.4054260253906, 395.30633544921875, 394.9256591796875, 395.0919494628906]",[206.03321838378906],[1205.5281982421875],[2739.986572265625],[11.437408447265625],[11.581119537353516],
2026-10-05T08:43:43.880859+00:00,continuous coefficient 2D,1,"uniform(2D,11)",S11,C11,C10,"CG(AdditiveSchwarz(torch.float32, Inv(torch.float16), CUDSS, const_dofs_per_coarse=False), bsr_matmul=True)",False,0,1,10,25165824,301916160,"{'iterations': 64, 'residual norms': [0.05415558022970685, 9.637060897011203, 8.851796496229817, 4.841237255145446, 2.646879705808847, 0.4354405711915739, 0.32949190897224645, 0.0455747244245986, 0.0250783379430946, 0.031067665313450427, 0.03565772487078054, 0.009117849174762854, 0.004346641870419125, 0.005391134648322409, 0.0029357431070992993, 0.0025866945187934727, 0.0015536589853779174, 0.0012290445741589807, 0.0006523908148707235, 0.0004036052237391905, 0.00035104922098337996, 0.00022999890172714928, 0.00021573740625931514, 0.00012390064253754864, 6.501538099416945e-05, 4.244949164834487e-05, 3.819992996419907e-05, 2.790222589144431e-05, 2.4347724657693206e-05, 1.1236528973384306e-05, 9.54428091939286e-06, 6.069535502539556e-06, 3.184775557124146e-06, 2.466821852269823e-06, 2.2506215054369577e-06, 1.5247300643666352e-06, 1.0348274888602558e-06, 5.125896770736676e-07, 3.936079034347904e-07, 2.754463187489054e-07, 2.1155835706836384e-07, 1.7896545474762015e-07, 1.2520405925942765e-07, 6.543788194428195e-08, 4.220770491315993e-08, 3.3204870211664094e-08, 2.195349213694066e-08, 1.9418553564814007e-08, 1.2363626450939677e-08, 1.035246580611878e-08, 6.168965944726306e-09, 3.1746377837986063e-09, 2.415874958592325e-09, 2.1223705743832154e-09, 1.6136921547882455e-09, 1.0424430860587833e-09, 6.755524645124831e-10, 4.731959458109045e-10, 3.30212425930612e-10, 2.4386115695894355e-10, 1.528156458784096e-10, 1.3865211298331327e-10, 8.781287230002929e-11, 5.767742231370858e-11, 4.2074770807914455e-11], 'preconditioner metadata': [{}, {}, {}, {}, {}, {}, {}, {}, {}, {}, {}, {}, {}, {}, {}, {}, {}, {}, {}, {}, {}, {}, {}, {}, {}, {}, {}, {}, {}, {}, {}, {}, {}, {}, {}, {}, {}, {}, {}, {}, {}, {}, {}, {}, {}, {}, {}, {}, {}, {}, {}, {}, {}, {}, {}, {}, {}, {}, {}, {}, {}, {}, {}, {}]}",4.2297389422649075e-11,,"[677.4423828125, 676.550537109375, 676.60498046875, 676.2347412109375, 676.0620727539062, 676.0350952148438, 676.7462158203125, 676.0444946289062, 676.0386352539062, 675.8312377929688]",[209.88327026367188],[1219.3916015625],[2241.74658203125],[12.648287773132324],[11.008064270019531],
2026-10-05T08:43:55.984331+00:00,continuous coefficient 2D,1,"uniform(2D,11)",S11,C11,C10,"CG(HybridSchwarz(torch.float32, Inv(torch.float16), CUDSS), bsr_matmul=True)",False,0,1,10,25165824,301916160,"{'iterations': 42, 'residual norms': [9.636260641078996, 8.830274212387609, 4.771219406934469, 2.296393973624291, 0.36993974493587417, 0.1848468025734449, 0.04145333541880601, 0.04514741933604757, 0.013194604014564917, 0.002994145014973608, 0.0020688892529003087, 0.0008787870398967082, 0.0006742655374093183, 0.0003770362222213778, 0.00031569934370122255, 0.00012809373729408453, 6.863239001201256e-05, 2.9720847287200497e-05, 1.37953449749354e-05, 6.67345031786536e-06, 4.245207999553679e-06, 3.4010302485701406e-06, 2.141798130002184e-06, 6.818515626421684e-07, 3.915434071043424e-07, 1.8166017738831864e-07, 1.359838546746318e-07, 8.690472227201973e-08, 6.360790790559309e-08, 3.2201143430039766e-08, 1.7163570138685313e-08, 1.2557711218470491e-08, 7.321585686839127e-09, 4.3842152581063375e-09, 2.5909999520745907e-09, 1.2281442917437918e-09, 8.358472818841216e-10, 4.847487392172492e-10, 3.5437018598477417e-10, 1.5326953545691407e-10, 1.0905961552686881e-10, 5.5620579961009946e-11, 3.0760058701004744e-11], 'preconditioner metadata': [{}, {}, {}, {}, {}, {}, {}, {}, {}, {}, {}, {}, {}, {}, {}, {}, {}, {}, {}, {}, {}, {}, {}, {}, {}, {}, {}, {}, {}, {}, {}, {}, {}, {}, {}, {}, {}, {}, {}, {}, {}, {}]}",3.0970769566610385e-11,,"[451.83148193359375, 451.65191650390625, 451.18707275390625, 451.6689453125, 451.7587585449219, 451.3738098144531, 451.77325439453125, 451.6721496582031, 451.15771484375, 451.3201599121094]",[200.08294677734375],[1224.5584716796875],[2697.531982421875],[11.285696029663086],[11.525856018066406],
2026-10-05T08:44:18.873448+00:00,continuous coefficient 2D,1,"uniform(2D,11)",S11,C11,C11,"CG(AdditiveSchwarz(torch.float32, Inv(torch.float16), CUDSS, const_dofs_per_coarse=False), bsr_matmul=True)",False,0,1,10,25165824,301916160,"{'iterations': 47, 'residual norms': [0.05415558022970685, 13.628097068530137, 6.243059393735664, 3.05326389368805, 0.8963763101618666, 0.09917328562358396, 0.023370983988514813, 0.009294878428403142, 0.006942865483739692, 0.008312055158335201, 0.0036018834367872944, 0.0012230260204430068, 0.0008736727055102836, 0.0004864245837740778, 0.00034875068044325404, 0.000273368170684226, 0.00012836178635982886, 7.871183433207099e-05, 4.549706524653711e-05, 2.50838777033922e-05, 1.9313333951571464e-05, 1.420666434165873e-05, 6.517740148615691e-06, 4.797905530836618e-06, 2.6486102220099424e-06, 1.2381951424960704e-06, 1.203410408014648e-06, 7.007964254163497e-07, 3.23195330499378e-07, 2.1599308527813524e-07, 1.5487725139910769e-07, 8.48820400324907e-08, 4.8921894194159426e-08, 3.7449841929962496e-08, 2.0557627650898807e-08, 1.3169798897444927e-08, 8.899143363398754e-09, 4.294387007221672e-09, 2.89246334150817e-09, 2.376958436354527e-09, 1.1500156839899827e-09, 6.632370008943278e-10, 4.995858550908641e-10, 2.5617030946379624e-10, 1.777842891368392e-10, 1.189596942640677e-10, 7.524205034470277e-11, 4.180994579381263e-11], 'preconditioner metadata': [{}, {}, {}, {}, {}, {}, {}, {}, {}, {}, {}, {}, {}, {}, {}, {}, {}, {}, {}, {}, {}, {}, {}, {}, {}, {}, {}, {}, {}, {}, {}, {}, {}, {}, {}, {}, {}, {}, {}, {}, {}, {}, {}, {}, {}, {}, {}]}",4.197904781719189e-11,,"[1137.6812744140625, 1142.0994873046875, 1137.275634765625, 1136.3155517578125, 1136.6951904296875, 1140.6622314453125, 1137.3984375, 1144.5064697265625, 1137.1998291015625, 1136.45947265625]",[207.9036102294922],[1242.844482421875],[5851.568359375],[11.95952033996582],[27.133567810058594],
2026-10-05T08:44:37.869509+00:00,continuous coefficient 2D,1,"uniform(2D,11)",S11,C11,C11,"CG(HybridSchwarz(torch.float32, Inv(torch.float16), CUDSS), bsr_matmul=True)",False,0,1,10,25165824,301916160,"{'iterations': 26, 'residual norms': [13.622877817063694, 6.232817903523694, 3.036440257906066, 0.06122471151636711, 0.016398055497305837, 0.0055070410466459855, 0.0038685596388137993, 0.0018042676664783053, 0.0005062799868979016, 0.00020596218692906773, 6.285983468858228e-05, 2.9265275026683497e-05, 1.2734569800425637e-05, 5.031958435379285e-06, 1.5601788167794667e-06, 7.191078194975741e-07, 3.9286847754860776e-07, 1.2257106903604663e-07, 6.366329897660596e-08, 2.1739317485975322e-08, 1.0893250055501972e-08, 3.822737700104502e-09, 1.985021327991306e-09, 8.044460161102335e-10, 3.2009290422570243e-10, 1.474642645159497e-10, 4.826164205777683e-11], 'preconditioner metadata': [{}, {}, {}, {}, {}, {}, {}, {}, {}, {}, {}, {}, {}, {}, {}, {}, {}, {}, {}, {}, {}, {}, {}, {}, {}, {}]}",4.835149814139835e-11,,"[655.4949951171875, 655.2800903320312, 655.4574584960938, 655.22119140625, 655.2550659179688, 654.7609252929688, 655.110107421875, 655.2826538085938, 659.1541137695312, 655.323974609375]",[247.7797393798828],[1254.8331298828125],[6215.25],[11.158432006835938],[11.747903823852539],
2026-10-05T08:44:58.445242+00:00,continuous coefficient 2D,1,"uniform(2D,11)",S11,S8,C8,"CG(AdditiveSchwarz(torch.float32, Inv(torch.float16), CUDSS, const_dofs_per_coarse=False), bsr_matmul=True)",False,0,1,10,25165824,301916160,"{'iterations': 133, 'residual norms': [0.05415558022970685, 4.821914113785093, 6.666290880714777, 7.929103733024584, 5.517186998743666, 4.184466596280842, 3.37784232256033, 2.5820916191845598, 1.255574398246638, 0.7348533176801942, 0.6253899939866341, 0.5059694525593903, 0.4124324631384461, 0.2640837527596864, 0.15149563530308222, 0.07172192417735748, 0.045082315970988884, 0.049999640499343204, 0.05975008679299205, 0.054595246557325956, 0.050976853396521284, 0.03807926305368065, 0.026948988917687478, 0.021480340921096464, 0.02420050382724952, 0.024301340790733348, 0.022163529592537697, 0.022082147165006425, 0.01415404826760915, 0.010115489567438084, 0.008082698942224962, 0.007126330018574872, 0.006360571783440223, 0.004381154819709708, 0.00258010393811642, 0.001773170564768974, 0.0017137257492726389, 0.002350733322277591, 0.0025509320596184483, 0.0022852347779471734, 0.0015662498873086146, 0.0010677483021415024, 0.000793745082841744, 0.0005687108786140223, 0.00041481835330262995, 0.0003081764843468229, 0.00028703109756457316, 0.0002523729239420453, 0.000277080419984267, 0.0002537145533405611, 0.00018822012884586481, 0.0001544741928499523, 0.00012439112264631087, 8.375139702985937e-05, 7.176034030853068e-05, 5.7770989191056016e-05, 6.314055280973692e-05, 6.433597525782044e-05, 5.6973545027131355e-05, 5.491110244161986e-05, 3.804745566756589e-05, 2.6853639314305734e-05, 1.9602127651423672e-05, 1.2322264848240532e-05, 9.562744279976105e-06, 8.445014961280705e-06, 8.056694368013737e-06, 5.766147692764164e-06, 4.356172539828197e-06, 5.371957043381388e-06, 5.1628412219544844e-06, 5.414845397222084e-06, 4.502286985700061e-06, 2.9493022981363176e-06, 2.4148595758913497e-06, 2.254597058715582e-06, 1.4021458497232195e-06, 1.1656592850615862e-06, 7.685600299882748e-07, 5.69887876478468e-07, 6.367734031817567e-07, 5.418979581543742e-07, 4.5475046911213787e-07, 4.4386681208260704e-07, 3.8279879515462373e-07, 3.3391412744309844e-07, 2.284829149596741e-07, 1.860119951073906e-07, 1.6678671821417133e-07, 1.2213048325640942e-07, 1.2182788294041906e-07, 1.4609752123535845e-07, 1.2232452063842457e-07, 9.383878179872344e-08, 6.020565782185668e-08, 5.4903593291510616e-08, 4.808094760498076e-08, 3.276765666532384e-08, 2.315111848588454e-08, 1.75905599000742e-08, 1.5557606442148842e-08, 1.2046663182600845e-08, 1.0859487356243108e-08, 1.3381006895503605e-08, 1.457715181518403e-08, 1.1512354194773245e-08, 7.718619715656108e-09, 7.119084684151351e-09, 5.129941282882505e-09, 3.94589418666903e-09, 3.1901180824131045e-09, 2.6585430315576885e-09, 2.2988977575219463e-09, 1.908454517951625e-09, 1.5266740425206448e-09, 1.158596265953192e-09, 1.3232856647429314e-09, 1.2272384933094517e-09, 9.14420521463919e-10, 8.637447883767949e-10, 5.968910613850957e-10, 4.220769416437939e-10, 4.2321435562021055e-10, 3.883555828716156e-10, 3.483401745505545e-10, 3.800399971026723e-10, 2.9911154910327096e-10, 2.5679579536518294e-10, 2.2345339769592494e-10, 1.3374867142194043e-10, 9.38646509024043e-11, 9.30407163010903e-11, 6.331966924021508e-11, 5.377648532595444e-11], 'preconditioner metadata': [{}, {}, {}, {}, {}, {}, {}, {}, {}, {}, {}, {}, {}, {}, {}, {}, {}, {}, {}, {}, {}, {}, {}, {}, {}, {}, {}, {}, {}, {}, {}, {}, {}, {}, {}, {}, {}, {}, {}, {}, {}, {}, {}, {}, {}, {}, {}, {}, {}, {}, {}, {}, {}, {}, {}, {}, {}, {}, {}, {}, {}, {}, {}, {}, {}, {}, {}, {}, {}, {}, {}, {}, {}, {}, {}, {}, {}, {}, {}, {}, {}, {}, {}, {}, {}, {}, {}, {}, {}, {}, {}, {}, {}, {}, {}, {}, {}, {}, {}, {}, {}, {}, {}, {}, {}, {}, {}, {}, {}, {}, {}, {}, {}, {}, {}, {}, {}, {}, {}, {}, {}, {}, {}, {}, {}, {}, {}, {}, {}, {}, {}, {}, {}]}",5.4123791285351895e-11,,"[1565.375244140625, 1555.48046875, 1555.6607666015625, 1555.9854736328125, 1556.9434814453125, 1557.0189208984375, 1555.8365478515625, 1564.1917724609375, 1555.914794921875, 1555.740966796875]",[571.9127807617188],[1270.2535400390625],[2346.42333984375],[11.800127983093262],[57.44009780883789],
2026-10-05T08:45:16.329542+00:00,continuous coefficient 2D,1,"uniform(2D,11)",S11,S8,C8,"CG(HybridSchwarz(torch.float32, Inv(torch.float16), CUDSS), bsr_matmul=True)",False,0,1,10,25165824,301916160,"{'iterations': 89, 'residual norms': [4.818146674165809, 6.454337586560303, 8.179881276359652, 4.750098344439071, 3.8810630630696727, 2.7385471910819974, 1.3578480709858207, 0.7406613703136414, 0.6329688870446339, 0.47590195477924085, 0.3397067226709146, 0.18720485303243586, 0.07782387971254681, 0.05797960965403359, 0.06943425438824853, 0.06712567858319925, 0.057785331264077755, 0.039110991610697476, 0.02035999351062119, 0.01587830276814648, 0.011962999367051327, 0.010698289675036339, 0.009861489441654133, 0.006766725639003197, 0.0049215297182427535, 0.0035699181105061993, 0.0033859975222283105, 0.002353510582609911, 0.001218739889941624, 0.0006760831301147769, 0.0005084539238055249, 0.0005293900077882168, 0.0004974647217950668, 0.000440919196356434, 0.0003499832092306316, 0.0002697604730183675, 0.00015373893488755105, 9.996998191076346e-05, 6.486281879585419e-05, 5.6170104407083056e-05, 4.44877041976656e-05, 3.4721728831863915e-05, 2.5459259232968355e-05, 2.5373243593971765e-05, 2.1001593767830752e-05, 1.5259262921845683e-05, 9.687279005390257e-06, 6.047208534745266e-06, 3.5177703297162132e-06, 3.38363715505056e-06, 2.8338526299119014e-06, 3.3234348664039545e-06, 1.978459860039729e-06, 1.8654265478357261e-06, 1.5465505427444635e-06, 9.91926935919684e-07, 6.677499879710318e-07, 2.9979362640541393e-07, 2.809589120441032e-07, 1.7785755788808947e-07, 1.4741334998697096e-07, 1.0690171835400674e-07, 1.0111156388880482e-07, 8.609528155744791e-08, 6.909793691874501e-08, 4.937722271138513e-08, 4.424982870085883e-08, 3.058795433164046e-08, 2.0216840460069373e-08, 1.6607007962776168e-08, 1.159573910192694e-08, 8.636775761250092e-09, 8.883959011315684e-09, 7.4205129393478156e-09, 5.741184172314314e-09, 4.524026654971221e-09, 2.9025742548285807e-09, 1.6112507671874715e-09, 1.2160922403317025e-09, 9.482327091552902e-10, 7.709644781653918e-10, 5.204991986134055e-10, 4.932141038301294e-10, 4.4078288238929203e-10, 3.9866958715962025e-10, 3.6371646145697986e-10, 2.504634724731278e-10, 1.5361707708613007e-10, 7.818915882547323e-11, 5.407940876375876e-11], 'preconditioner metadata': [{}, {}, {}, {}, {}, {}, {}, {}, {}, {}, {}, {}, {}, {}, {}, {}, {}, {}, {}, {}, {}, {}, {}, {}, {}, {}, {}, {}, {}, {}, {}, {}, {}, {}, {}, {}, {}, {}, {}, {}, {}, {}, {}, {}, {}, {}, {}, {}, {}, {}, {}, {}, {}, {}, {}, {}, {}, {}, {}, {}, {}, {}, {}, {}, {}, {}, {}, {}, {}, {}, {}, {}, {}, {}, {}, {}, {}, {}, {}, {}, {}, {}, {}, {}, {}, {}, {}, {}, {}]}",5.431596544805875e-11,,"[1086.1513671875, 1088.73193359375, 1085.8646240234375, 1085.9072265625, 1105.9178466796875, 1087.61279296875, 1085.9505615234375, 1085.6011962890625, 1085.99951171875, 1085.4844970703125]",[2118.3349609375],[1281.21435546875],[2793.9287109375],[11.794400215148926],[57.616737365722656],
2026-10-05T08:45:31.924557+00:00,continuous coefficient 2D,1,"uniform(2D,11)",S11,S9,C8,"CG(AdditiveSchwarz(torch.float32, Inv(torch.float16), CUDSS, const_dofs_per_coarse=False), bsr_matmul=True)",False,0,1,10,25165824,301916160,"{'iterations': 141, 'residual norms': [0.05415558022970685, 4.820214672860273, 5.791312397474227, 7.881497982505692, 5.546627664927248, 5.300289534442071, 4.670801335849327, 2.433978869568894, 1.1833372621818081, 0.7337453261190822, 0.4053186276835558, 0.20972322233470544, 0.14749401055918124, 0.12076637538847627, 0.07838369651298073, 0.05843875160205986, 0.06737870976447437, 0.07101357903058637, 0.05733566069041553, 0.052227159510843654, 0.032403084340767385, 0.027838720894245897, 0.036207026134494606, 0.045271085418158837, 0.034592371782624594, 0.021188368875841947, 0.01468865066144764, 0.013077725496965006, 0.01204212695766432, 0.00934415020566817, 0.005759257409339324, 0.004625230102567355, 0.00359184216829261, 0.003598369158138416, 0.003015872572766226, 0.003625907161186719, 0.0032688110758680774, 0.003316729627625055, 0.0021333602168739575, 0.0014081412745567048, 0.0013044551353047094, 0.0012852839762897757, 0.0012827244671374076, 0.001241251807510113, 0.000816416394018097, 0.0004916431965453027, 0.0003886882429726566, 0.00029933691610340536, 0.0002728664402765054, 0.0002625213411053197, 0.0001836423308796573, 0.00017396451189633636, 0.00012973667042439735, 0.00013264679359035276, 0.00013430267331808693, 0.00012825095706638396, 0.00013594483772702692, 8.573714875341202e-05, 7.593444534249718e-05, 6.951128212854473e-05, 3.4850840459743285e-05, 2.7447849498222783e-05, 1.61681952794122e-05, 1.2991279269263783e-05, 1.5605385177827747e-05, 1.4162576122581976e-05, 1.4341603799527328e-05, 1.5029633730215206e-05, 9.378511871532049e-06, 7.336475329444534e-06, 6.944717675515857e-06, 6.684421224646155e-06, 5.742911541220556e-06, 4.5700905743135856e-06, 4.658038127858548e-06, 3.0399970355305082e-06, 2.4075847668935203e-06, 1.6953970975988244e-06, 1.5797362610642799e-06, 1.6419605426803529e-06, 9.462913811387292e-07, 7.654245211724718e-07, 7.848896684819885e-07, 5.804234601405644e-07, 5.396564210927919e-07, 5.692117970980737e-07, 5.085514341625752e-07, 5.806782930720294e-07, 5.016259469741105e-07, 3.2757687868100155e-07, 2.1839182351276543e-07, 1.433748497563915e-07, 9.80467975343371e-08, 9.810138175996092e-08, 7.01210822506436e-08, 6.294999929482906e-08, 7.0379241322698e-08, 6.755585001981537e-08, 5.472156563005244e-08, 4.343274492115245e-08, 3.3885284718811905e-08, 3.304466551566456e-08, 3.524139207174255e-08, 2.750248535487516e-08, 2.1510751830877508e-08, 1.8668273044258653e-08, 1.6346379138843495e-08, 1.203506165917388e-08, 9.540906450901086e-09, 1.0043529697109461e-08, 7.623189811611873e-09, 4.820440162620108e-09, 4.043312895169488e-09, 3.3083420705708854e-09, 2.672447272459392e-09, 3.074907199131029e-09, 2.3048016984599686e-09, 2.4744259918475292e-09, 2.92494342795012e-09, 2.3516573382776233e-09, 1.4564370356700234e-09, 1.1102114972510773e-09, 8.692593185049886e-10, 7.02709778953931e-10, 6.037679591337792e-10, 5.169983611662238e-10, 3.48516081329593e-10, 4.0523755608947675e-10, 3.800381014448282e-10, 3.0646163427866106e-10, 2.4374953472826125e-10, 2.1227315148387307e-10, 2.010265575760176e-10, 1.6011527703531502e-10, 1.5119055454299022e-10, 1.1634419534361245e-10, 1.067119138671822e-10, 1.040214212394185e-10, 8.157639504088748e-11, 6.796450086430227e-11, 5.884439306328318e-11, 4.807710368981227e-11], 'preconditioner metadata': [{}, {}, {}, {}, {}, {}, {}, {}, {}, {}, {}, {}, {}, {}, {}, {}, {}, {}, {}, {}, {}, {}, {}, {}, {}, {}, {}, {}, {}, {}, {}, {}, {}, {}, {}, {}, {}, {}, {}, {}, {}, {}, {}, {}, {}, {}, {}, {}, {}, {}, {}, {}, {}, {}, {}, {}, {}, {}, {}, {}, {}, {}, {}, {}, {}, {}, {}, {}, {}, {}, {}, {}, {}, {}, {}, {}, {}, {}, {}, {}, {}, {}, {}, {}, {}, {}, {}, {}, {}, {}, {}, {}, {}, {}, {}, {}, {}, {}, {}, {}, {}, {}, {}, {}, {}, {}, {}, {}, {}, {}, {}, {}, {}, {}, {}, {}, {}, {}, {}, {}, {}, {}, {}, {}, {}, {}, {}, {}, {}, {}, {}, {}, {}, {}, {}, {}, {}, {}, {}, {}, {}]}",4.848454650140132e-11,,"[961.108642578125, 960.4540405273438, 960.632568359375, 960.4180297851562, 960.2548828125, 959.9923095703125, 960.0585327148438, 961.0216064453125, 959.9387817382812, 959.8936157226562]",[2103.315673828125],[1323.1912841796875],[1713.818115234375],[11.257311820983887],[61.364479064941406],
2026-10-05T08:45:43.834672+00:00,continuous coefficient 2D,1,"uniform(2D,11)",S11,S9,C8,"CG(HybridSchwarz(torch.float32, Inv(torch.float16), CUDSS), bsr_matmul=True)",False,0,1,10,25165824,301916160,"{'iterations': 94, 'residual norms': [4.818144490734951, 5.69676963384087, 7.830375734274603, 5.020470806670308, 5.106032117858616, 4.071603128123719, 2.1185408939250374, 0.9886466177683073, 0.5156236978374565, 0.21559887452519286, 0.1531478459618725, 0.1302456381232538, 0.0840695196651034, 0.08152975802118521, 0.09488922170799026, 0.07388320241833868, 0.0566536503449413, 0.03522674723423694, 0.030479329612629766, 0.04157159758445981, 0.03353837546123845, 0.018996054045406736, 0.010628032029325097, 0.006726932850413804, 0.007260685979233594, 0.0045012972090326805, 0.0027393513795172723, 0.001633778399889016, 0.0010247843755885454, 0.0006519278398404925, 0.0003415582868548516, 0.0002508110572193675, 0.0002546723933824386, 0.0001686519762067209, 0.00013883872720484884, 8.419757985506511e-05, 5.839927919806618e-05, 5.876927396523872e-05, 5.457393412335098e-05, 5.0876074750952876e-05, 3.4859759767363016e-05, 3.106068077047775e-05, 2.4266377530136802e-05, 2.4373021133143177e-05, 1.9130273619500702e-05, 1.779226813583207e-05, 9.209866817545818e-06, 7.889830185202355e-06, 4.602025554019879e-06, 2.498678592726098e-06, 1.7901618167824234e-06, 1.4757593204715885e-06, 1.7407552524094507e-06, 1.4183775353174078e-06, 1.4146621898316224e-06, 1.1211145702975509e-06, 8.13542116591773e-07, 7.150673587526791e-07, 6.901213104075577e-07, 3.8362224944563504e-07, 3.005338776086758e-07, 1.92430911625306e-07, 1.2608588530935918e-07, 9.06121368368828e-08, 7.380245139333777e-08, 8.088923718758724e-08, 4.164027078623861e-08, 2.728848842754656e-08, 2.1770769932973627e-08, 1.2478400250245842e-08, 1.2562592632435635e-08, 9.778352963696758e-09, 1.1995027160750865e-08, 9.150005322047408e-09, 6.2251023636944795e-09, 3.838209375235172e-09, 2.4325951913075206e-09, 2.0349290126066397e-09, 1.753962270370433e-09, 1.364105034029491e-09, 1.1444082089570963e-09, 1.0692624416820401e-09, 8.541630604063254e-10, 7.129450048372252e-10, 7.227905556166302e-10, 4.969478425140578e-10, 3.4858991843420447e-10, 2.98616990198281e-10, 2.446963692796549e-10, 1.6365053843857402e-10, 1.1530151439280878e-10, 1.1360494791233296e-10, 8.768031717894872e-11, 9.416475711422081e-11, 5.4113940740086224e-11], 'preconditioner metadata': [{}, {}, {}, {}, {}, {}, {}, {}, {}, {}, {}, {}, {}, {}, {}, {}, {}, {}, {}, {}, {}, {}, {}, {}, {}, {}, {}, {}, {}, {}, {}, {}, {}, {}, {}, {}, {}, {}, {}, {}, {}, {}, {}, {}, {}, {}, {}, {}, {}, {}, {}, {}, {}, {}, {}, {}, {}, {}, {}, {}, {}, {}, {}, {}, {}, {}, {}, {}, {}, {}, {}, {}, {}, {}, {}, {}, {}, {}, {}, {}, {}, {}, {}, {}, {}, {}, {}, {}, {}, {}, {}, {}, {}, {}]}",5.435991936794656e-11,,"[697.3263549804688, 696.8018798828125, 696.848876953125, 697.2583618164062, 697.010009765625, 696.5861206054688, 697.1865844726562, 697.43798828125, 697.0321655273438, 697.0198364257812]",[677.8562622070312],[1303.027587890625],[2139.407470703125],[11.98639965057373],[57.46908950805664],
2026-10-05T08:45:57.433059+00:00,continuous coefficient 2D,1,"uniform(2D,11)",S11,S10,C8,"CG(AdditiveSchwarz(torch.float32, Inv(torch.float16), CUDSS, const_dofs_per_coarse=False), bsr_matmul=True)",False,0,1,10,25165824,301916160,"{'iterations': 158, 'residual norms': [0.05415558022970685, 4.819087166591791, 5.159733224734581, 7.5136790901404975, 4.442787992918111, 4.562848457901997, 5.306820671324055, 5.220521938959144, 4.863725773020088, 3.4246924335426683, 2.0462616892325642, 1.277197298016631, 0.5774093283958096, 0.3623811995847713, 0.23851386884374878, 0.16832424609367605, 0.08957108274698164, 0.05480326317208204, 0.05121062254223758, 0.051893049594606847, 0.06185343745555023, 0.04340327955097546, 0.027133021576351408, 0.01878882027996475, 0.02214849894200591, 0.03142315326780401, 0.03155833992038469, 0.029269117041577457, 0.021162055513000384, 0.018811010833708248, 0.025877718378682312, 0.013796140251295974, 0.009003087688615144, 0.006062251337242907, 0.0053821596668444886, 0.00467464969542713, 0.0036664553975645172, 0.0032042762450127187, 0.001980426114177015, 0.002194087561484059, 0.0018513749974661215, 0.0015305598386769746, 0.0016456630028191964, 0.0013322712800684744, 0.0011807905552739177, 0.000814278445962992, 0.0007060381049776933, 0.0007878434456639712, 0.0008148316192110877, 0.001170871842175333, 0.0008864102722478108, 0.0005567253021511062, 0.0003665021171425808, 0.0003470109552187315, 0.00030443128418314997, 0.0001571411632863208, 0.00012887038334387596, 0.0001097049110319307, 7.110513259499366e-05, 5.6528556865273144e-05, 5.110189114277506e-05, 4.585091632805369e-05, 4.300516939860315e-05, 4.825554627789237e-05, 5.389980581450252e-05, 4.745552979981695e-05, 3.489616573005708e-05, 2.786077753788086e-05, 3.296211680569555e-05, 3.272084216365122e-05, 2.1733853162257062e-05, 1.4970833130945411e-05, 1.564377405843229e-05, 1.4606172124270099e-05, 1.4149299951504249e-05, 1.016646445664784e-05, 5.023590963409322e-06, 3.5261979984357937e-06, 2.9167392959127533e-06, 2.468284195701881e-06, 2.285040016798024e-06, 1.8546125958302425e-06, 1.4298259947355087e-06, 1.692619659554918e-06, 1.5708846928561439e-06, 1.4343329917036624e-06, 1.5436053034810876e-06, 1.7176238050146824e-06, 1.438905482593246e-06, 9.88046364516826e-07, 8.666305603418497e-07, 5.115457656706318e-07, 4.669859945090204e-07, 4.5227457535384625e-07, 4.2423423621556125e-07, 4.0717782875575793e-07, 2.67804443189076e-07, 2.0787200268538876e-07, 1.6112777018109286e-07, 1.132307043574309e-07, 9.204524679658153e-08, 9.341670630635488e-08, 8.650067072322435e-08, 7.308280953044143e-08, 7.03407586317071e-08, 7.615367225456715e-08, 5.957387763350164e-08, 5.9034624051901313e-08, 5.0942118409521926e-08, 4.6677511874329956e-08, 3.971176456635567e-08, 2.9417416294164482e-08, 2.149255848082005e-08, 2.156099654503929e-08, 2.3026161394365423e-08, 1.9515143006087635e-08, 1.8500063855230483e-08, 1.5370123197993694e-08, 1.297470570433564e-08, 1.1364589750902373e-08, 1.0064130999661404e-08, 8.544409384970358e-09, 7.274000770792956e-09, 5.332662845499766e-09, 5.515387014094227e-09, 4.7690330374715325e-09, 3.943356365654193e-09, 3.1896456671080053e-09, 3.1768342377038673e-09, 2.0745284031341644e-09, 2.013001598617958e-09, 2.1590667137754923e-09, 1.5721028065279457e-09, 1.335073258273401e-09, 1.4189349740146512e-09, 1.0948525236092221e-09, 1.134188159222234e-09, 8.775142970523832e-10, 6.554738444479166e-10, 7.221984763690985e-10, 6.775545824949993e-10, 5.075616080767641e-10, 4.717822914949353e-10, 4.1393805115441e-10, 3.9991852956605404e-10, 3.169556012649425e-10, 2.64228416173152e-10, 2.650002334974708e-10, 2.512086372112514e-10, 2.230368348680515e-10, 2.2013582833052235e-10, 1.666711659277394e-10, 1.1757097394318194e-10, 1.1316290086847483e-10, 1.0245487659458733e-10, 8.34091839171839e-11, 7.245106823640269e-11, 5.597897727673658e-11, 4.75336517645117e-11], 'preconditioner metadata': [{}, {}, {}, {}, {}, {}, {}, {}, {}, {}, {}, {}, {}, {}, {}, {}, {}, {}, {}, {}, {}, {}, {}, {}, {}, {}, {}, {}, {}, {}, {}, {}, {}, {}, {}, {}, {}, {}, {}, {}, {}, {}, {}, {}, {}, {}, {}, {}, {}, {}, {}, {}, {}, {}, {}, {}, {}, {}, {}, {}, {}, {}, {}, {}, {}, {}, {}, {}, {}, {}, {}, {}, {}, {}, {}, {}, {}, {}, {}, {}, {}, {}, {}, {}, {}, {}, {}, {}, {}, {}, {}, {}, {}, {}, {}, {}, {}, {}, {}, {}, {}, {}, {}, {}, {}, {}, {}, {}, {}, {}, {}, {}, {}, {}, {}, {}, {}, {}, {}, {}, {}, {}, {}, {}, {}, {}, {}, {}, {}, {}, {}, {}, {}, {}, {}, {}, {}, {}, {}, {}, {}, {}, {}, {}, {}, {}, {}, {}, {}, {}, {}, {}, {}, {}, {}, {}, {}, {}]}",4.799265242622965e-11,,"[920.0481567382812, 915.7713623046875, 915.9842529296875, 917.9238891601562, 916.624267578125, 918.3114624023438, 916.75927734375, 916.26416015625, 916.2797241210938, 915.9503784179688]",[503.9931640625],[1310.181396484375],[1481.4630126953125],[12.152128219604492],[57.432865142822266],
2026-10-05T08:46:09.536965+00:00,continuous coefficient 2D,1,"uniform(2D,11)",S11,S10,C8,"CG(HybridSchwarz(torch.float32, Inv(torch.float16), CUDSS), bsr_matmul=True)",False,0,1,10,25165824,301916160,"{'iterations': 119, 'residual norms': [4.8181420200963085, 5.121933535647812, 7.1867393356419775, 3.9683563144322425, 4.477089803003149, 5.587811310689525, 5.443277698251027, 4.07223225438808, 2.4978303449169, 1.4013908194248381, 0.615517134274757, 0.3720942537792276, 0.26426178863725197, 0.16603354039421905, 0.07330243389320545, 0.0596425240601162, 0.05241050643184508, 0.06079061408955902, 0.05160342982231166, 0.03649488268992424, 0.02210010183765411, 0.03130416659638525, 0.03364033175598047, 0.02964808995937749, 0.023069143232998728, 0.018193315204040928, 0.02453788377048124, 0.015649382438157694, 0.009407190725224454, 0.004540711503019885, 0.003989778239992933, 0.0028639370854702593, 0.0021471924906612708, 0.0011158250306578612, 0.000679602086680371, 0.0004260874024720962, 0.0002956963871720829, 0.00019907218541197067, 0.0001543700323328616, 0.00014794901756778005, 0.00011521052386432286, 9.608995662515543e-05, 5.1306413293286374e-05, 3.5525196174378746e-05, 3.186523876284037e-05, 3.3428564840134543e-05, 1.708567444479317e-05, 1.6075154667813636e-05, 1.5049627521735525e-05, 1.1744857876817684e-05, 1.5470685689032415e-05, 1.7103804851805657e-05, 1.4268754697391306e-05, 1.2989146628468152e-05, 9.028657730795747e-06, 5.100875054656135e-06, 2.5973680969247688e-06, 1.3371118887593079e-06, 1.3136262075871157e-06, 1.5265143332401255e-06, 1.1215280767679753e-06, 1.0259245304937838e-06, 8.745250464144747e-07, 8.92773266599399e-07, 6.869289088740892e-07, 4.437431152655723e-07, 3.6698268668303215e-07, 2.8293870125152243e-07, 3.045932973672794e-07, 2.4541606995133443e-07, 2.0610199596063273e-07, 2.218199107206872e-07, 1.5076729945056365e-07, 1.2010706166728426e-07, 1.0963037643598662e-07, 1.1394555963407623e-07, 9.698051544115071e-08, 8.497175014381974e-08, 5.008019710042924e-08, 3.770126528964389e-08, 2.528509377322398e-08, 3.1783879393232e-08, 3.159654445962738e-08, 2.4342348558937476e-08, 2.4040435145989396e-08, 1.7207321251399074e-08, 1.4609428460718703e-08, 1.1415715321206904e-08, 9.616912179226273e-09, 8.015937083560882e-09, 7.619669305687325e-09, 5.8677841181786735e-09, 5.085290756258813e-09, 3.659163241760222e-09, 3.724440535646861e-09, 3.5089928655208956e-09, 2.544301576477631e-09, 1.9807812005826257e-09, 1.6230415339006515e-09, 1.5349006384614839e-09, 1.203199364266336e-09, 9.848488217617213e-10, 8.980506982596738e-10, 6.923307492318175e-10, 5.224247222692726e-10, 5.018919525462006e-10, 4.5185381308691357e-10, 3.5231093383318686e-10, 3.5792209761985597e-10, 2.8046396369244884e-10, 2.2844893606559798e-10, 1.93501565563047e-10, 1.3418882556811555e-10, 1.2786634609878614e-10, 1.0151440864685593e-10, 9.530127193891017e-11, 7.466153841752752e-11, 6.656331390922594e-11, 6.313471212061565e-11, 4.15633671425178e-11], 'preconditioner metadata': [{}, {}, {}, {}, {}, {}, {}, {}, {}, {}, {}, {}, {}, {}, {}, {}, {}, {}, {}, {}, {}, {}, {}, {}, {}, {}, {}, {}, {}, {}, {}, {}, {}, {}, {}, {}, {}, {}, {}, {}, {}, {}, {}, {}, {}, {}, {}, {}, {}, {}, {}, {}, {}, {}, {}, {}, {}, {}, {}, {}, {}, {}, {}, {}, {}, {}, {}, {}, {}, {}, {}, {}, {}, {}, {}, {}, {}, {}, {}, {}, {}, {}, {}, {}, {}, {}, {}, {}, {}, {}, {}, {}, {}, {}, {}, {}, {}, {}, {}, {}, {}, {}, {}, {}, {}, {}, {}, {}, {}, {}, {}, {}, {}, {}, {}, {}, {}, {}, {}]}",4.1960940773140725e-11,,"[757.5628662109375, 756.3928833007812, 756.3289794921875, 758.2080078125, 756.159423828125, 755.8843994140625, 756.3958129882812, 755.8114013671875, 755.5908203125, 755.8179931640625]",[222.1326141357422],[1294.6341552734375],[1927.9154052734375],[11.08687973022461],[58.68278503417969],
2026-10-05T08:46:25.089200+00:00,continuous coefficient 2D,1,"uniform(2D,11)",S11,S11,C8,"CG(AdditiveSchwarz(torch.float32, Inv(torch.float16), CUDSS, const_dofs_per_coarse=False), bsr_matmul=True)",False,0,1,10,25165824,301916160,"{'iterations': 189, 'residual norms': [0.05415558022970685, 4.818580329824231, 4.479141771889207, 5.137904530753094, 4.191654471735924, 4.293201618370015, 4.317618366283948, 4.639031862516678, 4.437435920866043, 3.990367307541421, 5.0034875331815005, 4.863680126434928, 3.7924610329382453, 2.604246861743447, 1.5833651009062948, 0.9029458412470202, 0.3395438739585289, 0.24906273299745824, 0.10034419557817731, 0.07796679577809011, 0.06667277046954537, 0.07419357174339357, 0.07626608860215538, 0.05953727108819078, 0.04004866540777992, 0.028046443402893084, 0.03094387007963464, 0.024021280432895226, 0.01758616587626342, 0.013178170614907567, 0.011491111982579258, 0.010844855309177675, 0.014236919717708822, 0.0122944995961464, 0.012021953274942073, 0.011027866183991842, 0.010266469390466671, 0.015227104413170392, 0.013665494181023393, 0.009489914281995138, 0.01096105121321183, 0.006971103220001899, 0.003955820610348851, 0.0029734088891472856, 0.0023177714010939156, 0.0018228363767878507, 0.0010946425166293507, 0.0007745508839316255, 0.0008274180141380348, 0.000726080898242709, 0.0006326569646475246, 0.0005753632700016924, 0.000500887945157386, 0.0004562391866542748, 0.00047941718976543264, 0.0003919958887970257, 0.0002931671507529147, 0.0002670446747612251, 0.00029274281912676, 0.00022958169851253934, 0.00019742297037636056, 0.0002667662355069156, 0.00026486027292986307, 0.00024397255308265272, 0.00016670336431677006, 0.00020197576224901005, 0.00022993460653183284, 0.0001816956583645683, 0.00014900947831757242, 0.00011872107284692533, 9.496541498238785e-05, 6.115590789864085e-05, 3.796512270152836e-05, 2.557361867215036e-05, 1.6412980799516593e-05, 1.1280962168596315e-05, 1.0642943807507436e-05, 1.0144360398371648e-05, 8.892334745855073e-06, 7.801727809370494e-06, 6.946841251897422e-06, 6.498763073245506e-06, 6.546046277358433e-06, 6.3128881838643575e-06, 6.637966252740446e-06, 7.4424164725930846e-06, 6.518699400309392e-06, 5.577372227750044e-06, 5.065504056799783e-06, 4.255061707960964e-06, 3.892364002969929e-06, 3.5877776623869554e-06, 3.14810872427575e-06, 2.82222285238593e-06, 2.5433605248488715e-06, 2.4615279282837697e-06, 2.322463965197463e-06, 1.9934322476328294e-06, 1.63541584733386e-06, 1.1581390049375715e-06, 8.022792094785396e-07, 6.976737498866959e-07, 4.937385408625566e-07, 3.7855697418889015e-07, 3.734324945946729e-07, 3.666160594234334e-07, 3.864714919458757e-07, 3.4522506962404266e-07, 2.791886500005073e-07, 2.4665357800990754e-07, 2.100980566828485e-07, 1.7694217082741098e-07, 1.883082829972966e-07, 1.8644297046342157e-07, 1.675266358154834e-07, 1.3466046359832205e-07, 1.1027188026634223e-07, 1.0231179896121127e-07, 9.513166656684153e-08, 7.537266389710635e-08, 7.471649448121469e-08, 7.442630752656463e-08, 6.624405174965733e-08, 5.164452287659338e-08, 5.3326376257539916e-08, 5.279368562369934e-08, 4.792942553490791e-08, 4.411325084111578e-08, 4.102864693815758e-08, 3.7970215517275696e-08, 3.529693050395428e-08, 3.237383885148856e-08, 2.7860906210539046e-08, 2.456483759682562e-08, 1.970664310359161e-08, 1.7512155794801952e-08, 1.3503861901406422e-08, 1.2154804762910306e-08, 1.09834306203527e-08, 1.0148859213742132e-08, 1.1135169026689574e-08, 1.0287565317192282e-08, 8.94077223059879e-09, 7.670089368657924e-09, 6.257361455621094e-09, 5.418041323963208e-09, 5.3239208464277335e-09, 5.393991041585585e-09, 4.1348312421481976e-09, 3.743196551763516e-09, 3.2546976894791113e-09, 2.8838705381889094e-09, 2.5861324044640303e-09, 2.555858278085824e-09, 2.128741464256673e-09, 1.8615842601690832e-09, 1.5914564635361609e-09, 1.2814208922724942e-09, 1.0588263818582939e-09, 9.5398924969528e-10, 9.35508691397999e-10, 8.558032912193454e-10, 6.915824684378624e-10, 7.097800921444252e-10, 6.232656225003041e-10, 5.586413402303655e-10, 5.069489576854899e-10, 4.622366028207901e-10, 4.436782830873554e-10, 4.08059250729508e-10, 3.499574817125844e-10, 3.167489039523908e-10, 2.723685236088393e-10, 2.375936961801684e-10, 2.3270674147093508e-10, 2.1693492362121548e-10, 1.9253408161945013e-10, 1.6207114280265845e-10, 1.3877454786650604e-10, 1.2755440481352885e-10, 1.3301327223501035e-10, 1.287859726092609e-10, 1.0827520096922764e-10, 9.691342220504984e-11, 8.773450967168181e-11, 8.047767996750392e-11, 7.31000516297846e-11, 6.772356972360579e-11, 5.773139598610159e-11, 5.0751214013262854e-11], 'preconditioner metadata': [{}, {}, {}, {}, {}, {}, {}, {}, {}, {}, {}, {}, {}, {}, {}, {}, {}, {}, {}, {}, {}, {}, {}, {}, {}, {}, {}, {}, {}, {}, {}, {}, {}, {}, {}, {}, {}, {}, {}, {}, {}, {}, {}, {}, {}, {}, {}, {}, {}, {}, {}, {}, {}, {}, {}, {}, {}, {}, {}, {}, {}, {}, {}, {}, {}, {}, {}, {}, {}, {}, {}, {}, {}, {}, {}, {}, {}, {}, {}, {}, {}, {}, {}, {}, {}, {}, {}, {}, {}, {}, {}, {}, {}, {}, {}, {}, {}, {}, {}, {}, {}, {}, {}, {}, {}, {}, {}, {}, {}, {}, {}, {}, {}, {}, {}, {}, {}, {}, {}, {}, {}, {}, {}, {}, {}, {}, {}, {}, {}, {}, {}, {}, {}, {}, {}, {}, {}, {}, {}, {}, {}, {}, {}, {}, {}, {}, {}, {}, {}, {}, {}, {}, {}, {}, {}, {}, {}, {}, {}, {}, {}, {}, {}, {}, {}, {}, {}, {}, {}, {}, {}, {}, {}, {}, {}, {}, {}, {}, {}, {}, {}, {}, {}, {}, {}, {}, {}, {}, {}]}",5.1257092284976647e-11,,"[1046.2935791015625, 1045.587158203125, 1043.682861328125, 1044.849365234375, 1047.880859375, 1045.19482421875, 1047.939453125, 1044.4329833984375, 1044.9462890625, 1044.342529296875]",[200.2855987548828],[1350.2174072265625],[1471.5333251953125],[11.971455574035645],[56.999359130859375],
2026-10-05T08:46:40.412322+00:00,continuous coefficient 2D,1,"uniform(2D,11)",S11,S11,C8,"CG(HybridSchwarz(torch.float32, Inv(torch.float16), CUDSS), bsr_matmul=True)",False,0,1,10,25165824,301916160,"{'iterations': 160, 'residual norms': [4.818176940928687, 4.463523542462783, 5.041511136773875, 3.744605757570012, 4.734271746215716, 4.205153988971875, 3.9340381080050295, 4.834561554087903, 4.241071748663635, 5.0024961106997985, 5.25154519479295, 3.028764749036417, 2.077287691933221, 1.2525750443762025, 0.4458608686065331, 0.3188281259529888, 0.12246817276509481, 0.07406979475679794, 0.07397531638023186, 0.07487616596530121, 0.07523655758402277, 0.0642115078490172, 0.03773322813215271, 0.032418013147765476, 0.03389390827175982, 0.02196696301890538, 0.01780456128047492, 0.015197965038878304, 0.011318465117288571, 0.014287763898752708, 0.013988036941878132, 0.011875718141509511, 0.011621293508931499, 0.010940676204883842, 0.015392196677036918, 0.012498470424857125, 0.01027544093858099, 0.011692545071846625, 0.008253515913007043, 0.004207877466487626, 0.0023581211385638096, 0.001989631135718457, 0.0011662849183424727, 0.00049994086625754, 0.00041685894387275983, 0.0003259199544412922, 0.00028304066602886273, 0.00024669322660207107, 0.00013501635576559123, 0.00011522901176542562, 8.3855589621012e-05, 7.205252441920059e-05, 4.4893751425528434e-05, 2.9966489899334913e-05, 3.294230684477704e-05, 3.073724876217679e-05, 2.5118335363292955e-05, 2.061135192470257e-05, 2.170827287877169e-05, 1.6274171404859846e-05, 8.775575791160161e-06, 6.926826265364215e-06, 7.136468581345002e-06, 4.9128722923925115e-06, 3.910802874426291e-06, 4.282142812022573e-06, 4.96359947968707e-06, 5.756229642709492e-06, 6.50184526999636e-06, 5.194087657146458e-06, 3.816471170278394e-06, 2.915218834527535e-06, 2.4413578541128005e-06, 2.138860347938945e-06, 1.7930042393364576e-06, 1.7077905465778787e-06, 1.6411419273491495e-06, 1.2760103689812551e-06, 8.945845174803108e-07, 7.938831431551006e-07, 8.353035400320436e-07, 9.060959016695796e-07, 8.361203691620552e-07, 6.793237392356857e-07, 5.31839748633592e-07, 4.386865486015701e-07, 3.6855735321782436e-07, 3.6184324317465854e-07, 3.1705385235617057e-07, 2.9317211747927324e-07, 2.497706487445685e-07, 2.0313711003584723e-07, 1.6587174391602287e-07, 1.291711901113237e-07, 1.1017197073073188e-07, 1.1619687241161479e-07, 1.235004817360997e-07, 9.243708472758303e-08, 8.294571088720235e-08, 8.247310812251282e-08, 7.899299938168338e-08, 7.08015967310912e-08, 6.532548902225558e-08, 4.762229538247052e-08, 3.7764849124956354e-08, 2.9753909250263227e-08, 2.6026911818532674e-08, 2.580589985183773e-08, 2.189768132362033e-08, 1.76276183593424e-08, 1.6377383752876597e-08, 1.5972034911533335e-08, 1.3033234740415497e-08, 1.2268387160009552e-08, 1.2095149114273782e-08, 1.0693227472803871e-08, 8.840308897834492e-09, 7.926554412522941e-09, 7.206383914174524e-09, 6.062029737523926e-09, 5.029598605535495e-09, 4.331620309334046e-09, 4.953062669808632e-09, 4.4586215765333655e-09, 3.3516762908420185e-09, 2.5655689936718296e-09, 2.4549923585377016e-09, 2.371129458015697e-09, 2.33491117477073e-09, 2.041663180851286e-09, 1.707956750597899e-09, 1.4506783176169501e-09, 1.4122205315528726e-09, 1.3027565031344577e-09, 1.1307454125281707e-09, 9.647829277929124e-10, 8.151024187909069e-10, 6.900697992568018e-10, 6.207931800174986e-10, 5.476968691883248e-10, 4.827565523289851e-10, 4.511067838756293e-10, 4.1656869235414816e-10, 3.750156300332356e-10, 3.2338344873122104e-10, 2.80871510425903e-10, 2.5348686366084025e-10, 2.5453115900611804e-10, 2.290831111391775e-10, 1.777135061018023e-10, 1.5773418535580392e-10, 1.4123662566877946e-10, 1.3730003918618787e-10, 1.2254192637028863e-10, 1.0975355205098395e-10, 8.674913258502995e-11, 7.403676392795244e-11, 6.367142439950796e-11, 6.06556307069859e-11, 5.518817200829466e-11, 4.953826361506246e-11], 'preconditioner metadata': [{}, {}, {}, {}, {}, {}, {}, {}, {}, {}, {}, {}, {}, {}, {}, {}, {}, {}, {}, {}, {}, {}, {}, {}, {}, {}, {}, {}, {}, {}, {}, {}, {}, {}, {}, {}, {}, {}, {}, {}, {}, {}, {}, {}, {}, {}, {}, {}, {}, {}, {}, {}, {}, {}, {}, {}, {}, {}, {}, {}, {}, {}, {}, {}, {}, {}, {}, {}, {}, {}, {}, {}, {}, {}, {}, {}, {}, {}, {}, {}, {}, {}, {}, {}, {}, {}, {}, {}, {}, {}, {}, {}, {}, {}, {}, {}, {}, {}, {}, {}, {}, {}, {}, {}, {}, {}, {}, {}, {}, {}, {}, {}, {}, {}, {}, {}, {}, {}, {}, {}, {}, {}, {}, {}, {}, {}, {}, {}, {}, {}, {}, {}, {}, {}, {}, {}, {}, {}, {}, {}, {}, {}, {}, {}, {}, {}, {}, {}, {}, {}, {}, {}, {}, {}, {}, {}, {}, {}, {}, {}]}",4.9981113128233113e-11,,"[990.0963134765625, 988.1761474609375, 989.1503295898438, 987.5886840820312, 988.8287963867188, 990.6644897460938, 990.5408935546875, 988.003173828125, 989.9409790039062, 988.2822265625]",[220.6859588623047],[1338.8421630859375],[1876.4837646484375],[11.410880088806152],[58.651519775390625],
2026-10-05T08:46:52.108755+00:00,continuous coefficient 2D,1,"uniform(2D,11)",S11,S9,C9,"CG(AdditiveSchwarz(torch.float32, Inv(torch.float16), CUDSS, const_dofs_per_coarse=False), bsr_matmul=True)",False,0,1,10,25165824,301916160,"{'iterations': 93, 'residual norms': [0.05415558022970685, 6.81530893546581, 7.836794804012539, 8.924245709502271, 3.39905492687474, 1.841694844285702, 1.2253710129063966, 0.9286720820834257, 0.5290800615059081, 0.27678050739456006, 0.16008048418774926, 0.08389921881620907, 0.0390220980158656, 0.03356930507402649, 0.040047428647973435, 0.03882202652301579, 0.029182155136947645, 0.021593662242792886, 0.015527210045960287, 0.012029998093749623, 0.013270818267383798, 0.009596497300104576, 0.005887271213407788, 0.0032996018444569055, 0.002032955025141555, 0.001946913336330109, 0.001821683732430697, 0.001529645241918621, 0.0013978183308777064, 0.0011714308885006621, 0.000996017602564459, 0.0004978117127878817, 0.00033098336226055117, 0.0001960078900276708, 0.0001793239365060121, 0.0001948047914663175, 0.00019365870726972527, 0.00010038695186597162, 5.360792437746837e-05, 5.3400569378237874e-05, 4.968150105303938e-05, 4.7539047095846896e-05, 3.710650429224725e-05, 2.5135574885028246e-05, 1.4395363815058861e-05, 1.1243246753835921e-05, 6.409207788826119e-06, 4.671318883949022e-06, 4.7877565139686155e-06, 4.840995940987017e-06, 3.7836161234599188e-06, 3.1712581037162034e-06, 2.106599431719602e-06, 2.0571946607623247e-06, 1.1047210324048746e-06, 6.1493544955843e-07, 5.01541113113678e-07, 4.419756628634771e-07, 3.846133227445248e-07, 3.609255576319155e-07, 2.260656566773628e-07, 2.2368368138673043e-07, 1.624248646425406e-07, 9.922748233664072e-08, 1.0755571119750974e-07, 9.005405931703185e-08, 6.93621444819363e-08, 5.1601193128252566e-08, 3.701960261805764e-08, 2.2434897857943085e-08, 1.492356018693478e-08, 1.2417507079010109e-08, 1.3255376199552149e-08, 8.51064861483712e-09, 8.175078161225775e-09, 9.086109316018061e-09, 5.630647007506534e-09, 3.6828719004112034e-09, 2.22614813205265e-09, 1.3667262377685865e-09, 1.456183681123782e-09, 1.1529997126501303e-09, 9.158779671184968e-10, 8.652974818788378e-10, 5.387036902848477e-10, 4.266108860822727e-10, 3.7043376336023655e-10, 2.9305622028736305e-10, 2.13972816079182e-10, 2.2927116470110304e-10, 1.7978869877043997e-10, 1.0956897426079856e-10, 7.60032544876967e-11, 5.065026142654731e-11], 'preconditioner metadata': [{}, {}, {}, {}, {}, {}, {}, {}, {}, {}, {}, {}, {}, {}, {}, {}, {}, {}, {}, {}, {}, {}, {}, {}, {}, {}, {}, {}, {}, {}, {}, {}, {}, {}, {}, {}, {}, {}, {}, {}, {}, {}, {}, {}, {}, {}, {}, {}, {}, {}, {}, {}, {}, {}, {}, {}, {}, {}, {}, {}, {}, {}, {}, {}, {}, {}, {}, {}, {}, {}, {}, {}, {}, {}, {}, {}, {}, {}, {}, {}, {}, {}, {}, {}, {}, {}, {}, {}, {}, {}, {}, {}, {}]}",5.0912523749662723e-11,,"[721.7330322265625, 721.6824951171875, 722.0472412109375, 721.7508544921875, 721.3837280273438, 721.5609741210938, 721.7730712890625, 721.5699462890625, 723.152587890625, 723.5758056640625]",[390.68505859375],[1353.5164794921875],[1938.3021240234375],[11.275103569030762],[21.584096908569336],
2026-10-05T08:47:02.610221+00:00,continuous coefficient 2D,1,"uniform(2D,11)",S11,S9,C9,"CG(HybridSchwarz(torch.float32, Inv(torch.float16), CUDSS), bsr_matmul=True)",False,0,1,10,25165824,301916160,"{'iterations': 63, 'residual norms': [6.814098851081166, 7.768729742165746, 8.813153840128544, 2.9935241971365105, 1.471836133060323, 0.9349915204634566, 0.5063941779737903, 0.292100912233614, 0.15402623834426454, 0.06976294936751135, 0.04305825874706471, 0.05192684489617522, 0.037546292137340696, 0.025023564631064928, 0.013858273904958604, 0.00649338298142904, 0.00519337096840535, 0.004967721539220523, 0.0027558080220135357, 0.0016024616668488794, 0.0009050284114610117, 0.000590714611151966, 0.000469827929510861, 0.00026239922760053674, 0.00024274821512058306, 0.00021346076114455071, 0.00016156765571201124, 7.829256296293385e-05, 3.0356435730836102e-05, 2.508577929107945e-05, 2.6896421715010743e-05, 1.3416197592319983e-05, 8.921534811217163e-06, 5.010662537901734e-06, 3.1816656299251054e-06, 2.2814846583049333e-06, 1.3019711607104527e-06, 1.386992688000769e-06, 1.1100097715492733e-06, 7.084353316360276e-07, 3.0243786584466315e-07, 2.370806271813613e-07, 1.267278482684602e-07, 7.475182379337647e-08, 6.054156342259636e-08, 4.518282549718341e-08, 3.537687586514691e-08, 2.2457144527237938e-08, 1.585534396819548e-08, 8.852899709319824e-09, 7.2489341352631584e-09, 6.382289161328312e-09, 4.41155836753285e-09, 3.154522488387935e-09, 2.5131444210297415e-09, 1.1745456915447673e-09, 6.377943869843075e-10, 4.056068116388694e-10, 2.09824589439348e-10, 2.3684201969840885e-10, 1.589380652613328e-10, 1.3080914508099742e-10, 8.356230201635714e-11, 4.1859461779870784e-11], 'preconditioner metadata': [{}, {}, {}, {}, {}, {}, {}, {}, {}, {}, {}, {}, {}, {}, {}, {}, {}, {}, {}, {}, {}, {}, {}, {}, {}, {}, {}, {}, {}, {}, {}, {}, {}, {}, {}, {}, {}, {}, {}, {}, {}, {}, {}, {}, {}, {}, {}, {}, {}, {}, {}, {}, {}, {}, {}, {}, {}, {}, {}, {}, {}, {}, {}]}",4.208066004145185e-11,,"[531.284912109375, 531.4829711914062, 531.1856079101562, 531.1787719726562, 531.3378295898438, 530.7380981445312, 531.1796875, 530.8422241210938, 532.9241943359375, 531.7232055664062]",[600.2731323242188],[1326.891845703125],[2384.166015625],[11.373503684997559],[48.664512634277344],
2026-10-05T08:47:13.999224+00:00,continuous coefficient 2D,1,"uniform(2D,11)",S11,S10,C9,"CG(AdditiveSchwarz(torch.float32, Inv(torch.float16), CUDSS, const_dofs_per_coarse=False), bsr_matmul=True)",False,0,1,10,25165824,301916160,"{'iterations': 96, 'residual norms': [0.05415558022970685, 6.8147739427712475, 7.270201384231118, 10.208304187137818, 4.6549804175487255, 3.109854484584036, 1.5098438933967528, 0.6347083422708951, 0.2636883267366364, 0.13054790939002836, 0.07612680428026164, 0.0438189833951516, 0.045939647759516145, 0.05224075554302921, 0.03651817963183608, 0.031227359160880642, 0.026680873869567065, 0.02191949804727238, 0.02380845878120718, 0.016964885456959934, 0.009033602199173395, 0.00419415602791951, 0.003958002106438413, 0.003529409045993989, 0.0033782324358032226, 0.0029748842972324202, 0.0019003477771967316, 0.0018873202246027273, 0.0018151668824132453, 0.000775024106155408, 0.0007786118248050264, 0.0007617111333560638, 0.000442683877523262, 0.00020519210009099925, 0.00014956850411893943, 0.00018106012098169084, 0.00012909736509013884, 9.74865135082346e-05, 0.00011511117447485384, 7.986058666650171e-05, 5.9656876329887135e-05, 3.973826154019103e-05, 1.9065690613062364e-05, 1.3645914883718804e-05, 1.3015727703442093e-05, 1.6223452384286593e-05, 9.782741581254663e-06, 7.330759595570712e-06, 6.310595114574794e-06, 5.266029313813377e-06, 5.244203150578424e-06, 3.0974676931620234e-06, 2.1379303765905077e-06, 1.6776237062534226e-06, 9.586352958599759e-07, 9.458515361342094e-07, 6.191695220034299e-07, 5.76228870106166e-07, 6.249163334045463e-07, 4.610473828450806e-07, 3.9305139101710737e-07, 3.4284744079117007e-07, 1.7479711399105673e-07, 1.029658767973854e-07, 8.38517637068399e-08, 7.147724951004773e-08, 6.543239840063813e-08, 5.1252743785612864e-08, 3.4285735431057454e-08, 3.043612155728381e-08, 2.921139722682724e-08, 2.476753457195349e-08, 1.8160536523630905e-08, 1.3593795662459235e-08, 9.983935209563375e-09, 6.649733897786914e-09, 4.347821550969104e-09, 4.101074828080579e-09, 3.0536913436265635e-09, 2.8277490186127723e-09, 2.655168173111631e-09, 2.054504860153361e-09, 1.6910893609837376e-09, 9.745756967781853e-10, 8.478736437816125e-10, 6.949449820785331e-10, 4.893513506507538e-10, 5.019083515488042e-10, 3.8501706626923967e-10, 3.0713968245018715e-10, 1.9914145651249555e-10, 1.5296108587258826e-10, 1.281514674053415e-10, 1.2541016761762095e-10, 8.656018238323661e-11, 6.334162506083093e-11, 5.1696693750923126e-11], 'preconditioner metadata': [{}, {}, {}, {}, {}, {}, {}, {}, {}, {}, {}, {}, {}, {}, {}, {}, {}, {}, {}, {}, {}, {}, {}, {}, {}, {}, {}, {}, {}, {}, {}, {}, {}, {}, {}, {}, {}, {}, {}, {}, {}, {}, {}, {}, {}, {}, {}, {}, {}, {}, {}, {}, {}, {}, {}, {}, {}, {}, {}, {}, {}, {}, {}, {}, {}, {}, {}, {}, {}, {}, {}, {}, {}, {}, {}, {}, {}, {}, {}, {}, {}, {}, {}, {}, {}, {}, {}, {}, {}, {}, {}, {}, {}, {}, {}, {}]}",5.1962071356978234e-11,,"[669.0505981445312, 670.5510864257812, 670.8507690429688, 668.7540893554688, 668.3389282226562, 668.4425048828125, 668.8101806640625, 669.1845092773438, 668.857177734375, 668.7371826171875]",[551.1031494140625],[1327.5050048828125],[1700.6351318359375],[11.832256317138672],[56.837886810302734],
2026-10-05T08:47:23.702700+00:00,continuous coefficient 2D,1,"uniform(2D,11)",S11,S10,C9,"CG(HybridSchwarz(torch.float32, Inv(torch.float16), CUDSS), bsr_matmul=True)",False,0,1,10,25165824,301916160,"{'iterations': 67, 'residual norms': [6.813983657359908, 7.243307856672447, 9.9103823794711, 4.138639148478194, 2.7389859684548648, 1.2742703533295439, 0.46000203300150505, 0.18795256679777594, 0.08292226963511236, 0.06322313728836126, 0.06793381175818068, 0.06550805130245119, 0.038890229351226845, 0.032511072503178744, 0.023209019009305484, 0.020615964445390034, 0.015126302642880743, 0.007671402179047764, 0.0029562432259890147, 0.0018223303141051625, 0.0009504772105454434, 0.0006861491688790925, 0.0004570649625633192, 0.00011857020897188966, 8.49430126172329e-05, 9.299684955195816e-05, 6.14191312337133e-05, 4.6208082215533496e-05, 4.4670476051871254e-05, 2.77721193242473e-05, 1.674183403140872e-05, 1.0976874738166036e-05, 9.238316906574926e-06, 6.9227969222354714e-06, 2.480681470245751e-06, 1.8954154689017221e-06, 1.004363078399794e-06, 9.551854808052054e-07, 9.657827551607255e-07, 7.1518071623286e-07, 4.3510614069103463e-07, 4.020667293080882e-07, 2.1893166022748476e-07, 1.2229020633988923e-07, 1.0078427573804222e-07, 6.820666923526078e-08, 7.79926091080508e-08, 4.6171365507861875e-08, 2.695659516650647e-08, 1.8470040026304528e-08, 1.1714197844424208e-08, 9.513481204263704e-09, 7.533776357373445e-09, 4.461401606433895e-09, 2.5267983303059354e-09, 1.7037514289778424e-09, 1.8199451219121745e-09, 1.1918960802573341e-09, 8.586446159587863e-10, 5.284243340869588e-10, 3.773479909208002e-10, 2.5626357462020654e-10, 1.5387589737688075e-10, 1.302317324514254e-10, 1.0922236745119996e-10, 9.254412729327308e-11, 6.017000382297702e-11, 4.5409787812706504e-11], 'preconditioner metadata': [{}, {}, {}, {}, {}, {}, {}, {}, {}, {}, {}, {}, {}, {}, {}, {}, {}, {}, {}, {}, {}, {}, {}, {}, {}, {}, {}, {}, {}, {}, {}, {}, {}, {}, {}, {}, {}, {}, {}, {}, {}, {}, {}, {}, {}, {}, {}, {}, {}, {}, {}, {}, {}, {}, {}, {}, {}, {}, {}, {}, {}, {}, {}, {}, {}, {}, {}]}",4.5626637204076216e-11,,"[489.9708557128906, 489.6708068847656, 491.163818359375, 489.82733154296875, 492.2186279296875, 489.6124572753906, 489.58636474609375, 489.4659423828125, 490.2099304199219, 489.64886474609375]",[191.10304260253906],[1328.7276611328125],[2146.481201171875],[11.916223526000977],[57.69232177734375],
2026-10-05T08:47:36.400850+00:00,continuous coefficient 2D,1,"uniform(2D,11)",S11,S11,C9,"CG(AdditiveSchwarz(torch.float32, Inv(torch.float16), CUDSS, const_dofs_per_coarse=False), bsr_matmul=True)",False,0,1,10,25165824,301916160,"{'iterations': 109, 'residual norms': [0.05415558022970685, 6.81441703299279, 6.32322817468813, 7.2014808494067, 5.666950828102452, 6.08760594153407, 4.245406955923637, 2.509074850996036, 1.2965617267788037, 0.43260317497444056, 0.25590768227678795, 0.1390236447815949, 0.06915210637942419, 0.030765063494836334, 0.03192857548747604, 0.026484180994492967, 0.026715893472431185, 0.02898395527552081, 0.014536492264244373, 0.027369110074700616, 0.019856837903626766, 0.006181077135072386, 0.004954166629033396, 0.005112115921368744, 0.003180775077224522, 0.0020846763718803504, 0.0018396919410767411, 0.001590935711876187, 0.0013011892799970177, 0.0007300619403848142, 0.0007402201265797265, 0.0009392413401053575, 0.000852440295457913, 0.0006645651673952299, 0.00042974571450163005, 0.0002518301484795829, 0.00016477495774806306, 0.00011668421321241209, 8.759856850991065e-05, 6.949044570513855e-05, 4.852839966742609e-05, 5.140298183164947e-05, 4.391207634186842e-05, 3.4901375889269225e-05, 3.184529653364086e-05, 2.97293293946331e-05, 2.7259692290282617e-05, 2.0769078290611214e-05, 2.0896721086977897e-05, 1.4343383089179063e-05, 8.26045235734487e-06, 4.882577856998385e-06, 4.081390304531858e-06, 2.6658758679927e-06, 1.8729113197986652e-06, 1.8522358144154941e-06, 1.692312179348818e-06, 1.7299724545847032e-06, 1.3947712100470897e-06, 1.1248978601279455e-06, 9.150525753508463e-07, 7.795107679966836e-07, 7.324524813122808e-07, 5.875929641421655e-07, 3.71311876301987e-07, 2.7219520213025427e-07, 1.984531792497892e-07, 1.4583678557174787e-07, 1.2985781578600453e-07, 1.1838907074888104e-07, 1.1502126643785276e-07, 9.016712955103048e-08, 6.233761993163587e-08, 4.824935833663658e-08, 3.842563784606257e-08, 3.4416930463313464e-08, 2.777582053024381e-08, 2.413378521089994e-08, 2.236352403569019e-08, 1.8456642980574547e-08, 1.3992394465594895e-08, 1.0904370760472578e-08, 9.890691854207556e-09, 8.50266571675714e-09, 7.241642914454982e-09, 5.425454106922436e-09, 4.1181827051153415e-09, 3.208185482269336e-09, 2.9785670138522878e-09, 2.20592287212001e-09, 1.91219454679401e-09, 1.5215392800692028e-09, 1.3137056799151976e-09, 9.96358737103e-10, 7.722030178772458e-10, 5.682175243117713e-10, 4.932510281166038e-10, 4.393234662224609e-10, 3.9175334126043673e-10, 3.361997579789892e-10, 2.7050127038086034e-10, 2.225963935730164e-10, 1.842628303241787e-10, 1.6289767259072134e-10, 1.194984473891811e-10, 8.969972212511467e-11, 7.398715437230715e-11, 6.940349902020162e-11, 5.97138596605432e-11, 4.57210324469805e-11], 'preconditioner metadata': [{}, {}, {}, {}, {}, {}, {}, {}, {}, {}, {}, {}, {}, {}, {}, {}, {}, {}, {}, {}, {}, {}, {}, {}, {}, {}, {}, {}, {}, {}, {}, {}, {}, {}, {}, {}, {}, {}, {}, {}, {}, {}, {}, {}, {}, {}, {}, {}, {}, {}, {}, {}, {}, {}, {}, {}, {}, {}, {}, {}, {}, {}, {}, {}, {}, {}, {}, {}, {}, {}, {}, {}, {}, {}, {}, {}, {}, {}, {}, {}, {}, {}, {}, {}, {}, {}, {}, {}, {}, {}, {}, {}, {}, {}, {}, {}, {}, {}, {}, {}, {}, {}, {}, {}, {}, {}, {}, {}, {}]}",4.6054415745280065e-11,,"[743.6217041015625, 741.4714965820312, 740.9793701171875, 741.0752563476562, 741.2533569335938, 746.9960327148438, 740.7909545898438, 744.1414184570312, 741.5641479492188, 742.5254516601562]",[227.1326446533203],[1376.11669921875],[1668.092529296875],[11.494912147521973],[10.899168014526367],
2026-10-05T08:47:48.655705+00:00,continuous coefficient 2D,1,"uniform(2D,11)",S11,S11,C9,"CG(HybridSchwarz(torch.float32, Inv(torch.float16), CUDSS), bsr_matmul=True)",False,0,1,10,25165824,301916160,"{'iterations': 86, 'residual norms': [6.8141186175069555, 6.312092402367017, 7.129270045354587, 5.292571063186006, 6.310987016811761, 4.055631111072208, 1.7075755910116943, 1.2740884180441334, 0.36051944925851465, 0.21305851471968962, 0.11488517983455192, 0.03851966347337932, 0.035886652565560964, 0.03706389670944019, 0.02999469187132746, 0.029123168657597266, 0.017499559550087744, 0.02833607016019091, 0.018285569848547047, 0.009001085942643774, 0.0036600171154804783, 0.003409943742273044, 0.002094012051704671, 0.0006952917845353183, 0.0004357641261050026, 0.0004395037716249538, 0.00028080250023950897, 0.00015194697341084815, 9.519435974685771e-05, 5.910757785068822e-05, 4.3926030738266735e-05, 3.57197829043889e-05, 3.44068813431001e-05, 3.746871994812864e-05, 3.477480400206228e-05, 2.8528049055354822e-05, 1.62095610617371e-05, 9.179331734506321e-06, 4.573021262659584e-06, 3.379439633863816e-06, 2.782670901572172e-06, 1.8623902142044452e-06, 2.242708229110881e-06, 1.724739989980974e-06, 9.708530323444067e-07, 6.890128846627872e-07, 5.676582273935375e-07, 4.0483164775735286e-07, 3.737959700727198e-07, 3.2227097255159693e-07, 2.669069257166025e-07, 1.8828386658538173e-07, 1.5662202180377758e-07, 9.463178682915186e-08, 8.6409649604473e-08, 6.60489486922033e-08, 6.172376840040123e-08, 4.589576430984458e-08, 3.4955489359060725e-08, 3.1471784594340734e-08, 2.6909245889308946e-08, 2.2364583199904644e-08, 1.802886388812811e-08, 1.220936422279034e-08, 9.779220888820883e-09, 7.558984547496393e-09, 6.552834442010912e-09, 5.401886674470818e-09, 3.9553636959330935e-09, 3.0745928846301036e-09, 2.5685802391753027e-09, 2.0628797302194775e-09, 1.4561148908603834e-09, 1.1175565080510092e-09, 1.043738547475103e-09, 7.505894390757688e-10, 6.025303124549535e-10, 4.782059195873682e-10, 3.679684820218407e-10, 2.985356958381356e-10, 2.0447380877026544e-10, 1.433225516379597e-10, 1.1371894885730455e-10, 1.0306476823766983e-10, 9.02383501227756e-11, 6.799263449785894e-11, 4.909801095644982e-11], 'preconditioner metadata': [{}, {}, {}, {}, {}, {}, {}, {}, {}, {}, {}, {}, {}, {}, {}, {}, {}, {}, {}, {}, {}, {}, {}, {}, {}, {}, {}, {}, {}, {}, {}, {}, {}, {}, {}, {}, {}, {}, {}, {}, {}, {}, {}, {}, {}, {}, {}, {}, {}, {}, {}, {}, {}, {}, {}, {}, {}, {}, {}, {}, {}, {}, {}, {}, {}, {}, {}, {}, {}, {}, {}, {}, {}, {}, {}, {}, {}, {}, {}, {}, {}, {}, {}, {}, {}, {}]}",4.934634561117905e-11,,"[645.833740234375, 645.9777221679688, 646.18212890625, 645.5806274414062, 645.7041625976562, 645.5667724609375, 647.7449951171875, 646.29638671875, 646.0985717773438, 646.2132568359375]",[220.80181884765625],[1352.860595703125],[2168.5322265625],[12.407296180725098],[57.68608093261719],
2026-10-05T08:48:00.912450+00:00,continuous coefficient 2D,1,"uniform(2D,11)",S11,S10,C10,"CG(AdditiveSchwarz(torch.float32, Inv(torch.float16), CUDSS, const_dofs_per_coarse=False), bsr_matmul=True)",False,0,1,10,25165824,301916160,"{'iterations': 66, 'residual norms': [0.05415558022970685, 9.637117028805527, 8.73318432463418, 7.283445966148022, 2.3622602107096724, 1.1231170292618289, 0.49495752955091377, 0.24848528694444008, 0.10295105783150031, 0.04450874420415525, 0.029150498348208737, 0.022368853538839037, 0.01881999411639993, 0.01755696940278834, 0.013703763647388996, 0.004603032956745706, 0.0032977581011816516, 0.002832400414871027, 0.002294313954387376, 0.0011371945844983091, 0.0008484345241527, 0.0009470584683466372, 0.0005982678669404786, 0.00018816061849420275, 0.00011687111197392869, 0.00014343119577995856, 8.058803864103927e-05, 4.6717832305438396e-05, 3.998707337117845e-05, 2.252496469233428e-05, 1.912670070172147e-05, 1.4476699703626602e-05, 5.217125603803986e-06, 4.638413010038119e-06, 3.850546573549548e-06, 2.7734816892180307e-06, 2.5809558778597938e-06, 1.583853394921973e-06, 7.290415392247422e-07, 4.912151514875758e-07, 3.2543014555837483e-07, 3.231484749604233e-07, 2.457492957531219e-07, 1.845062492820508e-07, 1.1568885837320461e-07, 5.898143819514824e-08, 4.744294643007081e-08, 3.952577614639848e-08, 2.531747931270499e-08, 1.6260534930728977e-08, 1.165363819315533e-08, 9.027522576710892e-09, 8.300475508366273e-09, 5.4150584713410584e-09, 3.4294303031390924e-09, 1.7821643090639045e-09, 1.1467169653907311e-09, 8.655622036033307e-10, 7.614990101110149e-10, 6.72808112072327e-10, 3.8928945404973156e-10, 2.648154258553715e-10, 1.6036229296462547e-10, 1.2377387339954285e-10, 8.56365768287474e-11, 6.158357203906683e-11, 4.8318999157749067e-11], 'preconditioner metadata': [{}, {}, {}, {}, {}, {}, {}, {}, {}, {}, {}, {}, {}, {}, {}, {}, {}, {}, {}, {}, {}, {}, {}, {}, {}, {}, {}, {}, {}, {}, {}, {}, {}, {}, {}, {}, {}, {}, {}, {}, {}, {}, {}, {}, {}, {}, {}, {}, {}, {}, {}, {}, {}, {}, {}, {}, {}, {}, {}, {}, {}, {}, {}, {}, {}, {}]}",4.8518553763489685e-11,,"[679.5445556640625, 679.010986328125, 679.165283203125, 681.5916748046875, 682.2777099609375, 680.588134765625, 679.7271728515625, 678.480712890625, 678.8536376953125, 679.6414794921875]",[220.39280700683594],[1358.8465576171875],[2527.419921875],[12.442591667175293],[57.06611251831055],
2026-10-05T08:48:11.324368+00:00,continuous coefficient 2D,1,"uniform(2D,11)",S11,S10,C10,"CG(HybridSchwarz(torch.float32, Inv(torch.float16), CUDSS), bsr_matmul=True)",False,0,1,10,25165824,301916160,"{'iterations': 44, 'residual norms': [9.636199956463559, 8.712341872135237, 7.119990143695626, 2.1262452168731563, 0.806025383935389, 0.25859500972045374, 0.1178833762027765, 0.04626320389336294, 0.029191067127370365, 0.02570576200176252, 0.018787180800983877, 0.010484261738420642, 0.003528435969530759, 0.0013253096205975096, 0.0009916428049314863, 0.0007973246622931724, 0.00014880963401999025, 6.100834812317264e-05, 5.956796762282388e-05, 2.9392922785164276e-05, 1.4642610928908185e-05, 7.4018040004658335e-06, 6.413573177023616e-06, 3.7380584166908284e-06, 1.9411531370398413e-06, 8.790330697371528e-07, 3.126522477826872e-07, 1.807725056938388e-07, 1.1848430954833211e-07, 6.699635873818052e-08, 5.4915640873641374e-08, 2.696849788876621e-08, 1.8246275483508173e-08, 1.2079697993550288e-08, 9.086842328261497e-09, 4.172227922582322e-09, 2.4764355149696906e-09, 1.051346934254654e-09, 5.739027228866563e-10, 5.108737088403339e-10, 3.227980123264803e-10, 1.7280192044054428e-10, 8.810078377980983e-11, 5.941462857158308e-11, 3.42369248884602e-11], 'preconditioner metadata': [{}, {}, {}, {}, {}, {}, {}, {}, {}, {}, {}, {}, {}, {}, {}, {}, {}, {}, {}, {}, {}, {}, {}, {}, {}, {}, {}, {}, {}, {}, {}, {}, {}, {}, {}, {}, {}, {}, {}, {}, {}, {}, {}, {}]}",3.443490853142777e-11,,"[479.5596618652344, 480.5915832519531, 479.1238098144531, 478.90313720703125, 478.99951171875, 479.130126953125, 478.9498596191406, 479.2153625488281, 478.978759765625, 479.9788513183594]",[192.55865478515625],[1369.9903564453125],[2902.95654296875],[11.217023849487305],[10.856224060058594],
2026-10-05T08:48:25.463438+00:00,continuous coefficient 2D,1,"uniform(2D,11)",S11,S11,C10,"CG(AdditiveSchwarz(torch.float32, Inv(torch.float16), CUDSS, const_dofs_per_coarse=False), bsr_matmul=True)",False,0,1,10,25165824,301916160,"{'iterations': 67, 'residual norms': [0.054155580229706846, 9.637002690578775, 8.934361183763716, 7.226189007156312, 3.011875647079467, 1.3149638272600945, 0.674992891137118, 0.303294392254163, 0.02536878716006744, 0.02223222949788784, 0.028390618581258967, 0.009663396465260248, 0.005782529915190175, 0.005274707786867625, 0.0038578774180069576, 0.0022694866895381994, 0.0021214561521491508, 0.001537358145753367, 0.0011289509928700324, 0.0007865408638011785, 0.00038863853937313395, 0.0002711166631841375, 0.00016842382712869112, 0.0001649423080634838, 0.00011818811247934333, 9.126262068259734e-05, 5.779895953020324e-05, 3.3322382362161434e-05, 2.3624757696725813e-05, 1.3266656387819909e-05, 1.3214232770059437e-05, 9.235658916966768e-06, 6.6673581994870935e-06, 5.580187233625335e-06, 3.396790586035789e-06, 1.943695748888254e-06, 1.3295899046948884e-06, 9.020110035368659e-07, 6.697569190943129e-07, 5.80266200836586e-07, 4.81016870735132e-07, 2.8217526591400015e-07, 1.8534649283476374e-07, 1.1759517192479977e-07, 7.930445305324732e-08, 5.2809686256528415e-08, 4.8606061604432515e-08, 3.636086269487017e-08, 2.5385256462552418e-08, 1.7859972199037936e-08, 1.1970206323768746e-08, 7.88337841027224e-09, 5.240181344824144e-09, 4.211467609840414e-09, 2.8507167591783064e-09, 2.2594556175814565e-09, 1.7361468270955271e-09, 1.1097311311522627e-09, 7.152960447946338e-10, 5.406015244975988e-10, 4.388885768818908e-10, 2.88986109882681e-10, 2.1318241184406886e-10, 1.2468630102575335e-10, 9.559960592883042e-11, 7.234412656559817e-11, 5.6127823864115954e-11, 3.832759719448214e-11], 'preconditioner metadata': [{}, {}, {}, {}, {}, {}, {}, {}, {}, {}, {}, {}, {}, {}, {}, {}, {}, {}, {}, {}, {}, {}, {}, {}, {}, {}, {}, {}, {}, {}, {}, {}, {}, {}, {}, {}, {}, {}, {}, {}, {}, {}, {}, {}, {}, {}, {}, {}, {}, {}, {}, {}, {}, {}, {}, {}, {}, {}, {}, {}, {}, {}, {}, {}, {}, {}, {}]}",3.858142283297947e-11,,"[784.1019287109375, 783.899658203125, 784.0753784179688, 783.6917114257812, 784.166748046875, 783.7164916992188, 784.1781616210938, 785.0287475585938, 783.579833984375, 784.1258544921875]",[222.56541442871094],[1397.6048583984375],[2386.1943359375],[10.84614372253418],[62.65788650512695],
2026-10-05T08:48:37.653326+00:00,continuous coefficient 2D,1,"uniform(2D,11)",S11,S11,C10,"CG(HybridSchwarz(torch.float32, Inv(torch.float16), CUDSS), bsr_matmul=True)",False,0,1,10,25165824,301916160,"{'iterations': 50, 'residual norms': [9.636175036536633, 8.92652000739, 7.156535138330698, 2.8021058018807494, 1.3192364491943867, 0.6091539804742596, 0.04096993870544178, 0.03978801832361332, 0.04205286982400961, 0.01630428529182434, 0.006774300606348556, 0.0029444893902331004, 0.002298508205659575, 0.0013202495709655731, 0.0005741743795559938, 0.00045422425470573115, 0.00035035464793591406, 0.00023120861230036351, 0.00018659842819004977, 6.87728005142195e-05, 3.289804668130779e-05, 1.5146070985880984e-05, 8.998962972072599e-06, 5.967626112762854e-06, 4.0052103453092966e-06, 3.358637112504885e-06, 2.0348063843536454e-06, 1.3776937877980327e-06, 7.092907453534196e-07, 4.208239353778888e-07, 2.0090673607007536e-07, 1.3981664071177688e-07, 9.182411333626591e-08, 6.246356710909409e-08, 4.254509749840185e-08, 2.660482826808168e-08, 1.65912747748407e-08, 9.643107242460169e-09, 7.224292589049862e-09, 5.034507296293013e-09, 3.605979661831208e-09, 2.2018920383450855e-09, 1.2841661682370587e-09, 8.506241603608176e-10, 5.257673435701505e-10, 3.803596326773777e-10, 2.689859851408794e-10, 1.783492704888004e-10, 1.0639104320838955e-10, 6.426488204592117e-11, 4.313956558104446e-11], 'preconditioner metadata': [{}, {}, {}, {}, {}, {}, {}, {}, {}, {}, {}, {}, {}, {}, {}, {}, {}, {}, {}, {}, {}, {}, {}, {}, {}, {}, {}, {}, {}, {}, {}, {}, {}, {}, {}, {}, {}, {}, {}, {}, {}, {}, {}, {}, {}, {}, {}, {}, {}, {}]}",4.33139650869374e-11,,"[541.5762329101562, 539.1270751953125, 539.2194213867188, 539.1443481445312, 539.0044555664062, 539.2925415039062, 539.5226440429688, 539.4959106445312, 539.4963989257812, 541.2272338867188]",[220.61068725585938],[1375.5623779296875],[2988.6259765625],[11.817855834960938],[59.80467224121094],
2026-10-05T08:49:00.413549+00:00,continuous coefficient 2D,1,"uniform(2D,11)",S11,S11,C11,"CG(AdditiveSchwarz(torch.float32, Inv(torch.float16), CUDSS, const_dofs_per_coarse=False), bsr_matmul=True)",False,0,1,10,25165824,301916160,"{'iterations': 49, 'residual norms': [0.05415558022970685, 13.628082913977254, 5.53818062243068, 4.290573320470647, 1.9509856513959842, 0.19765768820141896, 0.02461111002770454, 0.008475019926831794, 0.005035652037990506, 0.006729840954961058, 0.003933096892388079, 0.002136824728656381, 0.0009869685259384865, 0.0004153881824415676, 0.00036874784936275303, 0.000240232221215371, 0.000181155122694496, 9.201534734921479e-05, 5.499327651354578e-05, 2.8316956756146918e-05, 2.0925035510365777e-05, 1.471309731355613e-05, 8.363470195664562e-06, 5.428206014454754e-06, 3.3969660280196345e-06, 2.450322302629257e-06, 1.3044317960959736e-06, 7.526086091750403e-07, 5.327492820245114e-07, 3.3497003493650245e-07, 2.1969269835365015e-07, 1.409077273206527e-07, 9.17624652115019e-08, 5.7435698297846135e-08, 3.230295032349423e-08, 1.944921958013494e-08, 1.4137723215442812e-08, 8.53804566441825e-09, 5.850181582575789e-09, 3.4220359970891455e-09, 2.3434057885218476e-09, 1.2695574139359528e-09, 7.9217013739773e-10, 5.877467630008824e-10, 3.7730583273931484e-10, 2.0520263510003504e-10, 1.307163815062331e-10, 8.448559918660544e-11, 5.838258676755135e-11, 3.1991699151054944e-11], 'preconditioner metadata': [{}, {}, {}, {}, {}, {}, {}, {}, {}, {}, {}, {}, {}, {}, {}, {}, {}, {}, {}, {}, {}, {}, {}, {}, {}, {}, {}, {}, {}, {}, {}, {}, {}, {}, {}, {}, {}, {}, {}, {}, {}, {}, {}, {}, {}, {}, {}, {}, {}]}",3.222044448533804e-11,,"[1231.575439453125, 1230.67822265625, 1231.181884765625, 1231.373779296875, 1234.734130859375, 1231.071044921875, 1231.8939208984375, 1230.711181640625, 1230.84326171875, 1231.826904296875]",[199.20547485351562],[1399.6959228515625],[5902.6162109375],[12.240575790405273],[72.37133026123047],
2026-10-05T08:49:20.646884+00:00,continuous coefficient 2D,1,"uniform(2D,11)",S11,S11,C11,"CG(HybridSchwarz(torch.float32, Inv(torch.float16), CUDSS), bsr_matmul=True)",False,0,1,10,25165824,301916160,"{'iterations': 36, 'residual norms': [13.622867583726629, 5.5301678984980915, 4.151192155966519, 0.20600457933590166, 0.038381720396390484, 0.015075173108519553, 0.00641184094007039, 0.003623376363757403, 0.003152590532898452, 0.0016324274535454014, 0.0005167557480653194, 0.00020998713744718717, 0.00012530674322282196, 7.680112950638915e-05, 4.639286900466835e-05, 2.158751277029651e-05, 1.0872298200854446e-05, 5.567877515677621e-06, 2.861236672995871e-06, 1.7300281770870477e-06, 1.030894431072039e-06, 4.990730893736768e-07, 2.618806355036903e-07, 1.3068190001677844e-07, 7.17994789580622e-08, 4.168383105740694e-08, 2.1489140082910073e-08, 1.2064484403397866e-08, 6.023275532608211e-09, 3.189305739157061e-09, 1.7814715805649826e-09, 1.0054213038151183e-09, 5.002940132650962e-10, 2.699714543098356e-10, 1.430492810450202e-10, 8.08578273558826e-11, 4.2994868632666006e-11], 'preconditioner metadata': [{}, {}, {}, {}, {}, {}, {}, {}, {}, {}, {}, {}, {}, {}, {}, {}, {}, {}, {}, {}, {}, {}, {}, {}, {}, {}, {}, {}, {}, {}, {}, {}, {}, {}, {}, {}]}",4.3130088727528984e-11,,"[899.7252197265625, 899.845458984375, 899.4154052734375, 899.450927734375, 899.3480834960938, 898.7728271484375, 899.0077514648438, 899.2157592773438, 899.0990600585938, 899.7394409179688]",[232.81983947753906],[1390.4766845703125],[6368.18505859375],[11.04089641571045],[58.49763107299805],
2026-10-05T08:49:54.278987+00:00,continuous coefficient 2D,1,"uniform(2D,11)",S11,S8,S8,"AdditiveSchwarz(torch.float32, Inv(torch.float16), CUDSS, const_dofs_per_coarse=False)",False,10,10,10,25165824,301916160,{},6.167787520249638,"{'preprocessing time': 4.992512226104736, 'coarse solver setup time': 1031.8023681640625, 'local solver setup time': 1259.110595703125, 'coarse solver solve time': 0.9905023574829102, 'local solver solve time': 6.604214477539062}","[8.126338958740234, 8.125325012207032, 8.127843475341797, 8.124915313720702, 8.127474975585937, 8.128828430175782, 8.128038024902343, 8.14189453125, 8.128521728515626, 8.127040100097656]",[232.77737426757812],[1416.546142578125],[5340.462890625],[12.324288368225098],[58.12736129760742],
2026-10-05T08:50:06.357864+00:00,continuous coefficient 2D,1,"uniform(2D,11)",S11,S8,S8,"HybridSchwarz(torch.float32, Inv(torch.float16), CUDSS)",False,10,10,10,25165824,301916160,{},6.166519776365727,"{'preprocessing time': 3.292896032333374, 'coarse solver setup time': 1043.16259765625, 'local solver setup time': 1257.069580078125, 'coarse solver solve time': 0.9791999816894531, 'local solver solve time': 6.602639770507812}","[8.640576171875, 8.642562866210938, 8.638531494140626, 8.643852996826173, 8.645481872558594, 8.641986846923828, 8.637766265869141, 8.640822601318359, 8.65008316040039, 8.64557113647461]",[2125.283447265625],[1406.2691650390625],[5785.35986328125],[11.408160209655762],[10.952544212341309],
2026-10-05T08:50:14.221610+00:00,continuous coefficient 2D,1,"uniform(2D,11)",S11,S9,S8,"AdditiveSchwarz(torch.float32, Inv(torch.float16), CUDSS, const_dofs_per_coarse=False)",False,10,10,10,25165824,301916160,{},6.166729237087464,"{'preprocessing time': 0.5002560019493103, 'coarse solver setup time': 1070.2730712890625, 'local solver setup time': 532.9407958984375, 'coarse solver solve time': 0.9872672080993652, 'local solver solve time': 1.709494400024414}","[3.231209564208984, 3.230633544921875, 3.232387161254883, 3.2328990936279296, 3.232758331298828, 3.231846237182617, 3.232064056396484, 3.2427806854248047, 3.234732818603516, 3.2309921264648436]",[2127.07666015625],[1403.5396728515625],[2689.634765625],[63.88240051269531],[11.590847969055176],
2026-10-05T08:50:21.290148+00:00,continuous coefficient 2D,1,"uniform(2D,11)",S11,S9,S8,"HybridSchwarz(torch.float32, Inv(torch.float16), CUDSS)",False,10,10,10,25165824,301916160,{},6.166386276115686,"{'preprocessing time': 0.5486400127410889, 'coarse solver setup time': 1036.618408203125, 'local solver setup time': 540.657958984375, 'coarse solver solve time': 0.988486385345459, 'local solver solve time': 1.7096672058105469}","[3.8585441589355467, 3.861974334716797, 3.857321548461914, 3.859913635253906, 3.8589313507080076, 3.861500930786133, 3.85849609375, 3.8586273193359375, 3.8605792999267576, 3.8705440521240235]",[833.8842163085938],[1414.3594970703125],[3107.36181640625],[10.770400047302246],[11.366592407226562],
2026-10-05T08:50:26.817167+00:00,continuous coefficient 2D,1,"uniform(2D,11)",S11,S10,S8,"AdditiveSchwarz(torch.float32, Inv(torch.float16), CUDSS, const_dofs_per_coarse=False)",False,10,10,10,25165824,301916160,{},6.166531733870024,"{'preprocessing time': 0.4641599953174591, 'coarse solver setup time': 1042.22802734375, 'local solver setup time': 325.1778259277344, 'coarse solver solve time': 0.9843999862670898, 'local solver solve time': 0.5367487907409668}","[2.495747184753418, 2.4897823333740234, 2.491257667541504, 2.490643119812012, 2.490185546875, 2.4908575057983398, 2.4909503936767576, 2.4903072357177733, 2.490991973876953, 2.4915903091430662]",[1009.0896606445312],[1408.851318359375],[1982.9171142578125],[10.909760475158691],[11.727807998657227],
2026-10-05T08:50:32.453976+00:00,continuous coefficient 2D,1,"uniform(2D,11)",S11,S10,S8,"HybridSchwarz(torch.float32, Inv(torch.float16), CUDSS)",False,10,10,10,25165824,301916160,{},6.166431844362704,"{'preprocessing time': 0.5267199873924255, 'coarse solver setup time': 1133.7125244140625, 'local solver setup time': 323.9474182128906, 'coarse solver solve time': 0.9869791984558105, 'local solver solve time': 0.5369760036468506}","[2.7860319137573244, 2.781180763244629, 2.7798559188842775, 2.780828857421875, 2.7842559814453125, 2.782076835632324, 2.7832799911499024, 2.780873680114746, 2.7824800491333006, 2.7816896438598633]",[413.7123718261719],[1415.7811279296875],[2519.364501953125],[10.793567657470703],[57.308128356933594],
2026-10-05T08:50:37.227340+00:00,continuous coefficient 2D,1,"uniform(2D,11)",S11,S11,S8,"AdditiveSchwarz(torch.float32, Inv(torch.float16), CUDSS, const_dofs_per_coarse=False)",False,10,10,10,25165824,301916160,{},6.16639517339967,"{'preprocessing time': 1.337280035018921, 'coarse solver setup time': 1029.1632080078125, 'local solver setup time': 294.82159423828125, 'coarse solver solve time': 0.9873727798461914, 'local solver solve time': 0.22720320224761964}","[2.0627487182617186, 2.0629247665405273, 2.0622079849243162, 2.0621824264526367, 2.0603200912475588, 2.0631776809692384, 2.0618719100952148, 2.062335968017578, 2.061148834228516, 2.0616992950439452]",[487.79486083984375],[1394.633056640625],[1819.343505859375],[11.743712425231934],[11.60649585723877],
2026-10-05T08:50:42.382652+00:00,continuous coefficient 2D,1,"uniform(2D,11)",S11,S11,S8,"HybridSchwarz(torch.float32, Inv(torch.float16), CUDSS)",False,10,10,10,25165824,301916160,{},6.166361330425318,"{'preprocessing time': 1.4253439903259277, 'coarse solver setup time': 1051.2362060546875, 'local solver setup time': 302.7627258300781, 'coarse solver solve time': 0.9880703926086426, 'local solver solve time': 0.22749760150909423}","[2.746294403076172, 2.755743980407715, 2.7412607192993166, 2.7566944122314454, 2.7641151428222654, 2.7494880676269533, 2.7662912368774415, 2.7459360122680665, 2.7600160598754884, 2.7426687240600587]",[271.88458251953125],[1384.2889404296875],[2294.711669921875],[11.620320320129395],[10.715392112731934],
2026-10-05T08:50:50.148985+00:00,continuous coefficient 2D,1,"uniform(2D,11)",S11,S9,S9,"AdditiveSchwarz(torch.float32, Inv(torch.float16), CUDSS, const_dofs_per_coarse=False)",False,10,10,10,25165824,301916160,{},8.147467523098678,"{'preprocessing time': 0.30025601387023926, 'coarse solver setup time': 1409.1634521484375, 'local solver setup time': 522.15185546875, 'coarse solver solve time': 2.610163116455078, 'local solver solve time': 1.7097888946533204}","[4.870652770996093, 4.871881484985352, 4.884249496459961, 4.887548828125, 4.865542221069336, 4.867644882202148, 4.868304061889648, 4.870892715454102, 4.869718551635742, 4.870790481567383]",[549.1052856445312],[1413.906982421875],[3667.078369140625],[62.21459197998047],[13.114656448364258],
2026-10-05T08:50:58.466171+00:00,continuous coefficient 2D,1,"uniform(2D,11)",S11,S9,S9,"HybridSchwarz(torch.float32, Inv(torch.float16), CUDSS)",False,10,10,10,25165824,301916160,{},8.147015432262807,"{'preprocessing time': 0.2986240088939667, 'coarse solver setup time': 1355.740966796875, 'local solver setup time': 527.3825073242188, 'coarse solver solve time': 2.607980728149414, 'local solver solve time': 1.7101055145263673}","[5.550630569458008, 5.5498046875, 5.551347351074218, 5.54760627746582, 5.549769592285156, 5.548412704467774, 5.550972747802734, 5.552713775634766, 5.551555252075195, 5.566121673583984]",[825.8280639648438],[1416.619384765625],[4064.91796875],[12.139488220214844],[62.31990432739258],
2026-10-05T08:51:05.119367+00:00,continuous coefficient 2D,1,"uniform(2D,11)",S11,S10,S9,"AdditiveSchwarz(torch.float32, Inv(torch.float16), CUDSS, const_dofs_per_coarse=False)",False,10,10,10,25165824,301916160,{},8.147301640325798,"{'preprocessing time': 0.3600960075855255, 'coarse solver setup time': 1355.1177978515625, 'local solver setup time': 311.5733642578125, 'coarse solver solve time': 2.6056127548217773, 'local solver solve time': 0.5372000217437745}","[4.00379524230957, 3.9917057037353514, 3.9916927337646486, 3.993084716796875, 3.9924480438232424, 3.990854263305664, 3.9920703887939455, 3.98985595703125, 3.9910335540771484, 3.9914272308349608]",[924.1022338867188],[1400.4542236328125],[2932.064453125],[11.551648139953613],[13.317760467529297],
2026-10-05T08:51:12.113246+00:00,continuous coefficient 2D,1,"uniform(2D,11)",S11,S10,S9,"HybridSchwarz(torch.float32, Inv(torch.float16), CUDSS)",False,10,10,10,25165824,301916160,{},8.14717065315443,"{'preprocessing time': 0.550432026386261, 'coarse solver setup time': 1362.59423828125, 'local solver setup time': 318.3354187011719, 'coarse solver solve time': 2.6033567428588866, 'local solver solve time': 0.537011194229126}","[4.45623664855957, 4.419100952148438, 4.422108840942383, 4.436236953735351, 4.435699081420898, 4.438185501098633, 4.42347526550293, 4.422895812988282, 4.437286376953125, 4.427734375]",[373.8781433105469],[1389.0897216796875],[3394.30126953125],[64.64796447753906],[13.792351722717285],
2026-10-05T08:51:19.098451+00:00,continuous coefficient 2D,1,"uniform(2D,11)",S11,S11,S9,"AdditiveSchwarz(torch.float32, Inv(torch.float16), CUDSS, const_dofs_per_coarse=False)",False,10,10,10,25165824,301916160,{},8.14702215885367,"{'preprocessing time': 0.43251198530197144, 'coarse solver setup time': 1401.414306640625, 'local solver setup time': 288.29144287109375, 'coarse solver solve time': 2.6063264846801757, 'local solver solve time': 0.2274240016937256}","[5.609443283081054, 5.622348785400391, 5.622867202758789, 5.608992004394532, 5.621091079711914, 5.609286499023438, 5.608844757080078, 5.6065185546875, 5.606899261474609, 5.6072032928466795]",[610.7453002929688],[1411.849365234375],[2832.813232421875],[11.710399627685547],[14.68342399597168],
2026-10-05T08:51:25.807602+00:00,continuous coefficient 2D,1,"uniform(2D,11)",S11,S11,S9,"HybridSchwarz(torch.float32, Inv(torch.float16), CUDSS)",False,10,10,10,25165824,301916160,{},8.146977300315749,"{'preprocessing time': 0.4224959909915924, 'coarse solver setup time': 1468.5830078125, 'local solver setup time': 292.69757080078125, 'coarse solver solve time': 2.605356788635254, 'local solver solve time': 0.2275775909423828}","[4.463276672363281, 4.468975830078125, 4.467075347900391, 4.467014312744141, 4.465427017211914, 4.48023681640625, 4.465903854370117, 4.4672607421875, 4.466819381713867, 4.465731048583985]",[320.8924865722656],[1422.6341552734375],[3349.9345703125],[11.57158374786377],[18.627071380615234],
2026-10-05T08:51:37.999853+00:00,continuous coefficient 2D,1,"uniform(2D,11)",S11,S10,S10,"AdditiveSchwarz(torch.float32, Inv(torch.float16), CUDSS, const_dofs_per_coarse=False)",False,10,10,10,25165824,301916160,{},9.697359508598726,"{'preprocessing time': 0.5625600218772888, 'coarse solver setup time': 3090.93017578125, 'local solver setup time': 277.7123718261719, 'coarse solver solve time': 8.777190399169921, 'local solver solve time': 0.5370207786560058}","[10.387773132324218, 10.381731414794922, 10.387593841552734, 10.391465759277343, 10.378765106201172, 10.390431976318359, 10.389635467529297, 10.381366729736328, 10.385395050048828, 10.387580871582031]",[561.8392333984375],[1422.05078125],[7107.89111328125],[67.21977233886719],[16.140287399291992],
2026-10-05T08:51:50.524110+00:00,continuous coefficient 2D,1,"uniform(2D,11)",S11,S10,S10,"HybridSchwarz(torch.float32, Inv(torch.float16), CUDSS)",False,10,10,10,25165824,301916160,{},9.69719908979339,"{'preprocessing time': 0.5713919997215271, 'coarse solver setup time': 2874.120849609375, 'local solver setup time': 282.9770202636719, 'coarse solver solve time': 8.786905670166016, 'local solver solve time': 0.5367839813232422}","[10.94549789428711, 10.944425964355469, 10.956047821044923, 10.945536041259766, 10.944429016113281, 10.963859558105469, 10.954815673828126, 10.958892822265625, 10.939600372314453, 10.942880249023437]",[476.84686279296875],[1418.5657958984375],[7344.16455078125],[11.711551666259766],[82.49241638183594],
2026-10-05T08:52:02.493513+00:00,continuous coefficient 2D,1,"uniform(2D,11)",S11,S11,S10,"AdditiveSchwarz(torch.float32, Inv(torch.float16), CUDSS, const_dofs_per_coarse=False)",False,10,10,10,25165824,301916160,{},9.697246095410067,"{'preprocessing time': 0.7052800059318542, 'coarse solver setup time': 3071.323974609375, 'local solver setup time': 257.8084411621094, 'coarse solver solve time': 8.774835205078125, 'local solver solve time': 0.22745919227600098}","[11.560015869140624, 11.559497833251953, 11.573616027832031, 11.556345367431641, 11.56497573852539, 11.588543701171876, 11.587910461425782, 11.56505889892578, 11.560758209228515, 11.573155212402344]",[563.0961303710938],[1427.434326171875],[6941.7177734375],[11.388223648071289],[10.93727970123291],
2026-10-05T08:52:14.839438+00:00,continuous coefficient 2D,1,"uniform(2D,11)",S11,S11,S10,"HybridSchwarz(torch.float32, Inv(torch.float16), CUDSS)",False,10,10,10,25165824,301916160,{},9.69719906760525,"{'preprocessing time': 0.6953279972076416, 'coarse solver setup time': 2896.176513671875, 'local solver setup time': 259.8275451660156, 'coarse solver solve time': 8.773442840576172, 'local solver solve time': 0.22687039375305176}","[10.789033508300781, 10.792742156982422, 10.779366302490235, 10.781094360351563, 10.793161773681641, 10.790335845947265, 10.784166717529297, 10.787939453125, 10.787545776367187, 10.788604736328125]",[369.9071350097656],[1405.3203125],[7215.0615234375],[11.031392097473145],[11.565471649169922],
2026-10-05T08:52:48.131194+00:00,continuous coefficient 2D,1,"uniform(2D,11)",S11,S11,S11,"AdditiveSchwarz(torch.float32, Inv(torch.float16), CUDSS, const_dofs_per_coarse=False)",False,10,10,10,25165824,301916160,{},5.778992190506973,"{'preprocessing time': 1.6980799436569214, 'coarse solver setup time': 10059.8271484375, 'local solver setup time': 161.39642333984375, 'coarse solver solve time': 31.33656005859375, 'local solver solve time': 0.22811520099639893}","[35.00087280273438, 35.002294921875, 35.01087951660156, 35.00025634765625, 35.0050048828125, 34.997232055664064, 34.99107666015625, 35.000848388671876, 34.993035888671876, 35.004782104492186]",[614.2291259765625],[1402.7960205078125],[22863.720703125],[11.71894359588623],[56.948768615722656],
2026-10-05T08:53:20.927390+00:00,continuous coefficient 2D,1,"uniform(2D,11)",S11,S11,S11,"HybridSchwarz(torch.float32, Inv(torch.float16), CUDSS)",False,10,10,10,25165824,301916160,{},5.778953212067676,"{'preprocessing time': 1.6924480199813843, 'coarse solver setup time': 10184.5888671875, 'local solver setup time': 127.318115234375, 'coarse solver solve time': 31.36959228515625, 'local solver solve time': 0.22806720733642577}","[34.541220092773436, 34.559103393554686, 34.54971923828125, 34.53143310546875, 34.552862548828124, 34.544430541992185, 34.529638671875, 34.54102478027344, 34.54207153320313, 34.54053649902344]",[377.2371826171875],[1408.319091796875],[23399.095703125],[11.826720237731934],[58.50707244873047],
2026-10-05T08:53:25.565519+00:00,continuous coefficient 2D,1,"uniform(2D,11)",S11,C8,C8,"AdditiveSchwarz(torch.float32, Inv(torch.float16), CUDSS, const_dofs_per_coarse=False)",False,10,10,10,25165824,301916160,,,,,,,,,,"CUDA out of memory. Tried to allocate 36.00 GiB. GPU 0 has a total capacity of 79.25 GiB of which 2.61 GiB is free. Including non-PyTorch memory, this process has 76.63 GiB memory in use. Of the allocated memory 75.83 GiB is allocated by PyTorch, and 245.65 MiB is reserved by PyTorch but unallocated. If reserved but unallocated memory is large try setting PYTORCH_CUDA_ALLOC_CONF=expandable_segments:True to avoid fragmentation.  See documentation for Memory Management  (https://pytorch.org/docs/stable/notes/cuda.html#environment-variables)"
2026-10-05T08:53:30.901293+00:00,continuous coefficient 2D,1,"uniform(2D,11)",S11,C8,C8,"HybridSchwarz(torch.float32, Inv(torch.float16), CUDSS)",False,10,10,10,25165824,301916160,,,,,,,,,,"CUDA out of memory. Tried to allocate 36.00 GiB. GPU 0 has a total capacity of 79.25 GiB of which 2.61 GiB is free. Including non-PyTorch memory, this process has 76.63 GiB memory in use. Of the allocated memory 75.83 GiB is allocated by PyTorch, and 245.65 MiB is reserved by PyTorch but unallocated. If reserved but unallocated memory is large try setting PYTORCH_CUDA_ALLOC_CONF=expandable_segments:True to avoid fragmentation.  See documentation for Memory Management  (https://pytorch.org/docs/stable/notes/cuda.html#environment-variables)"
2026-10-05T08:53:39.458600+00:00,continuous coefficient 2D,1,"uniform(2D,11)",S11,C9,C8,"AdditiveSchwarz(torch.float32, Inv(torch.float16), CUDSS, const_dofs_per_coarse=False)",False,10,10,10,25165824,301916160,{},4.819071962053959,"{'preprocessing time': 0.2906560003757477, 'coarse solver setup time': 976.690185546875, 'local solver setup time': 774.203369140625, 'coarse solver solve time': 0.823145580291748, 'local solver solve time': 3.288438415527344}","[4.645660781860352, 4.646384048461914, 4.646073532104492, 4.645904159545898, 4.647808074951172, 4.644768142700196, 4.6493377685546875, 4.648064041137696, 4.649375915527344, 4.645366287231445]",[1075.57177734375],[1391.6053466796875],[3403.18701171875],[12.024352073669434],[10.86729621887207],
2026-10-05T08:53:47.834958+00:00,continuous coefficient 2D,1,"uniform(2D,11)",S11,C9,C8,"HybridSchwarz(torch.float32, Inv(torch.float16), CUDSS)",False,10,10,10,25165824,301916160,{},4.81831221699631,"{'preprocessing time': 0.26739200949668884, 'coarse solver setup time': 1032.868896484375, 'local solver setup time': 785.811767578125, 'coarse solver solve time': 0.8242912292480469, 'local solver solve time': 3.2884254455566406}","[5.172860717773437, 5.177795028686523, 5.175116729736328, 5.173936080932617, 5.176412963867188, 5.1752574920654295, 5.175507354736328, 5.173664093017578, 5.178182220458984, 5.172627258300781]",[225.7352294921875],[1411.540283203125],[3898.64013671875],[11.406208038330078],[12.664575576782227],
2026-10-05T08:53:54.122403+00:00,continuous coefficient 2D,1,"uniform(2D,11)",S11,C10,C8,"AdditiveSchwarz(torch.float32, Inv(torch.float16), CUDSS, const_dofs_per_coarse=False)",False,10,10,10,25165824,301916160,{},4.818375120451718,"{'preprocessing time': 0.2874560058116913, 'coarse solver setup time': 988.53466796875, 'local solver setup time': 360.5725402832031, 'coarse solver solve time': 0.8225088119506836, 'local solver solve time': 0.9251680374145508}","[2.3932640075683596, 2.3932064056396483, 2.393894386291504, 2.3950368881225588, 2.3934879302978516, 2.395305633544922, 2.392633628845215, 2.3945215225219725, 2.3920160293579102, 2.394339179992676]",[219.09811401367188],[1399.95751953125],[2057.1279296875],[12.363743782043457],[11.978240013122559],
2026-10-05T08:54:00.989395+00:00,continuous coefficient 2D,1,"uniform(2D,11)",S11,C10,C8,"HybridSchwarz(torch.float32, Inv(torch.float16), CUDSS)",False,10,10,10,25165824,301916160,{},4.818167172850761,"{'preprocessing time': 0.28563201427459717, 'coarse solver setup time': 973.5542602539062, 'local solver setup time': 359.51312255859375, 'coarse solver solve time': 0.8230624198913574, 'local solver solve time': 0.9259615898132324}","[2.9214176177978515, 2.9193279266357424, 2.921379280090332, 2.9197792053222655, 2.9245536804199217, 2.922380828857422, 2.9216352462768556, 2.9209407806396483, 2.9190176010131834, 2.9217824935913086]",[209.26573181152344],[1409.237060546875],[2469.39990234375],[10.916031837463379],[11.91478443145752],
2026-10-05T08:54:08.320020+00:00,continuous coefficient 2D,1,"uniform(2D,11)",S11,C11,C8,"AdditiveSchwarz(torch.float32, Inv(torch.float16), CUDSS, const_dofs_per_coarse=False)",False,10,10,10,25165824,301916160,{},4.818218844204888,"{'preprocessing time': 0.1855040043592453, 'coarse solver setup time': 1007.8717041015625, 'local solver setup time': 307.11212158203125, 'coarse solver solve time': 0.8238400459289551, 'local solver solve time': 0.318668794631958}","[1.8166208267211914, 1.8171072006225586, 1.8177631378173829, 1.8157312393188476, 1.8151552200317382, 1.817103958129883, 1.8149887084960938, 1.8293216705322266, 1.81628475189209, 1.8185535430908204]",[208.0153350830078],[1409.6724853515625],[1779.4522705078125],[11.08191967010498],[11.074080467224121],
2026-10-05T08:54:16.414150+00:00,continuous coefficient 2D,1,"uniform(2D,11)",S11,C11,C8,"HybridSchwarz(torch.float32, Inv(torch.float16), CUDSS)",False,10,10,10,25165824,301916160,{},4.818156763958178,"{'preprocessing time': 0.1958719938993454, 'coarse solver setup time': 973.8621215820312, 'local solver setup time': 301.9122619628906, 'coarse solver solve time': 0.8234368324279785, 'local solver solve time': 0.3195872068405151}","[2.4581151962280274, 2.4562944412231444, 2.453574371337891, 2.452729606628418, 2.456252861022949, 2.470867156982422, 2.461919975280762, 2.453887939453125, 2.4723487854003907, 2.455913543701172]",[498.28302001953125],[1411.7874755859375],[2168.637939453125],[10.93558406829834],[10.816096305847168],
2026-10-05T08:54:25.045642+00:00,continuous coefficient 2D,1,"uniform(2D,11)",S11,C9,C9,"AdditiveSchwarz(torch.float32, Inv(torch.float16), CUDSS, const_dofs_per_coarse=False)",False,10,10,10,25165824,301916160,{},6.815073093906142,"{'preprocessing time': 0.2836480140686035, 'coarse solver setup time': 1180.569091796875, 'local solver setup time': 773.62060546875, 'coarse solver solve time': 1.758527946472168, 'local solver solve time': 3.2878273010253904}","[5.585897445678711, 5.578511810302734, 5.581983947753907, 5.581734466552734, 5.578099060058594, 5.5824638366699215, 5.585049438476562, 5.580009460449219, 5.578531265258789, 5.579865646362305]",[205.4510040283203],[1405.6973876953125],[3982.014404296875],[11.481311798095703],[58.0843505859375],
2026-10-05T08:54:34.312928+00:00,continuous coefficient 2D,1,"uniform(2D,11)",S11,C9,C9,"HybridSchwarz(torch.float32, Inv(torch.float16), CUDSS)",False,10,10,10,25165824,301916160,{},6.814005351825499,"{'preprocessing time': 0.3421440124511719, 'coarse solver setup time': 1158.8330078125, 'local solver setup time': 769.703857421875, 'coarse solver solve time': 1.7576671600341798, 'local solver solve time': 3.2892383575439452}","[6.149420928955078, 6.150102233886718, 6.1492961883544925, 6.1480766296386715, 6.147548675537109, 6.148092651367188, 6.160857772827148, 6.167011260986328, 6.149612808227539, 6.153424072265625]",[243.23965454101562],[1423.4661865234375],[4403.3271484375],[10.90550422668457],[11.330559730529785],
2026-10-05T08:54:42.031343+00:00,continuous coefficient 2D,1,"uniform(2D,11)",S11,C10,C9,"AdditiveSchwarz(torch.float32, Inv(torch.float16), CUDSS, const_dofs_per_coarse=False)",False,10,10,10,25165824,301916160,{},6.814301520703344,"{'preprocessing time': 0.2919679880142212, 'coarse solver setup time': 1188.0870361328125, 'local solver setup time': 351.14166259765625, 'coarse solver solve time': 1.7583135604858398, 'local solver solve time': 0.9262207984924317}","[3.2615966796875, 3.2624160766601564, 3.2592769622802735, 3.2615806579589846, 3.2603679656982423, 3.261548614501953, 3.260879898071289, 3.259881591796875, 3.263011169433594, 3.2642913818359376]",[276.33807373046875],[1396.8507080078125],[2622.01220703125],[10.964735984802246],[11.597951889038086],
2026-10-05T08:54:49.809484+00:00,continuous coefficient 2D,1,"uniform(2D,11)",S11,C10,C9,"HybridSchwarz(torch.float32, Inv(torch.float16), CUDSS)",False,10,10,10,25165824,301916160,{},6.814011158450574,"{'preprocessing time': 0.29260799288749695, 'coarse solver setup time': 1206.3583984375, 'local solver setup time': 354.435302734375, 'coarse solver solve time': 1.757651138305664, 'local solver solve time': 0.9254336357116699}","[3.8634944915771485, 3.8612350463867187, 3.87072639465332, 3.8669567108154297, 3.878876876831055, 3.8630496978759767, 3.8751361846923826, 3.866864013671875, 3.888755035400391, 3.864815902709961]",[329.7665710449219],[1414.7940673828125],[3089.188232421875],[12.842495918273926],[38.25766372680664],
2026-10-05T08:54:58.217756+00:00,continuous coefficient 2D,1,"uniform(2D,11)",S11,C11,C9,"AdditiveSchwarz(torch.float32, Inv(torch.float16), CUDSS, const_dofs_per_coarse=False)",False,10,10,10,25165824,301916160,{},6.81420906719546,"{'preprocessing time': 0.3365119993686676, 'coarse solver setup time': 1174.6588134765625, 'local solver setup time': 297.9521179199219, 'coarse solver solve time': 1.7589056015014648, 'local solver solve time': 0.31923201084136965}","[3.626665496826172, 3.621692657470703, 3.6270977020263673, 3.622732925415039, 3.623187255859375, 3.624739074707031, 3.6237537384033205, 3.6249919891357423, 3.6299713134765623, 3.62529296875]",[252.58486938476562],[1427.3916015625],[2312.954833984375],[11.066335678100586],[12.307904243469238],
2026-10-05T08:55:07.329879+00:00,continuous coefficient 2D,1,"uniform(2D,11)",S11,C11,C9,"HybridSchwarz(torch.float32, Inv(torch.float16), CUDSS)",False,10,10,10,25165824,301916160,{},6.814125578771356,"{'preprocessing time': 0.3428800106048584, 'coarse solver setup time': 1201.8023681640625, 'local solver setup time': 297.67333984375, 'coarse solver solve time': 1.7603103637695312, 'local solver solve time': 0.31936960220336913}","[3.453583908081055, 3.464467239379883, 3.452012634277344, 3.4562110900878906, 3.4492160797119142, 3.452016067504883, 3.451171112060547, 3.452044677734375, 3.4498878479003907, 3.450675201416016]",[207.0300750732422],[1400.3990478515625],[2796.369873046875],[10.900992393493652],[10.827808380126953],
2026-10-05T08:55:17.747817+00:00,continuous coefficient 2D,1,"uniform(2D,11)",S11,C10,C10,"AdditiveSchwarz(torch.float32, Inv(torch.float16), CUDSS, const_dofs_per_coarse=False)",False,10,10,10,25165824,301916160,{},9.636499593491616,"{'preprocessing time': 0.38815999031066895, 'coarse solver setup time': 2066.191650390625, 'local solver setup time': 329.657470703125, 'coarse solver solve time': 5.0833984375, 'local solver solve time': 0.9252511978149414}","[6.666515350341797, 6.668736267089844, 6.691516876220703, 6.664310455322266, 6.675325012207031, 6.664582061767578, 6.6700286865234375, 6.669261169433594, 6.672361755371094, 6.678102111816406]",[331.8346252441406],[1408.15087890625],[4810.98779296875],[11.655200004577637],[57.29004669189453],
2026-10-05T08:55:28.324280+00:00,continuous coefficient 2D,1,"uniform(2D,11)",S11,C10,C10,"HybridSchwarz(torch.float32, Inv(torch.float16), CUDSS)",False,10,10,10,25165824,301916160,{},9.636096647285113,"{'preprocessing time': 0.37836799025535583, 'coarse solver setup time': 1897.3890380859375, 'local solver setup time': 327.56378173828125, 'coarse solver solve time': 5.085663986206055, 'local solver solve time': 0.9266079902648926}","[7.355388641357422, 7.3480224609375, 7.352787017822266, 7.35810546875, 7.355619049072265, 7.3547203063964846, 7.366777801513672, 7.348912048339844, 7.351599884033203, 7.355510711669922]",[232.6394805908203],[1406.1268310546875],[5092.77880859375],[11.578304290771484],[12.194463729858398],
2026-10-05T08:55:39.284224+00:00,continuous coefficient 2D,1,"uniform(2D,11)",S11,C11,C10,"AdditiveSchwarz(torch.float32, Inv(torch.float16), CUDSS, const_dofs_per_coarse=False)",False,10,10,10,25165824,301916160,{},9.636345069256855,"{'preprocessing time': 0.4580479860305786, 'coarse solver setup time': 1932.9619140625, 'local solver setup time': 268.8192443847656, 'coarse solver solve time': 5.085641479492187, 'local solver solve time': 0.31968638896942136}","[6.8229248046875, 6.833977508544922, 6.840557098388672, 6.82581787109375, 6.810848236083984, 6.826367950439453, 6.809744262695313, 6.80302734375, 6.812207794189453, 6.821132659912109]",[212.4014129638672],[1391.300537109375],[4374.01123046875],[11.683263778686523],[10.949919700622559],
2026-10-05T08:55:50.527541+00:00,continuous coefficient 2D,1,"uniform(2D,11)",S11,C11,C10,"HybridSchwarz(torch.float32, Inv(torch.float16), CUDSS)",False,10,10,10,25165824,301916160,{},9.636236845020685,"{'preprocessing time': 0.45980799198150635, 'coarse solver setup time': 1879.4990234375, 'local solver setup time': 266.915771484375, 'coarse solver solve time': 5.085193634033203, 'local solver solve time': 0.3190943956375122}","[6.857167816162109, 6.864784240722656, 6.8574882507324215, 6.854579162597656, 6.852793884277344, 6.8633567810058596, 6.861126708984375, 6.8564704895019535, 6.87273941040039, 6.855705261230469]",[203.9035186767578],[1404.94775390625],[4770.0205078125],[13.279999732971191],[10.92467212677002],
2026-10-05T08:56:12.988021+00:00,continuous coefficient 2D,1,"uniform(2D,11)",S11,C11,C11,"AdditiveSchwarz(torch.float32, Inv(torch.float16), CUDSS, const_dofs_per_coarse=False)",False,10,10,10,25165824,301916160,{},13.622994746634339,"{'preprocessing time': 0.9620800018310547, 'coarse solver setup time': 4909.6650390625, 'local solver setup time': 154.53103637695312, 'coarse solver solve time': 18.23975372314453, 'local solver solve time': 0.31958398818969724}","[20.395989990234376, 20.407318115234375, 20.393881225585936, 20.397247314453125, 20.408285522460936, 20.389158630371092, 20.393865966796874, 20.395811462402342, 20.409580993652344, 20.444808959960938]",[205.57810974121094],[1398.7802734375],[12504.1826171875],[10.93295955657959],[13.838624000549316],
2026-10-05T08:56:36.046853+00:00,continuous coefficient 2D,1,"uniform(2D,11)",S11,C11,C11,"HybridSchwarz(torch.float32, Inv(torch.float16), CUDSS)",False,10,10,10,25165824,301916160,{},13.622825074174292,"{'preprocessing time': 0.9819200038909912, 'coarse solver setup time': 4945.0146484375, 'local solver setup time': 159.75088500976562, 'coarse solver solve time': 18.24042205810547, 'local solver solve time': 0.31963839530944826}","[20.629557800292968, 20.627296447753906, 20.63642578125, 20.62139129638672, 20.64904327392578, 20.624659729003906, 20.62841033935547, 20.62274169921875, 20.625404357910156, 20.635037231445313]",[209.08639526367188],[1441.575439453125],[12982.248046875],[11.52847957611084],[14.856831550598145],
2026-10-05T08:56:45.669491+00:00,continuous coefficient 2D,1,"uniform(2D,11)",S11,S8,C8,"AdditiveSchwarz(torch.float32, Inv(torch.float16), CUDSS, const_dofs_per_coarse=False)",False,10,10,10,25165824,301916160,{},4.819539735064375,"{'preprocessing time': 3.291071891784668, 'coarse solver setup time': 983.2926635742188, 'local solver setup time': 1262.8670654296875, 'coarse solver solve time': 0.8275424003601074, 'local solver solve time': 6.6037437438964846}","[7.964662170410156, 7.963897705078125, 7.964070129394531, 7.960492706298828, 7.964316558837891, 7.971971130371093, 7.9646049499511715, 7.965984344482422, 7.977884674072266, 7.9627197265625]",[560.754150390625],[1396.3565673828125],[5226.63916015625],[11.878432273864746],[57.418113708496094],
2026-10-05T08:56:57.382342+00:00,continuous coefficient 2D,1,"uniform(2D,11)",S11,S8,C8,"HybridSchwarz(torch.float32, Inv(torch.float16), CUDSS)",False,10,10,10,25165824,301916160,{},4.8184873728848725,"{'preprocessing time': 3.327615976333618, 'coarse solver setup time': 1010.877685546875, 'local solver setup time': 1268.250732421875, 'coarse solver solve time': 0.8215488433837891, 'local solver solve time': 6.602595520019531}","[8.457408142089843, 8.459548950195312, 8.457990264892578, 8.460681915283203, 8.456864166259766, 8.455567932128906, 8.459715270996094, 8.457891082763672, 8.457389068603515, 8.458876800537109]",[2119.530517578125],[1400.3983154296875],[5685.05078125],[11.12883186340332],[57.045982360839844],
2026-10-05T08:57:04.922138+00:00,continuous coefficient 2D,1,"uniform(2D,11)",S11,S9,C8,"AdditiveSchwarz(torch.float32, Inv(torch.float16), CUDSS, const_dofs_per_coarse=False)",False,10,10,10,25165824,301916160,{},4.818567421247732,"{'preprocessing time': 0.31891199946403503, 'coarse solver setup time': 1010.6206665039062, 'local solver setup time': 533.0908203125, 'coarse solver solve time': 0.8249792098999024, 'local solver solve time': 1.7097696304321288}","[3.0840127944946287, 3.1087583541870116, 3.0829952239990233, 3.083196830749512, 3.0923776626586914, 3.0824480056762695, 3.084201622009277, 3.0847871780395506, 3.0856063842773436, 3.0842655181884764]",[2100.361572265625],[1396.8062744140625],[2565.617431640625],[13.478431701660156],[57.102657318115234],
2026-10-05T08:57:11.419687+00:00,continuous coefficient 2D,1,"uniform(2D,11)",S11,S9,C8,"HybridSchwarz(torch.float32, Inv(torch.float16), CUDSS)",False,10,10,10,25165824,301916160,{},4.818272015405299,"{'preprocessing time': 0.2874239981174469, 'coarse solver setup time': 969.1490478515625, 'local solver setup time': 535.543701171875, 'coarse solver solve time': 0.8240991592407226, 'local solver solve time': 1.7099039077758789}","[3.6809310913085938, 3.680217742919922, 3.6831680297851563, 3.684463882446289, 3.6755584716796874, 3.6785823822021486, 3.679289627075195, 3.6798175811767577, 3.6795230865478517, 3.6980159759521483]",[649.8314208984375],[1412.1959228515625],[2954.451171875],[12.617183685302734],[10.9683198928833],
2026-10-05T08:57:16.809217+00:00,continuous coefficient 2D,1,"uniform(2D,11)",S11,S10,C8,"AdditiveSchwarz(torch.float32, Inv(torch.float16), CUDSS, const_dofs_per_coarse=False)",False,10,10,10,25165824,301916160,{},4.818228200370611,"{'preprocessing time': 0.20441600680351257, 'coarse solver setup time': 1001.7977294921875, 'local solver setup time': 323.6636657714844, 'coarse solver solve time': 0.8233728408813477, 'local solver solve time': 0.5368447780609131}","[2.0830720901489257, 2.0848608016967773, 2.0856063842773436, 2.087926483154297, 2.0991680145263674, 2.0838655471801757, 2.0839744567871095, 2.0819135665893556, 2.0830015182495116, 2.0864351272583006]",[590.221923828125],[1429.1641845703125],[1876.93603515625],[12.286687850952148],[51.44435119628906],
2026-10-05T08:57:22.122026+00:00,continuous coefficient 2D,1,"uniform(2D,11)",S11,S10,C8,"HybridSchwarz(torch.float32, Inv(torch.float16), CUDSS)",False,10,10,10,25165824,301916160,{},4.818135664329484,"{'preprocessing time': 0.18595199286937714, 'coarse solver setup time': 972.8094482421875, 'local solver setup time': 322.3409729003906, 'coarse solver solve time': 0.8230431556701661, 'local solver solve time': 0.5370751857757569}","[2.633087921142578, 2.643830490112305, 2.6350528717041017, 2.6504095077514647, 2.6327327728271483, 2.631657600402832, 2.631407928466797, 2.6345983505249024, 2.631161689758301, 2.636454391479492]",[203.39817810058594],[1413.0125732421875],[2275.553466796875],[11.41875171661377],[11.32044792175293],
2026-10-05T08:57:27.584541+00:00,continuous coefficient 2D,1,"uniform(2D,11)",S11,S11,C8,"AdditiveSchwarz(torch.float32, Inv(torch.float16), CUDSS, const_dofs_per_coarse=False)",False,10,10,10,25165824,301916160,{},4.818191559319087,"{'preprocessing time': 0.11840000003576279, 'coarse solver setup time': 974.982666015625, 'local solver setup time': 299.7581787109375, 'coarse solver solve time': 0.8222399711608886, 'local solver solve time': 0.22727999687194825}","[1.7942272186279298, 1.7948192596435546, 1.7943103790283204, 1.7951679229736328, 1.7952192306518555, 1.794816017150879, 1.7934240341186523, 1.793939208984375, 1.7944864273071288, 1.7941791534423828]",[207.94044494628906],[1395.5006103515625],[1701.739990234375],[12.232799530029297],[11.47327995300293],
2026-10-05T08:57:33.504362+00:00,continuous coefficient 2D,1,"uniform(2D,11)",S11,S11,C8,"HybridSchwarz(torch.float32, Inv(torch.float16), CUDSS)",False,10,10,10,25165824,301916160,{},4.8181603619226205,"{'preprocessing time': 0.11900799721479416, 'coarse solver setup time': 967.667724609375, 'local solver setup time': 298.5662536621094, 'coarse solver solve time': 0.8222208023071289, 'local solver solve time': 0.2273632049560547}","[2.465056037902832, 2.4757823944091797, 2.473641586303711, 2.4643327713012697, 2.4824544906616213, 2.4636959075927733, 2.461814308166504, 2.463385581970215, 2.4583456039428713, 2.4626079559326173]",[204.17910766601562],[1408.14599609375],[2121.554443359375],[11.81497573852539],[11.649920463562012],
2026-10-05T08:57:40.047919+00:00,continuous coefficient 2D,1,"uniform(2D,11)",S11,S9,C9,"AdditiveSchwarz(torch.float32, Inv(torch.float16), CUDSS, const_dofs_per_coarse=False)",False,10,10,10,25165824,301916160,{},6.814508081253031,"{'preprocessing time': 0.3468799889087677, 'coarse solver setup time': 1229.4803466796875, 'local solver setup time': 531.4550170898438, 'coarse solver solve time': 1.7595264434814453, 'local solver solve time': 1.7098880767822267}","[4.001187133789062, 4.008204650878906, 4.000735855102539, 4.001699066162109, 4.003177642822266, 4.002118301391602, 3.9990753173828124, 4.005923080444336, 4.000185775756836, 4.001712036132813]",[405.3648986816406],[1432.8673095703125],[3158.10302734375],[11.90060806274414],[11.460543632507324],
2026-10-05T08:57:47.437744+00:00,continuous coefficient 2D,1,"uniform(2D,11)",S11,S9,C9,"HybridSchwarz(torch.float32, Inv(torch.float16), CUDSS)",False,10,10,10,25165824,301916160,{},6.8140968398456465,"{'preprocessing time': 0.3154880106449127, 'coarse solver setup time': 1187.9974365234375, 'local solver setup time': 529.4876708984375, 'coarse solver solve time': 1.761859130859375, 'local solver solve time': 1.709891128540039}","[4.648681640625, 4.650719833374024, 4.649484634399414, 4.647951889038086, 4.647612762451172, 4.652870559692383, 4.6507518768310545, 4.648150253295898, 4.647881698608399, 4.645475387573242]",[623.4462280273438],[1412.7462158203125],[3564.02490234375],[11.539008140563965],[57.13679885864258],
2026-10-05T08:57:53.703313+00:00,continuous coefficient 2D,1,"uniform(2D,11)",S11,S10,C9,"AdditiveSchwarz(torch.float32, Inv(torch.float16), CUDSS, const_dofs_per_coarse=False)",False,10,10,10,25165824,301916160,{},6.814075237151731,"{'preprocessing time': 0.325439989566803, 'coarse solver setup time': 1251.887939453125, 'local solver setup time': 331.1824645996094, 'coarse solver solve time': 1.7596416473388672, 'local solver solve time': 0.5369056224822998}","[3.196691131591797, 3.2005695343017577, 3.196099281311035, 3.196214485168457, 3.195382308959961, 3.1956159591674806, 3.1936159133911133, 3.1947904586791993, 3.2020030975341798, 3.1950847625732424]",[540.03125],[1552.771484375],[2509.682373046875],[12.958080291748047],[10.9269437789917],
2026-10-05T08:57:59.837572+00:00,continuous coefficient 2D,1,"uniform(2D,11)",S11,S10,C9,"HybridSchwarz(torch.float32, Inv(torch.float16), CUDSS)",False,10,10,10,25165824,301916160,{},6.81394593744019,"{'preprocessing time': 0.3031040132045746, 'coarse solver setup time': 1168.2752685546875, 'local solver setup time': 313.2281188964844, 'coarse solver solve time': 1.758902359008789, 'local solver solve time': 0.5367424011230468}","[3.5468990325927736, 3.5375423431396484, 3.5402111053466796, 3.5370559692382812, 3.5399646759033203, 3.531315231323242, 3.538025665283203, 3.5533824920654298, 3.534918212890625, 3.557059097290039]",[202.99270629882812],[1403.8380126953125],[2854.034912109375],[11.532480239868164],[10.781791687011719],
2026-10-05T08:58:06.430245+00:00,continuous coefficient 2D,1,"uniform(2D,11)",S11,S11,C9,"AdditiveSchwarz(torch.float32, Inv(torch.float16), CUDSS, const_dofs_per_coarse=False)",False,10,10,10,25165824,301916160,{},6.814137205526932,"{'preprocessing time': 0.12272000312805176, 'coarse solver setup time': 1248.824462890625, 'local solver setup time': 310.7717590332031, 'coarse solver solve time': 1.7687807083129883, 'local solver solve time': 0.22711679935455323}","[3.0312288284301756, 3.04552001953125, 3.0377824783325194, 3.0327327728271483, 3.038835144042969, 3.0431520462036135, 3.035696029663086, 3.0451904296875, 3.0377824783325194, 3.037388801574707]",[251.21241760253906],[1394.2384033203125],[2366.39892578125],[11.12399959564209],[58.2217903137207],
2026-10-05T08:58:13.330452+00:00,continuous coefficient 2D,1,"uniform(2D,11)",S11,S11,C9,"HybridSchwarz(torch.float32, Inv(torch.float16), CUDSS)",False,10,10,10,25165824,301916160,{},6.8140951478092076,"{'preprocessing time': 0.1191679984331131, 'coarse solver setup time': 1162.58349609375, 'local solver setup time': 286.67071533203125, 'coarse solver solve time': 1.7629312515258788, 'local solver solve time': 0.22744638919830323}","[3.749599838256836, 3.7520736694335937, 3.763235092163086, 3.752646255493164, 3.752272033691406, 3.7583648681640627, 3.7504257202148437, 3.7567039489746095, 3.750089645385742, 3.7493568420410157]",[200.50473022460938],[1417.24072265625],[2700.83203125],[12.421728134155273],[61.871360778808594],
2026-10-05T08:58:22.009286+00:00,continuous coefficient 2D,1,"uniform(2D,11)",S11,S10,C10,"AdditiveSchwarz(torch.float32, Inv(torch.float16), CUDSS, const_dofs_per_coarse=False)",False,10,10,10,25165824,301916160,{},9.636309397773944,"{'preprocessing time': 0.44809600710868835, 'coarse solver setup time': 1932.8958740234375, 'local solver setup time': 290.2763671875, 'coarse solver solve time': 5.079801559448242, 'local solver solve time': 0.5370783805847168}","[6.526937866210938, 6.527104187011719, 6.530841827392578, 6.528217315673828, 6.53287353515625, 6.5312446594238285, 6.537289428710937, 6.531520080566406, 6.537913513183594, 6.5274658203125]",[226.92367553710938],[1446.610107421875],[4481.50390625],[12.084639549255371],[10.85647964477539],
2026-10-05T08:58:31.323439+00:00,continuous coefficient 2D,1,"uniform(2D,11)",S11,S10,C10,"HybridSchwarz(torch.float32, Inv(torch.float16), CUDSS)",False,10,10,10,25165824,301916160,{},9.636126841676289,"{'preprocessing time': 0.41785600781440735, 'coarse solver setup time': 1965.9818115234375, 'local solver setup time': 298.6659851074219, 'coarse solver solve time': 5.083283233642578, 'local solver solve time': 0.5361504077911377}","[7.019728088378907, 7.016086578369141, 7.00540771484375, 7.013785552978516, 7.010838317871094, 7.0074302673339846, 7.021961975097656, 7.012461090087891, 7.007759857177734, 7.005948638916015]",[211.4447021484375],[1412.992919921875],[4975.984375],[11.593536376953125],[58.96428680419922],
2026-10-05T08:58:41.036858+00:00,continuous coefficient 2D,1,"uniform(2D,11)",S11,S11,C10,"AdditiveSchwarz(torch.float32, Inv(torch.float16), CUDSS, const_dofs_per_coarse=False)",False,10,10,10,25165824,301916160,{},9.636200019547235,"{'preprocessing time': 0.4553599953651428, 'coarse solver setup time': 2016.1214599609375, 'local solver setup time': 269.86669921875, 'coarse solver solve time': 5.0923583984375, 'local solver solve time': 0.22781760692596437}","[7.938662719726563, 7.9398658752441404, 7.943968200683594, 7.949126434326172, 7.946707153320313, 7.94400634765625, 7.953206634521484, 7.937923431396484, 7.933695983886719, 7.9401405334472654]",[233.5773162841797],[1407.828369140625],[4423.88720703125],[11.58249568939209],[58.24550247192383],
2026-10-05T08:58:50.712570+00:00,continuous coefficient 2D,1,"uniform(2D,11)",S11,S11,C10,"HybridSchwarz(torch.float32, Inv(torch.float16), CUDSS)",False,10,10,10,25165824,301916160,{},9.63613758298086,"{'preprocessing time': 0.4597119987010956, 'coarse solver setup time': 1920.6240234375, 'local solver setup time': 263.8019714355469, 'coarse solver solve time': 5.092079925537109, 'local solver solve time': 0.2272576093673706}","[6.934246063232422, 6.916300964355469, 6.929523468017578, 6.917593383789063, 6.9219810485839846, 6.9264991760253904, 6.9181663513183596, 6.917692565917969, 6.920047760009766, 6.916329956054687]",[197.185791015625],[1415.95849609375],[4773.47900390625],[11.172767639160156],[11.533280372619629],
2026-10-05T08:59:11.911404+00:00,continuous coefficient 2D,1,"uniform(2D,11)",S11,S11,C11,"AdditiveSchwarz(torch.float32, Inv(torch.float16), CUDSS, const_dofs_per_coarse=False)",False,10,10,10,25165824,301916160,{},13.622905644192707,"{'preprocessing time': 0.9693120121955872, 'coarse solver setup time': 5016.91259765625, 'local solver setup time': 157.0714569091797, 'coarse solver solve time': 18.248374938964844, 'local solver solve time': 0.22866239547729492}","[21.317747497558592, 21.34466552734375, 21.32890167236328, 21.341033935546875, 21.34302978515625, 21.340623474121095, 21.316064453125, 21.341647338867187, 21.331503295898436, 21.322703552246093]",[201.77818298339844],[1409.43994140625],[12579.609375],[11.690624237060547],[15.057727813720703],
2026-10-05T08:59:33.613037+00:00,continuous coefficient 2D,1,"uniform(2D,11)",S11,S11,C11,"HybridSchwarz(torch.float32, Inv(torch.float16), CUDSS)",False,10,10,10,25165824,301916160,{},13.622825414077601,"{'preprocessing time': 0.993664026260376, 'coarse solver setup time': 5112.208984375, 'local solver setup time': 159.44493103027344, 'coarse solver solve time': 18.25245056152344, 'local solver solve time': 0.22729918956756592}","[20.648591613769533, 20.680390930175783, 20.644717407226562, 20.655926513671876, 20.65557403564453, 20.656185913085938, 20.66577911376953, 20.660719299316405, 20.694125366210937, 20.685273742675783]",[229.10643005371094],[1425.07666015625],[13117.6162109375],[11.034367561340332],[14.686112403869629],
